timestamp,image_path,dataset_name,processed_index,status,mean_abs_diff,median_abs_diff,p95_abs_diff,p99_abs_diff,max_abs_diff,area_ratio_above_threshold,cell_001_mean_abs_diff,cell_001_p95_abs_diff,cell_001_area_ratio_above_threshold,cell_002_mean_abs_diff,cell_002_p95_abs_diff,cell_002_area_ratio_above_threshold,cell_003_mean_abs_diff,cell_003_p95_abs_diff,cell_003_area_ratio_above_threshold,cell_004_mean_abs_diff,cell_004_p95_abs_diff,cell_004_area_ratio_above_threshold,cell_005_mean_abs_diff,cell_005_p95_abs_diff,cell_005_area_ratio_above_threshold,cell_006_mean_abs_diff,cell_006_p95_abs_diff,cell_006_area_ratio_above_threshold,cell_007_mean_abs_diff,cell_007_p95_abs_diff,cell_007_area_ratio_above_threshold,cell_008_mean_abs_diff,cell_008_p95_abs_diff,cell_008_area_ratio_above_threshold,cell_009_mean_abs_diff,cell_009_p95_abs_diff,cell_009_area_ratio_above_threshold,max_cell_p95_abs_diff,top2_cell_p95_abs_diff_mean,affected_cell_count,affected_cell_ratio
2025-03-01 08:00:00,sample_data/synthetic_test/phase_01/synthetic_20250301_080000.tif,synthetic_test,0,insufficient_reference,,,,,,,,,,,,,,,,,,,,,,,,,,,,,,,,,,,,,
2025-03-01 08:05:00,sample_data/synthetic_test/phase_01/synthetic_20250301_080500.tif,synthetic_test,1,insufficient_reference,,,,,,,,,,,,,,,,,,,,,,,,,,,,,,,,,,,,,
2025-03-01 08:10:00,sample_data/synthetic_test/phase_01/synthetic_20250301_081000.tif,synthetic_test,2,insufficient_reference,,,,,,,,,,,,,,,,,,,,,,,,,,,,,,,,,,,,,
2025-03-01 08:15:00,sample_data/synthetic_test/phase_01/synthetic_20250301_081500.tif,synthetic_test,3,insufficient_reference,,,,,,,,,,,,,,,,,,,,,,,,,,,,,,,,,,,,,
2025-03-01 08:20:00,sample_data/synthetic_test/phase_01/synthetic_20250301_082000.tif,synthetic_test,4,insufficient_reference,,,,,,,,,,,,,,,,,,,,,,,,,,,,,,,,,,,,,
2025-03-01 08:25:00,sample_data/synthetic_test/phase_01/synthetic_20250301_082500.tif,synthetic_test,5,insufficient_reference,,,,,,,,,,,,,,,,,,,,,,,,,,,,,,,,,,,,,
2025-03-01 08:30:00,sample_data/synthetic_test/phase_01/synthetic_20250301_083000.tif,synthetic_test,6,insufficient_reference,,,,,,,,,,,,,,,,,,,,,,,,,,,,,,,,,,,,,
2025-03-01 08:35:00,sample_data/synthetic_test/phase_01/synthetic_20250301_083500.tif,synthetic_test,7,insufficient_reference,,,,,,,,,,,,,,,,,,,,,,,,,,,,,,,,,,,,,
2025-03-01 08:40:00,sample_data/synthetic_test/phase_01/synthetic_20250301_084000.tif,synthetic_test,8,insufficient_reference,,,,,,,,,,,,,,,,,,,,,,,,,,,,,,,,,,,,,
2025-03-01 08:45:00,sample_data/synthetic_test/phase_01/synthetic_20250301_084500.tif,synthetic_test,9,insufficient_reference,,,,,,,,,,,,,,,,,,,,,,,,,,,,,,,,,,,,,
2025-03-01 08:50:00,sample_data/synthetic_test/phase_01/synthetic_20250301_085000.tif,synthetic_test,10,ok,20.25023078918457,10.5999755859375,99.05998229980469,164.89202880859375,219.9000244140625,0.15538893517232868,10.86663818359375,25.9000244140625,0.05981465880370682,10.149584770202637,24.5999755859375,0.045077433628318585,10.310132026672363,24.5999755859375,0.04624431970061481,80.11425018310547,152.0999755859375,0.8947072072072072,11.180170059204102,27.0,0.06536665751167262,10.793498039245605,25.0999755859375,0.0507399577167019,29.026132583618164,172.88502502441406,0.1597616345062429,10.637340545654297,24.65499496459961,0.04593837535014006,10.610505104064941,25.0949764251709,0.05024180548092423,172.88502502441406,162.49250030517578,6.0,0.6666666666666666
2025-03-01 08:55:00,sample_data/synthetic_test/phase_01/synthetic_20250301_085500.tif,synthetic_test,11,ok,17.241233825683594,8.29998779296875,88.5,156.7679901123047,221.20001220703125,0.121046622851677,8.471355438232422,20.4000244140625,0.017691659646166806,8.25334644317627,20.5,0.01631637168141593,8.443063735961914,20.79998779296875,0.019246190858059342,68.86863708496094,148.58998107910156,0.8147522522522522,8.974539756774902,22.9000244140625,0.033781928041746775,8.533324241638184,21.0,0.0177061310782241,28.077695846557617,162.38502502441406,0.1503972758229285,8.383389472961426,20.4000244140625,0.020448179271708684,8.403627395629883,20.29998779296875,0.015314347125201504,162.38502502441406,155.4875030517578,2.0,0.2222222222222222
2025-03-01 09:00:00,sample_data/synthetic_test/phase_01/synthetic_20250301_090000.tif,synthetic_test,12,ok,15.872050285339355,7.9000244140625,77.699951171875,151.300048828125,218.20001220703125,0.10697645715696258,8.083768844604492,19.4000244140625,0.011232799775344004,8.090652465820312,19.79998779296875,0.011891592920353982,8.05126953125,19.70001220703125,0.010959636460839348,58.224151611328125,145.800048828125,0.7055180180180181,8.583300590515137,21.0,0.021422686075254053,8.250475883483887,20.5,0.014799154334038054,27.996143341064453,154.0,0.16657207718501701,8.219271659851074,19.9000244140625,0.017086834733893556,8.346319198608398,20.0,0.01585169263836647,154.0,149.9000244140625,2.0,0.2222222222222222
2025-03-01 09:05:00,sample_data/synthetic_test/phase_01/synthetic_20250301_090500.tif,synthetic_test,13,ok,15.056511878967285,8.5,62.4000244140625,139.583984375,207.70001220703125,0.10250239131105557,8.767115592956543,21.79998779296875,0.02274641954507161,8.746736526489258,21.4000244140625,0.022400442477876106,8.871450424194336,22.29998779296875,0.024325046778936113,46.94329833984375,136.5,0.5802364864864865,9.14844799041748,22.5,0.025267783575940676,8.900264739990234,21.5,0.021141649048625793,26.440494537353516,136.16995239257812,0.18019296254256525,9.231260299682617,22.29998779296875,0.02773109243697479,9.21348762512207,22.695011138916016,0.030091348737238045,136.5,136.33497619628906,2.0,0.2222222222222222
2025-03-01 09:10:00,sample_data/synthetic_test/phase_01/synthetic_20250301_091000.tif,synthetic_test,14,ok,14.750835418701172,9.79998779296875,44.699989318847656,117.48400115966797,203.0999755859375,0.10777870344657348,10.025358200073242,23.70001220703125,0.03706823925863521,10.135149955749512,24.024993896484375,0.04092920353982301,10.153246879577637,24.20001220703125,0.039026998128842555,36.73068618774414,119.44501495361328,0.4653716216216216,10.506976127624512,24.5999755859375,0.04476792090085142,10.602537155151367,25.20001220703125,0.052061310782241015,23.757604598999023,108.97000885009766,0.19948921679909193,10.614229202270508,24.29998779296875,0.04257703081232493,10.654702186584473,25.5,0.05588393336915637,119.44501495361328,114.20751190185547,4.0,0.4444444444444444
2025-03-01 09:15:00,sample_data/synthetic_test/phase_01/synthetic_20250301_091500.tif,synthetic_test,15,ok,14.616479873657227,10.79998779296875,36.0,101.59197998046875,212.5999755859375,0.1112962448702521,11.151192665100098,25.70001220703125,0.05700645885987082,11.453014373779297,26.124984741210938,0.06305309734513274,11.334670066833496,25.70001220703125,0.05800588078053996,29.641525268554688,105.800048828125,0.34515765765765766,12.289095878601074,26.79998779296875,0.0700357044767921,11.55724048614502,26.4000244140625,0.06659619450317125,21.532291412353516,85.9000244140625,0.20601589103291715,11.512577056884766,26.5,0.0680672268907563,11.78825855255127,26.79498863220215,0.07281031703385277,105.800048828125,95.85003662109375,9.0,1.0
2025-03-01 09:20:00,sample_data/synthetic_test/phase_01/synthetic_20250301_092000.tif,synthetic_test,16,ok,14.27699089050293,11.0,32.29998779296875,100.99200439453125,203.5,0.10740843592829152,11.431086540222168,25.9000244140625,0.06009547879809042,11.749364852905273,26.725006103515625,0.07051991150442478,11.823576927185059,26.4000244140625,0.06762897620956963,24.95208168029785,103.28998565673828,0.26210585585585583,13.139604568481445,28.20001220703125,0.08514144465806098,11.939931869506836,27.4000244140625,0.0824524312896406,20.104482650756836,76.87001037597656,0.19409761634506242,11.879524230957031,27.4000244140625,0.0803921568627451,11.925792694091797,26.70001220703125,0.06851155292853305,103.28998565673828,90.07999801635742,9.0,1.0
2025-03-01 09:25:00,sample_data/synthetic_test/phase_01/synthetic_20250301_092500.tif,synthetic_test,17,ok,14.404925346374512,10.5,30.5,136.6839599609375,221.5,0.09318399210095961,11.083263397216797,25.5,0.05475989890480202,11.25614070892334,25.5,0.05503318584070797,11.02125072479248,25.20001220703125,0.051055867415129644,27.406982421875,141.70497131347656,0.22409909909909909,14.363361358642578,28.0999755859375,0.07800054929964295,11.73218822479248,27.5999755859375,0.0776955602536998,20.466289520263672,97.92500305175781,0.16203178206583427,11.629775047302246,26.9000244140625,0.07366946778711485,11.665637016296387,26.895023345947266,0.07173562600752284,141.70497131347656,119.81498718261719,9.0,1.0
2025-03-01 09:30:00,sample_data/synthetic_test/phase_01/synthetic_20250301_093000.tif,synthetic_test,18,ok,15.06139087677002,9.20001220703125,30.29998779296875,180.69195556640625,231.5999755859375,0.08013206208152057,9.938331604003906,23.5,0.03706823925863521,10.290348052978516,24.20001220703125,0.04286504424778761,10.123282432556152,23.79998779296875,0.035017375033413525,35.6484489440918,183.04498291015625,0.2311373873873874,15.994699478149414,29.5999755859375,0.08321889590771767,10.223546028137207,24.70001220703125,0.0459830866807611,24.01878547668457,137.06997680664062,0.16316685584562995,10.222352027893066,24.5999755859375,0.04453781512605042,10.442879676818848,24.895023345947266,0.04674905964535196,183.04498291015625,160.05747985839844,3.0,0.3333333333333333
2025-03-01 09:35:00,sample_data/synthetic_test/phase_01/synthetic_20250301_093500.tif,synthetic_test,19,ok,15.692273139953613,8.0,34.20001220703125,189.09197998046875,220.9000244140625,0.07288098984849888,8.67702865600586,21.29998779296875,0.02134231957315361,8.891426086425781,21.9000244140625,0.025442477876106196,9.044612884521484,21.79998779296875,0.022453889334402566,44.85847473144531,189.5999755859375,0.27871621621621623,17.041608810424805,36.79998779296875,0.07278220269156825,9.064825057983398,22.29998779296875,0.027219873150105708,27.12454605102539,168.0999755859375,0.16600454029511919,9.176274299621582,22.2549991607666,0.02689075630252101,9.056690216064453,22.5949764251709,0.02874798495432563,189.5999755859375,178.8499755859375,3.0,0.3333333333333333
2025-03-01 09:40:00,sample_data/synthetic_test/phase_01/synthetic_20250301_094000.tif,synthetic_test,20,ok,17.12058448791504,7.4000244140625,115.69998931884766,195.9000244140625,236.5,0.07649109815174797,7.962172508239746,19.29998779296875,0.011513619769727604,8.07405948638916,19.9000244140625,0.011061946902654867,8.059048652648926,19.5999755859375,0.013900026730820636,58.99591827392578,197.5349884033203,0.36289414414414417,20.455204010009766,161.800048828125,0.09035979126613568,8.179122924804688,20.26998519897461,0.012420718816067653,28.413904190063477,162.58497619628906,0.17423382519863792,8.19705867767334,20.05498695373535,0.015126050420168067,8.105856895446777,19.9000244140625,0.012090274046211715,197.5349884033203,180.0599822998047,3.0,0.3333333333333333
2025-03-01 09:45:00,sample_data/synthetic_test/phase_01/synthetic_20250301_094500.tif,synthetic_test,21,ok,19.512563705444336,8.20001220703125,133.9000244140625,198.9000244140625,229.79998779296875,0.0968249560307322,8.416821479797363,20.5999755859375,0.015725919685481607,8.671460151672363,20.524993896484375,0.01991150442477876,8.339614868164062,20.79998779296875,0.020850040096230954,74.95320129394531,200.78997802734375,0.47466216216216217,25.723783493041992,182.70001220703125,0.12606426805822576,8.685254096984863,21.185007095336914,0.02061310782241015,25.882036209106445,139.95498657226562,0.17366628830874006,8.769804000854492,21.29998779296875,0.019887955182072828,8.810558319091797,21.4000244140625,0.02015045674368619,200.78997802734375,191.7449951171875,3.0,0.3333333333333333
2025-03-01 09:50:00,sample_data/synthetic_test/phase_01/synthetic_20250301_095000.tif,synthetic_test,22,ok,22.6614990234375,10.5,140.199951171875,200.99200439453125,242.29998779296875,0.13891203060878152,10.41207504272461,24.4000244140625,0.04493119910137602,10.644000053405762,24.79998779296875,0.04839601769911504,10.385672569274902,24.4000244140625,0.042502004811547714,87.52449035644531,203.54498291015625,0.5951576576576577,30.9901123046875,188.70001220703125,0.17577588574567427,10.821828842163086,25.5,0.05628964059196617,24.350000381469727,119.800048828125,0.1989216799091941,10.838318824768066,25.29998779296875,0.05322128851540616,10.781272888183594,25.695011138916016,0.054809242342826435,203.54498291015625,196.12249755859375,6.0,0.6666666666666666
2025-03-01 09:55:00,sample_data/synthetic_test/phase_01/synthetic_20250301_095500.tif,synthetic_test,23,ok,26.71987533569336,14.79998779296875,141.699951171875,203.70001220703125,252.5999755859375,0.21278040050603228,13.92094898223877,29.4000244140625,0.11373209772535804,13.769553184509277,29.0,0.11006637168141593,13.800989151000977,29.5999755859375,0.1173483025928896,95.61784362792969,203.5999755859375,0.7021396396396397,39.3887939453125,200.0999755859375,0.27053007415545177,14.3062105178833,30.185007095336914,0.12394291754756871,23.58930206298828,94.66996002197266,0.23978433598183882,14.375517845153809,30.5,0.1296918767507003,14.43954849243164,30.70001220703125,0.12976894142933906,203.5999755859375,201.8499755859375,9.0,1.0
2025-03-01 10:00:00,sample_data/synthetic_test/phase_01/synthetic_20250301_100000.tif,synthetic_test,24,ok,31.517988204956055,19.5,146.800048828125,214.9000244140625,251.79998779296875,0.3245703354006603,17.495647430419922,33.70001220703125,0.21454647570907048,17.96302604675293,34.12498474121094,0.22676991150442477,17.869340896606445,34.0,0.2218658112804063,104.07125091552734,210.14498901367188,0.8032094594594594,50.3096923828125,215.79998779296875,0.41307333150233455,18.547304153442383,35.0,0.257399577167019,23.646198272705078,71.66996002197266,0.31526674233825197,18.502578735351562,35.0999755859375,0.2535014005602241,18.239334106445312,34.195011138916016,0.24019344438473939,215.79998779296875,212.9724884033203,9.0,1.0
2025-03-01 10:05:00,sample_data/synthetic_test/phase_01/synthetic_20250301_100500.tif,synthetic_test,25,ok,35.74507141113281,23.70001220703125,149.3600311279297,221.4000244140625,263.0999755859375,0.45166466105094266,23.966384887695312,38.70001220703125,0.36029205279415893,21.832191467285156,37.12498474121094,0.365320796460177,21.85356903076172,38.5,0.36728147554129914,104.76530456542969,210.88999938964844,0.8499436936936937,60.800880432128906,223.79998779296875,0.5484756934907993,22.4080867767334,39.20001220703125,0.3892706131078224,24.300085067749023,48.454994201660156,0.40635641316685583,22.626832962036133,39.79998779296875,0.4016806722689076,22.34478759765625,39.195011138916016,0.3906501880709296,223.79998779296875,217.3449935913086,9.0,1.0
2025-03-01 10:10:00,sample_data/synthetic_test/phase_01/synthetic_20250301_101000.tif,synthetic_test,26,ok,39.011260986328125,27.0999755859375,151.1599578857422,225.2919921875,265.4000244140625,0.569378876238082,33.63920211791992,48.5999755859375,0.5127773097444538,28.593280792236328,43.5,0.5107853982300885,24.867013931274414,41.20001220703125,0.49478748997594224,96.7098617553711,193.19998168945312,0.8499436936936937,67.80917358398438,224.0999755859375,0.6630046690469651,25.901138305664062,42.70001220703125,0.5399048625792812,25.393360137939453,44.28499221801758,0.5079455164585698,25.761232376098633,42.25499725341797,0.5369747899159664,25.840408325195312,42.4000244140625,0.523374529822676,224.0999755859375,208.6499786376953,9.0,1.0
2025-03-01 10:15:00,sample_data/synthetic_test/phase_01/synthetic_20250301_101500.tif,synthetic_test,27,ok,40.7131462097168,29.20001220703125,147.699951171875,225.6920166015625,266.4000244140625,0.6414267641704465,39.71028137207031,210.0,0.6026397079472059,35.72298049926758,50.25001525878906,0.5926438053097345,27.488399505615234,43.70001220703125,0.5928896017107725,86.04867553710938,177.7799835205078,0.8496621621621622,69.98190307617188,218.5,0.7311178247734139,28.09143829345703,45.08498001098633,0.6149577167019028,26.711605072021484,43.4000244140625,0.5751986379114642,27.890562057495117,44.5,0.6184873949579832,27.948091506958008,45.20001220703125,0.6029016657710908,218.5,214.25,9.0,1.0
2025-03-01 10:20:00,sample_data/synthetic_test/phase_01/synthetic_20250301_102000.tif,synthetic_test,28,ok,42.047462463378906,30.5,148.4000244140625,232.0999755859375,275.0999755859375,0.6849023419420531,45.05192565917969,206.5999755859375,0.664981746700365,46.137996673583984,226.95001220703125,0.6733960176991151,28.603660583496094,45.29998779296875,0.6327185244587009,76.01258087158203,163.2449951171875,0.8144707207207207,69.67488861083984,210.0,0.7624279044218621,29.54046058654785,46.5999755859375,0.671247357293869,27.858909606933594,44.4000244140625,0.6223041997729852,29.14266014099121,45.4000244140625,0.6605042016806723,29.412439346313477,46.29998779296875,0.6668457818377217,226.95001220703125,218.47500610351562,9.0,1.0
2025-03-01 10:25:00,sample_data/synthetic_test/phase_01/synthetic_20250301_102500.tif,synthetic_test,29,ok,41.85801315307617,30.5999755859375,145.800048828125,228.9000244140625,270.0999755859375,0.6857971551112345,47.422916412353516,206.5,0.6795843864083123,53.58041763305664,230.5,0.6797566371681416,28.915023803710938,45.20001220703125,0.6498262496658648,67.53620147705078,152.34503173828125,0.7716779279279279,65.36344909667969,193.4000244140625,0.7640758033507278,29.79529571533203,46.5999755859375,0.679968287526427,28.314725875854492,44.70001220703125,0.6328036322360954,29.402324676513672,46.4000244140625,0.6568627450980392,29.319747924804688,46.4000244140625,0.6646963997850618,230.5,218.5,9.0,1.0
2025-03-01 10:30:00,sample_data/synthetic_test/phase_01/synthetic_20250301_103000.tif,synthetic_test,30,ok,40.63579559326172,29.4000244140625,142.8600311279297,227.39202880859375,276.5,0.6486469807769447,46.36652755737305,198.0999755859375,0.6433586071328279,60.654842376708984,233.5999755859375,0.6675884955752213,27.54723358154297,43.9000244140625,0.6001069232825448,60.346961975097656,144.44500732421875,0.7342342342342343,61.396732330322266,177.199951171875,0.7448503158472947,28.368736267089844,45.78499221801758,0.6284355179704016,27.512542724609375,44.0,0.5902383654937571,28.01521110534668,44.9000244140625,0.6112044817927171,28.337963104248047,45.19495391845703,0.6265448683503493,233.5999755859375,215.8499755859375,9.0,1.0
2025-03-01 10:35:00,sample_data/synthetic_test/phase_01/synthetic_20250301_103500.tif,synthetic_test,31,ok,38.70248031616211,27.20001220703125,143.0,226.49200439453125,278.20001220703125,0.5749020333857879,43.54164505004883,183.79998779296875,0.5641673687166526,67.38882446289062,234.84999084472656,0.6313606194690266,25.270061492919922,41.70001220703125,0.5038759689922481,54.658363342285156,144.54498291015625,0.6863738738738738,56.493568420410156,161.0,0.676737160120846,25.91733741760254,43.0999755859375,0.5266913319238901,25.59177017211914,42.0999755859375,0.5175936435868331,26.01308250427246,42.5999755859375,0.5386554621848739,26.198871612548828,43.2950439453125,0.5400322407307899,234.84999084472656,209.32498931884766,9.0,1.0
2025-03-01 10:40:00,sample_data/synthetic_test/phase_01/synthetic_20250301_104000.tif,synthetic_test,32,ok,35.9344482421875,24.199951171875,143.760009765625,224.1920166015625,265.0,0.47159739578512144,39.279415130615234,166.800048828125,0.4594215108115698,72.57738494873047,233.29998779296875,0.5757743362831859,22.510906219482422,38.5,0.4028334669874365,49.346534729003906,146.28997802734375,0.6072635135135135,51.56081008911133,154.4000244140625,0.6025817083218896,22.73980140686035,39.800048828125,0.40512684989429176,22.4782657623291,39.38501739501953,0.3955732122587968,22.9744815826416,40.0,0.40980392156862744,22.496536254882812,39.0,0.3981730252552391,233.29998779296875,200.05001831054688,9.0,1.0
2025-03-01 10:45:00,sample_data/synthetic_test/phase_01/synthetic_20250301_104500.tif,synthetic_test,33,ok,31.3700008392334,19.800048828125,134.800048828125,210.59197998046875,263.0999755859375,0.3382085223240458,33.472957611083984,141.0999755859375,0.33529907329401853,70.0537338256836,222.02499389648438,0.49363938053097345,18.101951599121094,33.9000244140625,0.23710237904303663,43.24684524536133,141.34503173828125,0.5028153153153153,45.73020935058594,150.800048828125,0.48942598187311176,18.44849395751953,34.800048828125,0.24445031712473572,18.21305274963379,33.9000244140625,0.23467650397275822,18.658288955688477,35.0,0.26134453781512607,18.78385353088379,35.69495391845703,0.2641053197205803,222.02499389648438,186.4125213623047,9.0,1.0
2025-03-01 10:50:00,sample_data/synthetic_test/phase_01/synthetic_20250301_105000.tif,synthetic_test,34,ok,27.561378479003906,15.4000244140625,133.800048828125,205.7919921875,260.70001220703125,0.23632324354346015,28.939651489257812,134.5999755859375,0.24038191519236168,69.82215118408203,221.52499389648438,0.4540929203539823,14.216493606567383,29.5999755859375,0.11788291900561347,37.65309524536133,140.199951171875,0.39442567567567566,41.69549560546875,157.0999755859375,0.3987915407854985,14.436415672302246,29.9000244140625,0.13107822410147993,14.218417167663574,29.885028839111328,0.13195232690124858,14.471202850341797,30.4000244140625,0.1341736694677871,14.750833511352539,31.0999755859375,0.14347125201504568,221.52499389648438,189.31248474121094,9.0,1.0
2025-03-01 10:55:00,sample_data/synthetic_test/phase_01/synthetic_20250301_105500.tif,synthetic_test,35,ok,23.521282196044922,11.0999755859375,126.15995788574219,202.5,253.4000244140625,0.16655867197383442,26.09604263305664,136.699951171875,0.19011513619769727,64.99571228027344,213.4000244140625,0.4435840707964602,10.71547794342041,24.79998779296875,0.04731355252606255,31.43409538269043,128.28997802734375,0.3060247747747748,37.67497634887695,160.199951171875,0.32463608898654217,10.751110076904297,25.300048828125,0.05470401691331924,10.495914459228516,24.79998779296875,0.04738933030646992,10.84117603302002,25.4000244140625,0.05434173669467787,10.869210243225098,25.2950439453125,0.05212251477700161,213.4000244140625,186.79998779296875,7.0,0.7777777777777778
2025-03-01 11:00:00,sample_data/synthetic_test/phase_01/synthetic_20250301_110000.tif,synthetic_test,36,ok,20.164819717407227,8.5999755859375,113.4000244140625,190.26805114746094,247.79998779296875,0.13206208152056528,23.3726749420166,129.699951171875,0.15725919685481607,57.60049819946289,196.62498474121094,0.4245022123893805,8.538518905639648,20.9000244140625,0.01603849238171612,25.46833038330078,111.7449951171875,0.2483108108108108,33.42705154418945,154.9000244140625,0.27437517165613845,8.751639366149902,20.9000244140625,0.02087737843551797,8.7006254196167,21.29998779296875,0.019296254256526674,8.779887199401855,21.05498695373535,0.023249299719887956,8.709403038024902,21.4000244140625,0.022837184309511014,196.62498474121094,175.76250457763672,4.0,0.4444444444444444
2025-03-01 11:05:00,sample_data/synthetic_test/phase_01/synthetic_20250301_110500.tif,synthetic_test,37,ok,18.250694274902344,7.9000244140625,100.300048828125,181.300048828125,251.0,0.11873245086241477,22.151418685913086,127.9000244140625,0.14939623701207527,51.60271072387695,184.52499389648438,0.40763274336283184,8.01785659790039,19.5,0.012028869286287089,20.791749954223633,94.78998565673828,0.19847972972972974,30.798572540283203,150.300048828125,0.24883273825872013,8.233430862426758,20.0,0.018234672304439745,7.95346212387085,20.0,0.017309875141884222,8.070281028747559,19.85503578186035,0.015966386554621848,8.264373779296875,20.800048828125,0.018269747447608814,184.52499389648438,167.4125213623047,4.0,0.4444444444444444
2025-03-01 11:10:00,sample_data/synthetic_test/phase_01/synthetic_20250301_111000.tif,synthetic_test,38,ok,16.927480697631836,8.5,81.760009765625,164.38401794433594,252.5999755859375,0.11003116418278873,21.570344924926758,119.0999755859375,0.14377983712440326,42.856529235839844,164.19996643066406,0.367533185840708,8.736220359802246,21.70001220703125,0.02058273188986902,17.703125,78.14496612548828,0.16244369369369369,27.300579071044922,136.699951171875,0.22219170557539136,8.95417594909668,21.699951171875,0.02536997885835095,8.703461647033691,21.29998779296875,0.02185017026106697,8.835965156555176,21.5999755859375,0.018487394957983194,9.005481719970703,21.9000244140625,0.02229983879634605,164.19996643066406,150.44995880126953,4.0,0.4444444444444444
2025-03-01 11:15:00,sample_data/synthetic_test/phase_01/synthetic_20250301_111500.tif,synthetic_test,39,ok,16.09639549255371,9.70001220703125,60.5999755859375,140.199951171875,236.20001220703125,0.11651084575272301,20.936901092529297,110.699951171875,0.14911541701769165,33.86081314086914,132.32504272460938,0.32383849557522126,9.9685640335083,23.9000244140625,0.03929430633520449,16.031953811645508,57.9900016784668,0.147240990990991,23.805849075317383,113.300048828125,0.21560010985992858,10.478673934936523,25.300048828125,0.0531183932346723,10.077610969543457,23.800048828125,0.03916004540295119,10.38868236541748,24.4000244140625,0.044257703081232495,10.243202209472656,24.5999755859375,0.04648038688876948,132.32504272460938,122.81254577636719,5.0,0.5555555555555556
2025-03-01 11:20:00,sample_data/synthetic_test/phase_01/synthetic_20250301_112000.tif,synthetic_test,40,ok,15.754128456115723,10.79998779296875,43.96001052856445,122.79203796386719,246.79998779296875,0.11857817272979727,20.560094833374023,103.0,0.15276607694467847,28.065792083740234,110.24996948242188,0.27876106194690264,11.211200714111328,26.0999755859375,0.0590751136059877,14.673789978027344,42.74496841430664,0.12556306306306306,22.205026626586914,95.4000244140625,0.20461411700082394,11.372885704040527,26.885028839111328,0.06923890063424948,11.337967872619629,25.5,0.056753688989784334,11.358206748962402,26.0,0.060784313725490195,11.695242881774902,26.7950439453125,0.06904889844169801,110.24996948242188,106.62498474121094,9.0,1.0
2025-03-01 11:25:00,sample_data/synthetic_test/phase_01/synthetic_20250301_112500.tif,synthetic_test,41,ok,15.402826309204102,11.0,34.70001220703125,126.68395233154297,242.699951171875,0.11675769076491098,20.126060485839844,90.9000244140625,0.15136197697276046,24.791095733642578,108.32504272460938,0.23506637168141592,11.619246482849121,26.79998779296875,0.07163859930499866,13.611796379089355,32.0,0.10810810810810811,21.316699981689453,85.5,0.18758582806921176,11.880338668823242,26.885028839111328,0.07188160676532769,11.886124610900879,26.70001220703125,0.0746311010215664,11.85058879852295,27.300048828125,0.07450980392156863,12.099597930908203,28.0,0.08248253627082214,108.32504272460938,99.61253356933594,9.0,1.0
2025-03-01 11:30:00,sample_data/synthetic_test/phase_01/synthetic_20250301_113000.tif,synthetic_test,42,ok,15.439144134521484,10.5,31.9000244140625,166.88401794433594,254.699951171875,0.09910827239347095,18.534482955932617,74.699951171875,0.13647851727042964,26.23371124267578,154.69998168945312,0.1933075221238938,11.190457344055176,25.0999755859375,0.051055867415129644,12.30264663696289,27.44501304626465,0.07657657657657657,24.932132720947266,157.0,0.16176874485031584,11.66284465789795,27.199951171875,0.07452431289640592,11.176759719848633,25.70001220703125,0.05618615209988649,11.819832801818848,27.199951171875,0.07647058823529412,11.577350616455078,26.9950008392334,0.06985491671144546,157.0,155.84999084472656,9.0,1.0
2025-03-01 11:35:00,sample_data/synthetic_test/phase_01/synthetic_20250301_113500.tif,synthetic_test,43,ok,15.719850540161133,9.4000244140625,30.9000244140625,198.699951171875,261.800048828125,0.08232281156468882,17.821792602539062,70.5,0.11541701769165964,30.586505889892578,183.5999755859375,0.18058628318584072,10.27377700805664,24.20001220703125,0.040096230954290296,11.572775840759277,25.44501304626465,0.05489864864864865,29.841638565063477,192.0,0.16753639110134577,10.519026756286621,25.0,0.04994714587737843,10.341089248657227,24.284992218017578,0.04228149829738933,10.607422828674316,24.95501136779785,0.049019607843137254,10.573561668395996,24.7950439453125,0.04782375067168189,192.0,187.79998779296875,4.0,0.4444444444444444
2025-03-01 11:40:00,sample_data/synthetic_test/phase_01/synthetic_20250301_114000.tif,synthetic_test,44,ok,16.64505958557129,8.0999755859375,33.5,223.38401794433594,258.4000244140625,0.07297355672806936,17.38534164428711,81.5,0.09154731816905363,38.574554443359375,214.52499389648438,0.20962389380530974,8.909409523010254,21.70001220703125,0.023255813953488372,11.651408195495605,22.70001220703125,0.03688063063063063,38.032737731933594,217.0,0.1939027739631969,9.076824188232422,22.084980010986328,0.02510570824524313,8.82289981842041,21.5,0.02553916004540295,9.293949127197266,22.800048828125,0.03137254901960784,9.094948768615723,22.0999755859375,0.025792584631918324,217.0,215.7624969482422,3.0,0.3333333333333333
2025-03-01 11:45:00,sample_data/synthetic_test/phase_01/synthetic_20250301_114500.tif,synthetic_test,45,ok,18.527029037475586,7.4000244140625,122.9800033569336,231.59197998046875,263.29998779296875,0.07849671387577525,17.2537784576416,94.300048828125,0.08284189834316204,48.204952239990234,220.800048828125,0.259679203539823,8.119887351989746,20.5,0.01603849238171612,13.887218475341797,23.7450008392334,0.04420045045045045,47.82612228393555,231.5999755859375,0.24169184290030213,8.275052070617676,20.4000244140625,0.02087737843551797,7.778234004974365,19.79998779296875,0.014188422247446084,8.302072525024414,20.15496253967285,0.016526610644257703,8.252659797668457,20.800048828125,0.017732401934443847,231.5999755859375,226.20001220703125,3.0,0.3333333333333333
2025-03-01 11:50:00,sample_data/synthetic_test/phase_01/synthetic_20250301_115000.tif,synthetic_test,46,ok,20.939647674560547,7.800048828125,152.2200164794922,233.699951171875,272.70001220703125,0.09429479465580548,17.60589599609375,96.0,0.08901993821960123,56.04732131958008,219.17498779296875,0.3260508849557522,8.23098087310791,20.29998779296875,0.01657310879443999,17.457151412963867,28.7450008392334,0.06137387387387387,57.288875579833984,236.4000244140625,0.2977204064817358,8.24357795715332,20.5,0.017177589852008457,8.364301681518555,20.5,0.015891032917139614,8.327170372009277,20.699951171875,0.01680672268907563,8.508007049560547,20.8950252532959,0.017732401934443847,236.4000244140625,227.78750610351562,4.0,0.4444444444444444
2025-03-01 11:55:00,sample_data/synthetic_test/phase_01/synthetic_20250301_115500.tif,synthetic_test,47,ok,24.46187400817871,10.0999755859375,165.9000244140625,237.09197998046875,278.20001220703125,0.13061186707396094,18.35110855102539,85.0999755859375,0.09912945801741084,62.08921432495117,215.0999755859375,0.4004424778761062,10.085351943969727,23.4000244140625,0.03688853247794707,23.08550262451172,185.77996826171875,0.10613738738738739,66.99879455566406,244.199951171875,0.3666575116726174,10.526056289672852,24.800048828125,0.04730443974630021,10.157662391662598,24.29998779296875,0.04228149829738933,10.337617874145508,24.199951171875,0.04285714285714286,10.266657829284668,24.5,0.043793659322944656,244.199951171875,229.64996337890625,4.0,0.4444444444444444
2025-03-01 12:00:00,sample_data/synthetic_test/phase_01/synthetic_20250301_120000.tif,synthetic_test,48,ok,29.296735763549805,14.20001220703125,173.5599822998047,245.199951171875,283.9000244140625,0.20244376562066094,20.291797637939453,77.699951171875,0.15080033698399326,66.54997253417969,213.199951171875,0.4742809734513274,13.395776748657227,28.70001220703125,0.0954290296712109,32.37820816040039,219.54498291015625,0.18947072072072071,78.37025451660156,251.0,0.47761603954957427,13.736918449401855,29.5999755859375,0.11284355179704017,13.385414123535156,29.0,0.10272417707150965,13.829889297485352,29.7550048828125,0.11624649859943978,13.672810554504395,29.199951171875,0.11472326706072004,251.0,235.27249145507812,9.0,1.0
2025-03-01 12:05:00,sample_data/synthetic_test/phase_01/synthetic_20250301_120500.tif,synthetic_test,49,ok,33.6596794128418,19.0,173.0,246.2919921875,301.0999755859375,0.30824770896973064,23.529205322265625,65.0999755859375,0.2479640550407189,65.48778533935547,201.125,0.5318030973451328,17.636489868164062,33.5999755859375,0.21545041432771986,38.739749908447266,228.30001831054688,0.29363738738738737,88.52554321289062,253.5,0.5866520186761879,17.945112228393555,34.79998779296875,0.23414376321353064,17.486494064331055,33.9000244140625,0.20885357548240635,17.79361343383789,34.5,0.2330532212885154,17.875202178955078,34.699951171875,0.23213326168726492,253.5,240.90000915527344,9.0,1.0
2025-03-01 12:10:00,sample_data/synthetic_test/phase_01/synthetic_20250301_121000.tif,synthetic_test,50,ok,38.06235122680664,23.0999755859375,176.300048828125,256.7840576171875,300.9000244140625,0.43620599216267086,26.044904708862305,54.20001220703125,0.3866891322662174,59.597984313964844,182.9000244140625,0.5727323008849557,20.904115676879883,36.9000244140625,0.3384121892542101,47.12910842895508,234.54498291015625,0.44763513513513514,104.49922943115234,263.300048828125,0.7102444383411151,22.25483512878418,39.0999755859375,0.3905919661733615,21.246793746948242,38.20001220703125,0.34931895573212257,21.667591094970703,38.0999755859375,0.37142857142857144,21.746885299682617,39.09497833251953,0.36727565824825364,263.300048828125,248.92251586914062,9.0,1.0
2025-03-01 12:15:00,sample_data/synthetic_test/phase_01/synthetic_20250301_121500.tif,synthetic_test,51,ok,41.64474105834961,26.70001220703125,177.9000244140625,262.79205322265625,303.29998779296875,0.555894967447314,27.95785140991211,49.5999755859375,0.4891884302162314,51.50082778930664,157.17498779296875,0.6313606194690266,24.527372360229492,40.79998779296875,0.4808874632451216,54.71052932739258,246.63502502441406,0.5743243243243243,117.64789581298828,268.5999755859375,0.7951112331776984,25.31551170349121,41.800048828125,0.5110993657505285,24.934450149536133,41.08498001098633,0.5005675368898979,25.20473289489746,41.800048828125,0.511204481792717,25.33514404296875,42.0999755859375,0.5169263836646965,268.5999755859375,257.6175003051758,9.0,1.0
2025-03-01 12:20:00,sample_data/synthetic_test/phase_01/synthetic_20250301_122000.tif,synthetic_test,52,ok,44.230648040771484,29.29998779296875,177.5,266.89202880859375,309.199951171875,0.6420438767009164,29.398988723754883,48.79998779296875,0.5765234484695311,44.82585525512695,130.04998779296875,0.6720132743362832,27.396499633789062,43.79998779296875,0.58700882117081,61.19260025024414,252.47000122070312,0.6590653153153153,126.31824493408203,272.199951171875,0.861301840153804,27.57357406616211,44.48500442504883,0.6043868921775899,27.375200271606445,43.58498001098633,0.583427922814983,28.24053382873535,44.9000244140625,0.6196078431372549,28.02377700805664,44.7950439453125,0.6176786673831274,272.199951171875,262.33497619628906,9.0,1.0
2025-03-01 12:25:00,sample_data/synthetic_test/phase_01/synthetic_20250301_122500.tif,synthetic_test,53,ok,45.04521942138672,30.699951171875,172.4000244140625,264.59197998046875,317.5,0.6870622357986979,30.06461524963379,48.5999755859375,0.6433586071328279,38.57245635986328,105.95001220703125,0.660674778761062,28.61692237854004,45.0,0.6383319967923016,64.87026977539062,253.08998107910156,0.7173423423423423,128.44369506835938,268.5999755859375,0.8939851689096402,29.386417388916016,46.300048828125,0.662262156448203,28.73260498046875,45.20001220703125,0.6467082860385925,29.361064910888672,46.300048828125,0.6624649859943977,29.551395416259766,46.5,0.668189145620634,268.5999755859375,260.84497833251953,9.0,1.0
2025-03-01 12:30:00,sample_data/synthetic_test/phase_01/synthetic_20250301_123000.tif,synthetic_test,54,ok,45.34579849243164,30.79998779296875,173.300048828125,269.199951171875,310.5,0.6918757135363633,29.25973129272461,46.4000244140625,0.643920247121595,33.70166015625,83.14999389648438,0.641316371681416,28.760652542114258,44.9000244140625,0.644747393744988,71.93389129638672,260.9350280761719,0.7412725225225225,125.91471862792969,263.199951171875,0.9055204614117001,29.638214111328125,46.4000244140625,0.6693974630021141,28.976757049560547,45.20000457763672,0.645005675368899,33.2994384765625,48.05498504638672,0.6705882352941176,29.536863327026367,46.199951171875,0.6711445459430414,263.199951171875,262.06748962402344,9.0,1.0
2025-03-01 12:35:00,sample_data/synthetic_test/phase_01/synthetic_20250301_123500.tif,synthetic_test,55,ok,44.1757926940918,29.70001220703125,171.0999755859375,266.199951171875,312.699951171875,0.659353883180598,27.791772842407227,45.29998779296875,0.6001123279977535,29.609237670898438,60.0,0.599004424778761,27.59569549560547,43.5999755859375,0.6001069232825448,70.8433837890625,253.54498291015625,0.7128378378378378,116.5545425415039,241.9000244140625,0.8906893710519088,28.65105628967285,45.4000244140625,0.639799154334038,30.650938034057617,45.98500442504883,0.6137911464245176,40.56283187866211,58.71001434326172,0.6453781512605042,28.57020378112793,44.7950439453125,0.6429339065018808,253.54498291015625,247.72250366210938,9.0,1.0
2025-03-01 12:40:00,sample_data/synthetic_test/phase_01/synthetic_20250301_124000.tif,synthetic_test,56,ok,42.13291931152344,27.5,170.0,264.0999755859375,308.199951171875,0.5840970100897899,25.357988357543945,41.5,0.5150238696995226,26.03365707397461,46.22502136230469,0.5154867256637168,25.408098220825195,41.300048828125,0.5065490510558674,66.97564697265625,237.19000244140625,0.661036036036036,105.7734375,216.5,0.8618511397967591,26.31432342529297,42.9000244140625,0.5488900634249472,33.419979095458984,46.0999755859375,0.5485244040862656,47.225379943847656,263.0,0.5817927170868348,26.083906173706055,43.0,0.5346587855991403,263.0,250.09500122070312,9.0,1.0
2025-03-01 12:45:00,sample_data/synthetic_test/phase_01/synthetic_20250301_124500.tif,synthetic_test,57,ok,38.97760772705078,24.699951171875,165.9600067138672,256.4840087890625,310.9000244140625,0.4868092196612052,22.342069625854492,38.9000244140625,0.3892165122156698,22.333599090576172,40.12498474121094,0.39601769911504425,22.34552001953125,38.5,0.39160652232023524,60.9125862121582,210.19000244140625,0.5920608108108109,94.84976959228516,201.0999755859375,0.8173578687173854,23.2871036529541,39.98500442504883,0.4312896405919662,34.696250915527344,61.88999557495117,0.44948921679909193,50.1196403503418,257.5,0.5016806722689076,23.317195892333984,40.0999755859375,0.4250403009134874,257.5,233.84500122070312,9.0,1.0
2025-03-01 12:50:00,sample_data/synthetic_test/phase_01/synthetic_20250301_125000.tif,synthetic_test,58,ok,35.161651611328125,20.699951171875,162.0599822998047,249.19195556640625,317.300048828125,0.3604862846740103,18.73322105407715,34.5999755859375,0.2589160348216793,18.37331199645996,35.20001220703125,0.24502212389380532,18.638891220092773,35.20001220703125,0.25020048115477145,54.26728820800781,186.9000244140625,0.48592342342342343,84.23461151123047,194.9000244140625,0.7470475144191157,19.359485626220703,35.800048828125,0.28039112050739956,35.53337097167969,228.6399688720703,0.32179341657207716,51.58417510986328,253.95501708984375,0.3929971988795518,19.34978675842285,35.300048828125,0.284524449220849,253.95501708984375,241.29749298095703,9.0,1.0
2025-03-01 12:55:00,sample_data/synthetic_test/phase_01/synthetic_20250301_125500.tif,synthetic_test,59,ok,31.01993179321289,16.0,158.4000244140625,246.300048828125,306.5999755859375,0.24922089543028172,14.426396369934082,30.4000244140625,0.13170457736590846,14.433518409729004,30.0,0.1280420353982301,14.657444953918457,30.5999755859375,0.13205025394279604,47.61601638793945,174.44500732421875,0.3992117117117117,74.72040557861328,196.0999755859375,0.6728920626201593,15.182083129882812,31.199951171875,0.13636363636363635,35.4654655456543,229.24005126953125,0.21509648127128264,51.2470588684082,247.92996215820312,0.2988795518207283,15.056931495666504,31.3950252532959,0.1509940891993552,247.92996215820312,238.5850067138672,9.0,1.0
2025-03-01 13:00:00,sample_data/synthetic_test/phase_01/synthetic_20250301_130000.tif,synthetic_test,60,ok,26.793333053588867,11.699951171875,149.0599822998047,239.0,295.5,0.1765867505939708,11.05933666229248,25.0999755859375,0.05026677899466442,10.92240047454834,25.325042724609375,0.05254424778761062,10.942635536193848,25.199951171875,0.052659716653301256,41.763206481933594,167.89002990722656,0.33164414414414417,65.45210266113281,198.300048828125,0.5913210656413074,11.417337417602539,26.300048828125,0.06236786469344609,33.35527801513672,221.24005126953125,0.16430192962542564,48.60033416748047,237.05499267578125,0.24901960784313726,11.071036338806152,25.5949764251709,0.05749596990865126,237.05499267578125,229.14752197265625,9.0,1.0
2025-03-01 13:05:00,sample_data/synthetic_test/phase_01/synthetic_20250301_130500.tif,synthetic_test,61,ok,22.78382110595703,8.800048828125,135.11996459960938,223.59197998046875,293.699951171875,0.1373383936560832,8.875540733337402,21.70001220703125,0.023027239539455208,8.653290748596191,21.300048828125,0.02157079646017699,8.615424156188965,21.0,0.021384656508954825,35.63426208496094,159.19000244140625,0.28350225225225223,55.07201385498047,193.0,0.4951936281241417,8.989191055297852,21.800048828125,0.022727272727272728,30.67428970336914,201.48500061035156,0.14046538024971622,42.583805084228516,213.80999755859375,0.22717086834733893,8.916470527648926,21.5999755859375,0.023643202579258463,213.80999755859375,207.64749908447266,4.0,0.4444444444444444
2025-03-01 13:10:00,sample_data/synthetic_test/phase_01/synthetic_20250301_131000.tif,synthetic_test,62,ok,20.335866928100586,7.9000244140625,118.4000244140625,213.5,288.0,0.12009009842944861,7.887980937957764,19.199951171875,0.009547879809042405,7.937582969665527,19.699951171875,0.012721238938053098,7.98342752456665,19.5,0.012028869286287089,31.208724975585938,152.54498291015625,0.25028153153153154,46.57497787475586,183.699951171875,0.41554517989563305,8.29376220703125,20.699951171875,0.015063424947145878,27.756214141845703,178.53997802734375,0.13706015891032916,39.87826156616211,197.91001892089844,0.23641456582633052,8.126840591430664,20.5,0.014239656098871574,197.91001892089844,190.80498504638672,4.0,0.4444444444444444
2025-03-01 13:15:00,sample_data/synthetic_test/phase_01/synthetic_20250301_131500.tif,synthetic_test,63,ok,18.51962661743164,8.300048828125,99.05998229980469,194.3760223388672,292.199951171875,0.11416581813693727,8.425021171569824,20.5999755859375,0.017130019657399607,8.628069877624512,21.0,0.02295353982300885,8.56915283203125,20.5,0.016305800588078054,27.73099708557129,141.4000244140625,0.22184684684684686,37.572261810302734,163.300048828125,0.32793188684427355,8.87291145324707,21.684955596923828,0.024312896405919663,24.097017288208008,144.56997680664062,0.14443813847900114,35.93196105957031,177.65496826171875,0.24761904761904763,8.86509895324707,21.9000244140625,0.024986566362170875,177.65496826171875,170.47750854492188,4.0,0.4444444444444444
2025-03-01 13:20:00,sample_data/synthetic_test/phase_01/synthetic_20250301_132000.tif,synthetic_test,64,ok,17.09157943725586,9.4000244140625,72.5999755859375,161.19195556640625,281.0999755859375,0.11336357184732636,9.694355964660645,23.5,0.03201347935973041,9.827959060668945,23.325042724609375,0.033185840707964605,9.746109008789062,23.300048828125,0.03314621758887998,24.806673049926758,129.9000244140625,0.19284909909909909,29.45503807067871,136.5,0.26943147486954133,10.233297348022461,23.985004425048828,0.041490486257928116,20.33019256591797,104.45499420166016,0.15011350737797957,31.102214813232422,148.60997009277344,0.24397759103641456,10.007173538208008,23.9000244140625,0.0400322407307899,148.60997009277344,142.55498504638672,4.0,0.4444444444444444
2025-03-01 13:25:00,sample_data/synthetic_test/phase_01/synthetic_20250301_132500.tif,synthetic_test,65,ok,16.545167922973633,10.5999755859375,52.300048828125,139.28404235839844,296.5,0.11938041901940818,10.923307418823242,25.0,0.04998595900028082,11.15398120880127,25.5,0.055862831858407076,10.85509204864502,25.4000244140625,0.053728949478749,22.670806884765625,109.44501495361328,0.18046171171171171,24.95709800720215,110.699951171875,0.24224114254325735,11.55573558807373,26.385028839111328,0.0636892177589852,19.083343505859375,83.38502502441406,0.155788876276958,27.21697235107422,124.0999755859375,0.21764705882352942,11.418968200683594,26.4000244140625,0.06582482536270823,124.0999755859375,117.39996337890625,8.0,0.8888888888888888
2025-03-01 13:30:00,sample_data/synthetic_test/phase_01/synthetic_20250301_133000.tif,synthetic_test,66,ok,16.13105583190918,11.0999755859375,37.699951171875,145.2760467529297,289.0999755859375,0.11712795828319295,11.400870323181152,25.9000244140625,0.060376298792474026,11.488551139831543,26.0999755859375,0.060564159292035395,11.594947814941406,26.0,0.060678962844159315,21.294031143188477,89.99000549316406,0.15822072072072071,22.531007766723633,92.9000244140625,0.20928316396594343,12.10433292388916,27.0,0.07690274841437632,18.630447387695312,67.71003723144531,0.14387060158910328,24.87750816345215,102.91996765136719,0.21204481792717086,12.085490226745605,27.3950252532959,0.08140784524449221,102.91996765136719,97.90999603271484,9.0,1.0
2025-03-01 13:35:00,sample_data/synthetic_test/phase_01/synthetic_20250301_133500.tif,synthetic_test,67,ok,15.776138305664062,10.5999755859375,33.0,181.4000244140625,297.0,0.10274923632324354,11.37391185760498,26.0,0.06009547879809042,11.10707950592041,25.54998779296875,0.05309734513274336,11.29804801940918,25.5999755859375,0.056134723336006415,18.91179656982422,70.7449951171875,0.14161036036036037,23.747047424316406,117.4000244140625,0.1782477341389728,11.666227340698242,26.699951171875,0.07029598308668077,20.38603973388672,79.90501403808594,0.12854710556186152,22.630558013916016,103.07996368408203,0.17394957983193277,11.581650733947754,26.8950252532959,0.0677055346587856,117.4000244140625,110.23999404907227,9.0,1.0
2025-03-01 13:40:00,sample_data/synthetic_test/phase_01/synthetic_20250301_134000.tif,synthetic_test,68,ok,16.95157814025879,9.5999755859375,31.300048828125,241.49200439453125,297.5,0.0861180536270789,10.355714797973633,24.300048828125,0.04296545914069082,10.500663757324219,24.325042724609375,0.04341814159292035,10.426435470581055,25.0999755859375,0.05025394279604384,18.41123390197754,54.324974060058594,0.11289414414414414,32.14215850830078,228.5,0.16149409502883824,10.915274620056152,25.885028839111328,0.059989429175475686,25.013790130615234,172.10995483398438,0.11889897843359819,25.164648056030273,170.17501831054688,0.1392156862745098,10.734230041503906,25.300048828125,0.05239118753358409,228.5,200.3049774169922,7.0,0.7777777777777778
2025-03-01 13:45:00,sample_data/synthetic_test/phase_01/synthetic_20250301_134500.tif,synthetic_test,69,ok,18.34517478942871,8.4000244140625,34.15996170043945,262.5999755859375,311.300048828125,0.0753185843438551,8.999747276306152,21.79998779296875,0.02527379949452401,8.999390602111816,22.024993896484375,0.025165929203539824,9.087570190429688,22.0999755859375,0.02218658112804063,19.220382690429688,85.63499450683594,0.09346846846846847,42.89791488647461,257.4000244140625,0.18786047789068938,9.435808181762695,23.199951171875,0.030391120507399578,28.469127655029297,219.47000122070312,0.12741203178206584,30.19467544555664,222.7550048828125,0.13865546218487396,9.473641395568848,23.199951171875,0.03707684040838259,257.4000244140625,240.0775146484375,4.0,0.4444444444444444
2025-03-01 13:50:00,sample_data/synthetic_test/phase_01/synthetic_20250301_135000.tif,synthetic_test,70,ok,20.61833953857422,7.5999755859375,144.760009765625,271.300048828125,320.199951171875,0.07661452065784195,8.031845092773438,19.4000244140625,0.015164279696714406,8.369580268859863,20.29998779296875,0.014933628318584071,8.186100006103516,20.4000244140625,0.014969259556268377,21.41756820678711,149.55996704101562,0.08474099099099099,57.5771484375,272.0999755859375,0.24443834111507828,8.411786079406738,20.985004425048828,0.016913319238900635,29.726789474487305,214.68495178222656,0.13138479001135073,37.66033172607422,249.80999755859375,0.16470588235294117,8.294626235961914,20.0999755859375,0.012090274046211715,272.0999755859375,260.9549865722656,4.0,0.4444444444444444
2025-03-01 13:55:00,sample_data/synthetic_test/phase_01/synthetic_20250301_135500.tif,synthetic_test,71,ok,22.28325843811035,7.70001220703125,175.800048828125,267.199951171875,313.300048828125,0.08948131691814003,8.169672012329102,19.9000244140625,0.012356079752878404,8.347538948059082,20.199951171875,0.013550884955752213,8.220662117004395,20.4000244140625,0.013900026730820636,23.60751724243164,189.68496704101562,0.10388513513513513,67.42823028564453,271.199951171875,0.3065092007690195,8.176056861877441,20.5,0.014799154334038054,28.255617141723633,191.06997680664062,0.13961407491486946,42.27347183227539,241.5,0.1980392156862745,8.358865737915039,20.199951171875,0.017463729177861365,271.199951171875,256.3499755859375,4.0,0.4444444444444444
2025-03-01 14:00:00,sample_data/synthetic_test/phase_01/synthetic_20250301_140000.tif,synthetic_test,72,ok,26.886980056762695,9.5999755859375,196.800048828125,278.09197998046875,321.5,0.1263229349871949,9.704970359802246,22.9000244140625,0.03454085930918281,9.79460620880127,23.4000244140625,0.034292035398230086,9.818443298339844,23.5,0.03341352579524191,29.189638137817383,210.89002990722656,0.14104729729729729,88.43023681640625,289.0,0.4075803350727822,9.940855979919434,24.0,0.04201902748414376,26.08853530883789,160.864990234375,0.15607264472190693,51.58041763305664,251.9000244140625,0.2605042016806723,9.991484642028809,24.0,0.04083825900053734,289.0,270.45001220703125,4.0,0.4444444444444444
2025-03-01 14:05:00,sample_data/synthetic_test/phase_01/synthetic_20250301_140500.tif,synthetic_test,73,ok,31.08973503112793,13.5,199.5,277.89202880859375,324.4000244140625,0.19050263815606777,12.784892082214355,28.0999755859375,0.08705419825891604,12.887473106384277,28.124984741210938,0.09596238938053098,12.977653503417969,28.9000244140625,0.09409248863940123,31.571931838989258,201.5349884033203,0.19538288288288289,106.75564575195312,291.5999755859375,0.538588299917605,13.275318145751953,28.800048828125,0.10676532769556026,25.012575149536133,128.66995239257812,0.19040862656072643,54.12019729614258,235.0,0.32745098039215687,13.208006858825684,28.5999755859375,0.09564750134336378,291.5999755859375,263.29998779296875,9.0,1.0
2025-03-01 14:10:00,sample_data/synthetic_test/phase_01/synthetic_20250301_141000.tif,synthetic_test,74,ok,36.325904846191406,18.20001220703125,205.1599578857422,285.79205322265625,331.5,0.29198679379184794,16.631675720214844,32.9000244140625,0.18562201628755967,16.676576614379883,32.699951171875,0.18694690265486727,17.02796173095703,33.0999755859375,0.2074311681368618,33.14676284790039,177.73500061035156,0.2877252252252252,134.8154296875,300.199951171875,0.6893710519088163,18.438716888427734,34.48500442504883,0.2087737843551797,25.111209869384766,98.25504302978516,0.2684449489216799,51.135128021240234,210.85504150390625,0.40028011204481795,17.315797805786133,34.0,0.21171413218699625,300.199951171875,255.52749633789062,9.0,1.0
2025-03-01 14:15:00,sample_data/synthetic_test/phase_01/synthetic_20250301_141500.tif,synthetic_test,75,ok,41.118656158447266,22.699951171875,208.8199920654297,293.69195556640625,338.699951171875,0.42093245703354004,20.763914108276367,36.9000244140625,0.3291210334175793,20.81241798400879,36.79998779296875,0.33711283185840707,20.97252082824707,37.4000244140625,0.33573910719059075,33.34814453125,143.699951171875,0.4034346846846847,155.88375854492188,303.300048828125,0.8088437242515792,26.576295852661133,39.800048828125,0.35306553911205074,25.963623046875,66.87001037597656,0.387627695800227,46.94036102294922,177.91001892089844,0.4943977591036415,21.33011817932129,38.39502716064453,0.3473938742611499,303.300048828125,240.60503387451172,9.0,1.0
2025-03-01 14:20:00,sample_data/synthetic_test/phase_01/synthetic_20250301_142000.tif,synthetic_test,76,ok,44.07182312011719,26.300048828125,203.699951171875,291.384033203125,345.699951171875,0.5418556573791231,23.993793487548828,40.300048828125,0.44566133108677336,24.130836486816406,40.5999755859375,0.4582411504424779,24.1506290435791,40.5,0.47099705960973004,33.93718719482422,121.54499053955078,0.535472972972973,162.7471466064453,299.300048828125,0.8797033781928042,35.18308639526367,47.300048828125,0.5110993657505285,26.541488647460938,49.18495559692383,0.49035187287173665,42.918487548828125,146.92996215820312,0.5963585434173669,24.94091796875,41.0,0.4948952176249328,299.300048828125,223.11500549316406,9.0,1.0
2025-03-01 14:25:00,sample_data/synthetic_test/phase_01/synthetic_20250301_142500.tif,synthetic_test,77,ok,46.889522552490234,29.0,205.1599578857422,301.7760314941406,350.699951171875,0.6310284180320281,26.642404556274414,43.29998779296875,0.5577085088458298,26.93216323852539,43.0999755859375,0.5710730088495575,26.870943069458008,43.9000244140625,0.5645549318364074,33.92243957519531,98.27998352050781,0.6261261261261262,170.63050842285156,307.300048828125,0.9252952485580884,43.76022720336914,260.82501220703125,0.6234143763213531,27.431354522705078,45.5999755859375,0.5692395005675369,38.87028121948242,117.699951171875,0.6386554621848739,28.055374145507812,45.300048828125,0.6131112305212252,307.300048828125,284.0625305175781,9.0,1.0
2025-03-01 14:30:00,sample_data/synthetic_test/phase_01/synthetic_20250301_143000.tif,synthetic_test,78,ok,48.46285629272461,30.699951171875,204.300048828125,303.5,353.699951171875,0.6869079576660804,28.072311401367188,44.20001220703125,0.6253861274922774,30.748424530029297,45.30000305175781,0.6460176991150443,28.475513458251953,45.0999755859375,0.6335204490777867,32.96022033691406,76.28998565673828,0.6649774774774775,171.28363037109375,304.800048828125,0.9546827794561934,52.01292419433594,287.7850341796875,0.6834038054968288,28.849515914916992,45.98500442504883,0.641316685584563,35.4407844543457,88.45500946044922,0.6789915966386555,29.21805763244629,45.89502716064453,0.6569048898441698,304.800048828125,296.29254150390625,9.0,1.0
2025-03-01 14:35:00,sample_data/synthetic_test/phase_01/synthetic_20250301_143500.tif,synthetic_test,79,ok,48.30247497558594,31.0,199.6599578857422,298.79205322265625,351.0999755859375,0.6967509025270758,28.775707244873047,45.4000244140625,0.6554338668913227,40.00279235839844,51.524993896484375,0.6736725663716814,28.633544921875,44.9000244140625,0.6359262229350441,31.593948364257812,54.3900260925293,0.6753941441441441,158.46253967285156,281.300048828125,0.9568799780280143,58.431976318359375,291.300048828125,0.7174947145877378,28.69707679748535,45.199951171875,0.6416004540295119,31.869218826293945,60.7550048828125,0.6675070028011204,29.255830764770508,46.5999755859375,0.6512627619559377,291.300048828125,286.300048828125,9.0,1.0
2025-03-01 14:40:00,sample_data/synthetic_test/phase_01/synthetic_20250301_144000.tif,synthetic_test,80,ok,47.12910461425781,29.9000244140625,196.800048828125,296.19195556640625,362.4000244140625,0.6640439384121695,27.915502548217773,44.0999755859375,0.6093793878124123,49.46841812133789,295.2249755859375,0.6424225663716814,29.88877296447754,45.0,0.6134723336006416,28.944032669067383,48.44501495361328,0.612331081081081,144.53709411621094,256.5999755859375,0.9478165339192529,58.84135818481445,276.65496826171875,0.6852536997885835,27.80388641357422,44.18495559692383,0.6095346197502838,28.906442642211914,49.95500946044922,0.6140056022408964,28.5824031829834,45.199951171875,0.6440085975282106,295.2249755859375,285.9399719238281,9.0,1.0
2025-03-01 14:45:00,sample_data/synthetic_test/phase_01/synthetic_20250301_144500.tif,synthetic_test,81,ok,45.25499725341797,28.0999755859375,195.199951171875,294.69195556640625,339.4000244140625,0.6039680335709217,25.723730087280273,41.5999755859375,0.5270991294580174,55.722259521484375,292.199951171875,0.5931969026548672,32.787384033203125,45.699951171875,0.5431702753274525,26.529111862182617,43.64496612548828,0.5529279279279279,129.5484161376953,232.0999755859375,0.9280417467728646,58.943973541259766,266.0999755859375,0.6506342494714588,25.93331527709961,42.4000244140625,0.5383087400681045,25.991735458374023,43.5999755859375,0.5411764705882353,26.538475036621094,43.300048828125,0.5631380977968834,292.199951171875,279.14996337890625,9.0,1.0
2025-03-01 14:50:00,sample_data/synthetic_test/phase_01/synthetic_20250301_145000.tif,synthetic_test,82,ok,42.6401481628418,25.0,194.300048828125,293.7680358886719,341.4000244140625,0.4997068715480268,22.922746658325195,39.0,0.4167368716652626,58.22391891479492,284.57501220703125,0.5016592920353983,36.76658630371094,234.199951171875,0.43785084202085006,23.35405158996582,40.54499053955078,0.4270833333333333,116.86089324951172,219.4000244140625,0.8920626201592969,55.651214599609375,251.98500061035156,0.5330338266384778,23.343700408935547,40.18495559692383,0.42395005675368896,23.37249183654785,40.65496063232422,0.4372549019607843,23.530250549316406,40.300048828125,0.4320257925846319,284.57501220703125,268.2800064086914,9.0,1.0
2025-03-01 14:55:00,sample_data/synthetic_test/phase_01/synthetic_20250301_145500.tif,synthetic_test,83,ok,38.644798278808594,21.0999755859375,186.9000244140625,282.79205322265625,341.4000244140625,0.38063500879385354,19.2836856842041,35.199951171875,0.27941589441168213,55.76526641845703,268.1000061035156,0.4026548672566372,39.135501861572266,269.699951171875,0.3253140871424753,19.587472915649414,36.14496612548828,0.28913288288288286,104.28508758544922,221.199951171875,0.8203790167536391,50.863399505615234,231.19503784179688,0.4355179704016913,19.466346740722656,35.88502883911133,0.2840522133938706,19.997900009155273,36.800048828125,0.3022408963585434,19.527402877807617,36.0,0.2888232133261687,269.699951171875,268.8999786376953,9.0,1.0
2025-03-01 15:00:00,sample_data/synthetic_test/phase_01/synthetic_20250301_150000.tif,synthetic_test,84,ok,33.797325134277344,16.800048828125,177.9600067138672,269.89202880859375,330.4000244140625,0.2661606343916813,15.342964172363281,30.9000244140625,0.14855377702892447,49.80793762207031,248.199951171875,0.29507743362831856,38.52167892456055,257.699951171875,0.22534081796311148,15.3554048538208,31.199951171875,0.15596846846846846,92.45023345947266,224.0,0.7459489151332052,45.332054138183594,208.00997924804688,0.3290169133192389,15.501531600952148,31.485004425048828,0.1532349602724177,15.87120532989502,31.4000244140625,0.16862745098039217,15.987102508544922,32.300048828125,0.17356260075228372,257.699951171875,252.949951171875,9.0,1.0
2025-03-01 15:05:00,sample_data/synthetic_test/phase_01/synthetic_20250301_150500.tif,synthetic_test,85,ok,29.244600296020508,12.199951171875,168.760009765625,262.79205322265625,331.4000244140625,0.18556573791230832,11.508901596069336,26.0,0.057568098848638026,43.99458312988281,220.57501220703125,0.24198008849557523,38.74343490600586,249.4000244140625,0.18283881315156375,11.675759315490723,26.44501304626465,0.06418918918918919,81.70934295654297,227.9000244140625,0.6701455644053831,40.15903854370117,193.800048828125,0.2560782241014799,11.662457466125488,26.0999755859375,0.06555051078320091,11.985572814941406,26.45501136779785,0.06862745098039216,11.640730857849121,26.0999755859375,0.06286942504030091,249.4000244140625,238.6500244140625,9.0,1.0
2025-03-01 15:10:00,sample_data/synthetic_test/phase_01/synthetic_20250301_151000.tif,synthetic_test,86,ok,25.475797653198242,8.9000244140625,157.9000244140625,264.69195556640625,327.300048828125,0.1435095189607825,8.860264778137207,21.199951171875,0.017972479640550407,40.231693267822266,205.89999389648438,0.21736725663716813,38.295860290527344,245.9000244140625,0.15690991713445604,8.960922241210938,22.300048828125,0.030405405405405407,71.31307220458984,230.5999755859375,0.5817083218895908,34.57698059082031,180.27003479003906,0.21775898520084566,8.798382759094238,21.4000244140625,0.020998864926220204,9.018739700317383,21.699951171875,0.02492997198879552,9.013754844665527,21.5,0.0231058570660935,245.9000244140625,238.25,4.0,0.4444444444444444
2025-03-01 15:15:00,sample_data/synthetic_test/phase_01/synthetic_20250301_151500.tif,synthetic_test,87,ok,22.644550323486328,8.0,141.5,253.9840087890625,328.800048828125,0.12403961862445617,7.9090704917907715,19.20001220703125,0.011232799775344004,34.41092300415039,181.07501220703125,0.20851769911504425,37.345069885253906,235.5,0.16038492381716118,8.057207107543945,19.7449951171875,0.012105855855855855,60.18299865722656,227.199951171875,0.4778906893710519,30.876005172729492,165.48500061035156,0.205338266384778,7.971595287322998,19.699951171875,0.013053348467650397,8.350811004638672,20.0,0.014565826330532213,8.115314483642578,20.0,0.012090274046211715,235.5,231.3499755859375,4.0,0.4444444444444444
2025-03-01 15:20:00,sample_data/synthetic_test/phase_01/synthetic_20250301_152000.tif,synthetic_test,88,ok,20.323366165161133,8.199951171875,116.0999755859375,231.59197998046875,322.0,0.11475207504088371,8.55523681640625,20.800048828125,0.015725919685481607,29.052047729492188,149.92501831054688,0.2040929203539823,33.59246063232422,205.5999755859375,0.1686714782143812,8.514893531799316,20.7449951171875,0.018862612612612614,49.64924240112305,206.0999755859375,0.3765449052458116,27.080419540405273,148.85501098632812,0.18551797040169132,8.663166046142578,21.385028839111328,0.02213393870601589,8.642520904541016,21.4000244140625,0.021568627450980392,8.627941131591797,20.800048828125,0.01800107469102633,206.0999755859375,205.8499755859375,4.0,0.4444444444444444
2025-03-01 15:25:00,sample_data/synthetic_test/phase_01/synthetic_20250301_152500.tif,synthetic_test,89,ok,19.006994247436523,9.300048828125,90.5999755859375,208.5,327.800048828125,0.11706624703014595,9.537235260009766,23.0999755859375,0.03257511934849761,25.182743072509766,126.9000244140625,0.18777654867256638,30.788959503173828,179.5999755859375,0.18257150494520183,9.857994079589844,24.0999755859375,0.0419481981981982,41.17250442504883,186.800048828125,0.3249107388080198,24.59259796142578,124.0999755859375,0.17626849894291755,9.82559585571289,23.199951171875,0.030079455164585697,9.876806259155273,23.4000244140625,0.03865546218487395,9.662440299987793,23.199951171875,0.03439011284255777,186.800048828125,183.20001220703125,4.0,0.4444444444444444
2025-03-01 15:30:00,sample_data/synthetic_test/phase_01/synthetic_20250301_153000.tif,synthetic_test,90,ok,17.741464614868164,10.5,64.199951171875,176.59197998046875,322.0,0.12098491159863001,10.726790428161621,25.0999755859375,0.05082841898343162,22.858875274658203,112.24996948242188,0.16952433628318583,25.90302085876465,138.300048828125,0.19433306602512698,11.041583061218262,25.5,0.055461711711711714,32.875858306884766,151.199951171875,0.2892062620159297,22.781951904296875,108.27003479003906,0.1601479915433404,10.792963027954102,25.485004425048828,0.053632236095346196,11.24560260772705,25.95501136779785,0.05938375350140056,11.0327787399292,25.4950008392334,0.05400322407307899,151.199951171875,144.75,9.0,1.0
2025-03-01 15:35:00,sample_data/synthetic_test/phase_01/synthetic_20250301_153500.tif,synthetic_test,91,ok,17.025039672851562,11.0999755859375,40.86003494262695,161.583984375,319.4000244140625,0.12070721095991854,11.410840034484863,26.0999755859375,0.06346531873069362,22.84048843383789,112.8499755859375,0.15873893805309736,21.842449188232422,105.9000244140625,0.17615610799251538,11.867002487182617,27.2449951171875,0.07545045045045046,25.57649040222168,117.4000244140625,0.2381213952210931,23.690828323364258,108.30499267578125,0.15961945031712474,11.595430374145508,27.069982528686523,0.06838819523269013,12.060138702392578,26.9000244140625,0.07478991596638655,11.795513153076172,26.5999755859375,0.06797420741536808,117.4000244140625,115.125,9.0,1.0
2025-03-01 15:40:00,sample_data/synthetic_test/phase_01/synthetic_20250301_154000.tif,synthetic_test,92,ok,17.048242568969727,10.9000244140625,34.300048828125,206.5999755859375,324.9000244140625,0.10546453145731124,11.600590705871582,26.0999755859375,0.060376298792474026,25.0606746673584,155.25003051757812,0.13938053097345132,20.922103881835938,90.300048828125,0.15530606789628443,11.442200660705566,26.4000244140625,0.06362612612612613,22.191184997558594,96.4000244140625,0.1796209832463609,26.44336700439453,168.63999938964844,0.15142706131078223,11.592765808105469,26.0,0.058456299659477864,11.91893482208252,27.0,0.07366946778711485,11.677780151367188,26.199951171875,0.06340677055346589,168.63999938964844,161.94501495361328,9.0,1.0
2025-03-01 15:45:00,sample_data/synthetic_test/phase_01/synthetic_20250301_154500.tif,synthetic_test,93,ok,17.038177490234375,9.699951171875,31.5,245.6839599609375,328.0999755859375,0.08784596871239471,10.685257911682129,24.9000244140625,0.04914349901713002,26.166677474975586,176.2750244140625,0.12859513274336284,22.49551010131836,133.5999755859375,0.1256348569901096,10.817596435546875,25.44501304626465,0.052083333333333336,22.65594482421875,124.5,0.133754463059599,27.585620880126953,198.69503784179688,0.13847780126849896,10.752724647521973,24.5999755859375,0.04540295119182747,10.957618713378906,25.5,0.05546218487394958,10.661606788635254,25.7950439453125,0.05803331542181623,198.69503784179688,187.4850311279297,7.0,0.7777777777777778
2025-03-01 15:50:00,sample_data/synthetic_test/phase_01/synthetic_20250301_155000.tif,synthetic_test,94,ok,19.85081672668457,8.5999755859375,36.9000244140625,300.89202880859375,333.0999755859375,0.08050232959980252,9.13765811920166,22.300048828125,0.02695871946082561,32.401493072509766,243.74996948242188,0.14601769911504425,30.996150970458984,238.0,0.1272387062282812,9.467905044555664,23.0,0.03490990990990991,32.257320404052734,250.0,0.14144465806097226,34.86466979980469,253.199951171875,0.1511627906976744,9.364330291748047,22.4000244140625,0.028376844494892167,9.607057571411133,23.300048828125,0.03529411764705882,9.700804710388184,22.9950008392334,0.029285330467490597,253.199951171875,251.5999755859375,4.0,0.4444444444444444
2025-03-01 15:55:00,sample_data/synthetic_test/phase_01/synthetic_20250301_155500.tif,synthetic_test,95,ok,21.353679656982422,7.5999755859375,140.760009765625,299.1839599609375,340.5,0.07488660557252615,8.10067367553711,20.199951171875,0.012636899747262006,35.39861297607422,263.9750061035156,0.14767699115044247,35.14116668701172,264.199951171875,0.13552526062550121,8.222326278686523,20.0999755859375,0.015765765765765764,38.893985748291016,279.9000244140625,0.14776160395495744,40.621883392333984,279.2850341796875,0.1649048625792812,8.01171875,19.800048828125,0.013904653802497162,8.47661018371582,20.5,0.015406162464985995,8.334227561950684,20.5999755859375,0.015583019881783988,279.9000244140625,279.592529296875,4.0,0.4444444444444444
2025-03-01 16:00:00,sample_data/synthetic_test/phase_01/synthetic_20250301_160000.tif,synthetic_test,96,ok,24.45648956298828,7.699951171875,197.699951171875,306.5999755859375,349.300048828125,0.08914190502638156,7.914658546447754,19.199951171875,0.010951979780960405,39.40462112426758,258.89996337890625,0.1709070796460177,38.85102844238281,252.199951171875,0.15904838278535152,8.00847339630127,19.800048828125,0.013513513513513514,49.520076751708984,293.4000244140625,0.1897830266410327,50.622859954833984,290.15496826171875,0.20665961945031713,8.21654224395752,20.084980010986328,0.013904653802497162,8.335041046142578,20.45501136779785,0.015966386554621848,8.045110702514648,19.7950439453125,0.014508328855454057,293.4000244140625,291.7774963378906,4.0,0.4444444444444444
2025-03-01 16:05:00,sample_data/synthetic_test/phase_01/synthetic_20250301_160500.tif,synthetic_test,97,ok,28.191312789916992,9.300048828125,215.5599822998047,308.6839599609375,359.0999755859375,0.12030608781511308,9.35897159576416,22.5,0.03004773939904521,41.701438903808594,252.27496337890625,0.2013274336283186,38.762550354003906,230.699951171875,0.1815022721197541,9.631391525268555,23.699951171875,0.039414414414414414,61.30710983276367,303.800048828125,0.2515792364734963,62.9827995300293,300.1699523925781,0.2703488372093023,9.469382286071777,22.800048828125,0.032917139614074914,9.647507667541504,23.199951171875,0.03277310924369748,9.790703773498535,23.699951171875,0.03680816765180011,303.800048828125,301.98500061035156,4.0,0.4444444444444444
2025-03-01 16:10:00,sample_data/synthetic_test/phase_01/synthetic_20250301_161000.tif,synthetic_test,98,ok,33.713706970214844,13.0999755859375,227.9000244140625,318.699951171875,366.800048828125,0.183868678453516,12.30123519897461,27.0999755859375,0.07217073855658523,39.03379440307617,222.77496337890625,0.23478982300884957,36.32624816894531,198.9000244140625,0.22453889334402566,12.698451042175293,27.94501304626465,0.09121621621621621,83.77397918701172,319.5,0.3801153529250206,80.3179702758789,308.2850341796875,0.37684989429175475,12.70559024810791,28.2850341796875,0.09222474460839955,12.534845352172852,28.15496253967285,0.08347338935574229,12.693927764892578,27.9000244140625,0.09134873723804406,319.5,313.89251708984375,9.0,1.0
2025-03-01 16:15:00,sample_data/synthetic_test/phase_01/synthetic_20250301_161500.tif,synthetic_test,99,ok,38.02309799194336,17.699951171875,227.5,317.800048828125,370.699951171875,0.27915085315807336,16.144481658935547,32.0999755859375,0.17467003650659926,36.13351821899414,186.7249755859375,0.2917588495575221,33.68254470825195,159.9000244140625,0.28575247260090886,16.21649742126465,32.199951171875,0.17173423423423423,100.16236877441406,323.5,0.5113979675913211,88.37256622314453,305.1699523925781,0.47700845665961944,16.577239990234375,33.4000244140625,0.1989216799091941,16.75431251525879,33.2550048828125,0.19943977591036416,17.006662368774414,32.9000244140625,0.19801182160128963,323.5,314.33497619628906,9.0,1.0
2025-03-01 16:20:00,sample_data/synthetic_test/phase_01/synthetic_20250301_162000.tif,synthetic_test,100,ok,43.0999755859375,22.0999755859375,231.800048828125,330.583984375,375.0999755859375,0.4052886543861273,20.13552474975586,36.199951171875,0.2985116540297669,34.69316864013672,151.22500610351562,0.39988938053097345,32.151912689208984,126.5999755859375,0.39855653568564553,20.472972869873047,37.300048828125,0.3195382882882883,118.71985626220703,336.199951171875,0.6371875858280692,98.531005859375,306.44000244140625,0.6028012684989429,20.21302604675293,36.4000244140625,0.31101021566401815,20.808767318725586,37.7550048828125,0.34061624649859945,20.801023483276367,37.9000244140625,0.3363782912412681,336.199951171875,321.3199768066406,9.0,1.0
2025-03-01 16:25:00,sample_data/synthetic_test/phase_01/synthetic_20250301_162500.tif,synthetic_test,101,ok,47.2645263671875,25.800048828125,234.4000244140625,336.39202880859375,383.800048828125,0.5256255978277639,23.824432373046875,40.300048828125,0.4476270710474586,33.37190246582031,120.0999755859375,0.49723451327433627,30.915050506591797,93.9000244140625,0.4806201550387597,24.05797004699707,40.2449951171875,0.4622747747747748,134.51353454589844,343.0,0.7421038176325185,104.48728942871094,312.9700012207031,0.6982029598308668,23.939756393432617,40.2850341796875,0.4585698070374574,24.46473503112793,41.300048828125,0.4658263305322129,24.456153869628906,40.699951171875,0.4785061794734014,343.0,327.98500061035156,9.0,1.0
2025-03-01 16:30:00,sample_data/synthetic_test/phase_01/synthetic_20250301_163000.tif,synthetic_test,102,ok,50.19956588745117,28.800048828125,233.0599822998047,341.39202880859375,388.5,0.6279428553796785,26.065656661987305,42.4000244140625,0.5422634091547318,31.924091339111328,86.7249755859375,0.5954092920353983,30.326465606689453,60.800048828125,0.5942261427425822,26.743864059448242,42.9000244140625,0.5737612612612613,142.28321838378906,340.199951171875,0.8239494644328481,104.31607055664062,306.5,0.7563424947145877,26.639530181884766,43.4000244140625,0.5646992054483542,32.842071533203125,45.800048828125,0.6044817927170868,30.154109954833984,45.0,0.5891993551853842,340.199951171875,323.3499755859375,9.0,1.0
2025-03-01 16:35:00,sample_data/synthetic_test/phase_01/synthetic_20250301_163500.tif,synthetic_test,103,ok,51.104148864746094,30.300048828125,227.699951171875,337.1839599609375,392.300048828125,0.6769724459255145,28.00160026550293,44.4000244140625,0.6206121875877563,30.459596633911133,56.7249755859375,0.6261061946902655,29.208019256591797,50.0999755859375,0.6140069500133654,28.59420394897461,44.800048828125,0.6354166666666666,136.96470642089844,323.5999755859375,0.848393298544356,97.12478637695312,284.199951171875,0.7994186046511628,28.561861038208008,45.5,0.630249716231555,44.214820861816406,58.5999755859375,0.6647058823529411,36.83919906616211,49.59497833251953,0.6534121440085975,323.5999755859375,303.89996337890625,9.0,1.0
2025-03-01 16:40:00,sample_data/synthetic_test/phase_01/synthetic_20250301_164000.tif,synthetic_test,104,ok,51.93753433227539,30.9000244140625,229.699951171875,347.300048828125,396.9000244140625,0.6980776944675862,28.340042114257812,44.300048828125,0.6340915473181691,29.47837257385254,47.5999755859375,0.6476769911504425,28.973697662353516,45.800048828125,0.6549051055867415,29.070270538330078,45.54499053955078,0.6509009009009009,129.94818115234375,298.9000244140625,0.8624004394397143,88.32386016845703,258.5849914550781,0.8054968287526427,28.952810287475586,45.699951171875,0.6461407491486947,60.73560333251953,348.2550048828125,0.7002801120448179,44.40959167480469,58.9000244140625,0.6824288017195056,348.2550048828125,323.5775146484375,9.0,1.0
2025-03-01 16:45:00,sample_data/synthetic_test/phase_01/synthetic_20250301_164500.tif,synthetic_test,105,ok,50.99169158935547,30.4000244140625,226.11996459960938,337.9000244140625,387.300048828125,0.6783609491190719,28.027015686035156,43.9000244140625,0.6107834877843302,27.90437126159668,44.699951171875,0.6147676991150443,27.844131469726562,44.5,0.615343491045175,28.517623901367188,45.2449951171875,0.6371058558558559,119.34740447998047,272.4000244140625,0.8577313924745948,78.61070251464844,232.95498657226562,0.7788054968287527,28.38178253173828,44.4000244140625,0.6288308740068105,72.79327392578125,345.2650146484375,0.7002801120448179,48.59551239013672,297.199951171875,0.6633530360021493,345.2650146484375,321.23248291015625,9.0,1.0
2025-03-01 16:50:00,sample_data/synthetic_test/phase_01/synthetic_20250301_165000.tif,synthetic_test,106,ok,48.898555755615234,28.4000244140625,223.699951171875,333.99200439453125,392.5999755859375,0.6118670739609368,26.186349868774414,43.199951171875,0.5433866891322662,25.726051330566406,42.300048828125,0.5348451327433629,25.843997955322266,42.699951171875,0.5252606255012029,26.848114013671875,42.5999755859375,0.576295045045045,108.56871032714844,255.0,0.8022521285361165,69.07318115234375,220.48500061035156,0.7079809725158562,26.545005798339844,42.5999755859375,0.561577752553916,84.39005279541016,346.4000244140625,0.6557422969187675,48.14970397949219,285.63494873046875,0.5953788285867813,346.4000244140625,316.0174865722656,9.0,1.0
2025-03-01 16:55:00,sample_data/synthetic_test/phase_01/synthetic_20250301_165500.tif,synthetic_test,107,ok,45.48810958862305,25.4000244140625,213.6599578857422,326.4840087890625,380.5,0.5130673578327007,23.378883361816406,39.199951171875,0.43077787138444257,23.690044403076172,39.9000244140625,0.4502212389380531,23.200183868408203,39.300048828125,0.41432771986099975,23.575336456298828,40.14496612548828,0.44650900900900903,96.61573028564453,250.0,0.7308431749519363,60.907588958740234,205.38502502441406,0.6123150105708245,23.57210350036621,40.0999755859375,0.4443813847900113,88.73175811767578,335.6650390625,0.5871148459383754,47.165557861328125,269.594970703125,0.5056421278882322,335.6650390625,302.6300048828125,9.0,1.0
2025-03-01 17:00:00,sample_data/synthetic_test/phase_01/synthetic_20250301_170000.tif,synthetic_test,108,ok,41.5471076965332,21.699951171875,211.699951171875,317.699951171875,387.0,0.3918664568484063,19.412385940551758,35.699951171875,0.2847514743049705,19.977214813232422,36.199951171875,0.3000553097345133,19.684843063354492,35.300048828125,0.2897620956963379,19.506502151489258,35.7449951171875,0.28631756756756754,86.90452575683594,248.300048828125,0.6619060697610547,53.9676513671875,204.47000122070312,0.5092494714587738,19.988676071166992,36.5,0.29511918274687854,91.0787124633789,330.9649963378906,0.5170868347338936,44.71533966064453,255.9949951171875,0.3828586781300376,330.9649963378906,293.47999572753906,9.0,1.0
2025-03-01 17:05:00,sample_data/synthetic_test/phase_01/synthetic_20250301_170500.tif,synthetic_test,109,ok,37.46131134033203,17.4000244140625,205.0599822998047,316.39202880859375,382.300048828125,0.27754636057885157,15.783038139343262,31.4000244140625,0.15557427688851447,15.680668830871582,30.9000244140625,0.15403761061946902,15.918283462524414,31.699951171875,0.16599839615076184,16.08127784729004,32.5999755859375,0.17173423423423423,78.64259338378906,253.0,0.56797583081571,47.24051284790039,202.35501098632812,0.39667019027484146,15.74071979522705,31.584980010986328,0.16543700340522133,91.63570404052734,329.5199890136719,0.44285714285714284,41.77904510498047,245.58998107910156,0.2821063944116067,329.5199890136719,291.25999450683594,9.0,1.0
2025-03-01 17:10:00,sample_data/synthetic_test/phase_01/synthetic_20250301_171000.tif,synthetic_test,110,ok,32.628578186035156,12.800048828125,191.8600311279297,308.4840087890625,376.9000244140625,0.1936499120614644,11.836506843566895,26.5,0.06655433866891322,12.018776893615723,27.0999755859375,0.0752212389380531,12.015236854553223,26.9000244140625,0.06923282544774124,12.063316345214844,26.94501304626465,0.07376126126126126,71.16643524169922,259.199951171875,0.5020598736610821,40.516780853271484,194.300048828125,0.2912262156448203,12.067593574523926,26.684955596923828,0.07491486946651532,85.50971984863281,312.85504150390625,0.4005602240896359,37.571895599365234,231.58995056152344,0.19478774852229983,312.85504150390625,286.0274963378906,9.0,1.0
2025-03-01 17:15:00,sample_data/synthetic_test/phase_01/synthetic_20250301_171500.tif,synthetic_test,111,ok,28.74764060974121,9.4000244140625,182.11996459960938,303.79205322265625,381.5999755859375,0.1488783979758709,9.143189430236816,22.0999755859375,0.02780117944397641,9.221763610839844,21.9000244140625,0.02267699115044248,9.164287567138672,22.0,0.020315423683507083,9.253941535949707,22.5,0.03209459459459459,64.69453430175781,262.5,0.4180170282889316,34.64262771606445,185.15005493164062,0.22304439746300211,9.187457084655762,22.4000244140625,0.02866061293984109,79.42201232910156,300.0950012207031,0.4008403361344538,35.005672454833984,227.88502502441406,0.17114454594304138,300.0950012207031,281.29750061035156,4.0,0.4444444444444444
2025-03-01 17:20:00,sample_data/synthetic_test/phase_01/synthetic_20250301_172000.tif,synthetic_test,112,ok,25.051044464111328,7.9000244140625,163.260009765625,288.59197998046875,372.300048828125,0.125520688697584,7.862399101257324,19.5,0.009547879809042405,8.023201942443848,19.699951171875,0.010785398230088495,8.020744323730469,19.5999755859375,0.009623095429029671,8.041497230529785,19.800048828125,0.015202702702702704,56.73196792602539,252.4000244140625,0.35265037077725897,29.158401489257812,164.34002685546875,0.1863107822410148,8.00368881225586,19.800048828125,0.013337116912599319,69.52823638916016,279.300048828125,0.3873949579831933,30.9036808013916,210.36001586914062,0.14884470714669532,279.300048828125,265.85003662109375,4.0,0.4444444444444444
2025-03-01 17:25:00,sample_data/synthetic_test/phase_01/synthetic_20250301_172500.tif,synthetic_test,113,ok,22.148794174194336,8.0999755859375,134.9600067138672,264.5,376.199951171875,0.11706624703014595,8.114714622497559,20.300048828125,0.015725919685481607,8.37112808227539,20.624969482421875,0.014103982300884955,8.324085235595703,20.5,0.015503875968992248,8.56269645690918,20.5,0.017736486486486486,49.41205978393555,234.9000244140625,0.3139247459489151,24.379491806030273,136.06997680664062,0.16094080338266384,8.356043815612793,20.584980010986328,0.015891032917139614,55.785491943359375,240.55499267578125,0.3565826330532213,28.796993255615234,193.800048828125,0.14803868887694788,240.55499267578125,237.72750854492188,4.0,0.4444444444444444
2025-03-01 17:30:00,sample_data/synthetic_test/phase_01/synthetic_20250301_173000.tif,synthetic_test,114,ok,20.467796325683594,9.199951171875,105.15995788574219,234.9000244140625,362.0,0.11891758462155574,9.297219276428223,23.0,0.030328559393428812,9.551742553710938,22.5,0.02765486725663717,9.68112850189209,23.4000244140625,0.03742314889067094,9.760866165161133,23.64496421813965,0.03856981981981982,43.0012092590332,213.0,0.2881076627300192,21.197250366210938,104.58497619628906,0.14667019027484143,9.609334945678711,23.5999755859375,0.03887627695800227,44.80064392089844,204.5649871826172,0.31092436974789917,27.74871063232422,172.7900390625,0.15233745298226758,213.0,208.7824935913086,4.0,0.4444444444444444
2025-03-01 17:35:00,sample_data/synthetic_test/phase_01/synthetic_20250301_173500.tif,synthetic_test,115,ok,18.817604064941406,10.300048828125,76.0999755859375,198.699951171875,358.0,0.12073806658644204,10.613030433654785,24.5999755859375,0.04549283909014322,11.12602424621582,25.199951171875,0.05143805309734513,10.672520637512207,24.699951171875,0.046511627906976744,10.936767578125,25.199951171875,0.05264639639639639,35.15147018432617,174.4000244140625,0.25789618236748146,18.52410316467285,75.47998809814453,0.14244186046511628,10.64029598236084,24.985004425048828,0.049943246311010214,35.46832275390625,165.41001892089844,0.27899159663865547,26.618350982666016,149.2550506591797,0.16523374529822676,174.4000244140625,169.90502166748047,6.0,0.6666666666666666
2025-03-01 17:40:00,sample_data/synthetic_test/phase_01/synthetic_20250301_174000.tif,synthetic_test,116,ok,18.038711547851562,11.199951171875,48.55998611450195,179.7600555419922,368.699951171875,0.12215742540652288,11.579526901245117,26.4000244140625,0.06402695871946082,11.72342300415039,26.2249755859375,0.06498893805309734,11.640069961547852,26.199951171875,0.06415396952686447,11.714837074279785,26.9000244140625,0.07010135135135136,28.81117820739746,138.0,0.2381213952210931,16.65629005432129,42.4949836730957,0.12050739957716702,11.71966552734375,26.885028839111328,0.07122587968217935,31.86361312866211,155.0800018310547,0.24369747899159663,26.857952117919922,138.88502502441406,0.1646963997850618,155.0800018310547,146.98251342773438,9.0,1.0
2025-03-01 17:45:00,sample_data/synthetic_test/phase_01/synthetic_20250301_174500.tif,synthetic_test,117,ok,17.929271697998047,10.9000244140625,36.699951171875,234.6839599609375,378.5,0.11145052300286958,11.476156234741211,26.0,0.06711597865768043,11.505005836486816,26.300048828125,0.0644358407079646,11.462308883666992,26.0,0.06228281208233093,11.37297248840332,26.7449951171875,0.06644144144144144,24.443889617919922,113.800048828125,0.195276023070585,16.879966735839844,33.48500442504883,0.11337209302325581,11.647900581359863,26.5999755859375,0.06725312145289444,34.363529205322266,211.66502380371094,0.21008403361344538,28.302204132080078,148.48500061035156,0.16066630843632457,211.66502380371094,180.07501220703125,9.0,1.0
2025-03-01 17:50:00,sample_data/synthetic_test/phase_01/synthetic_20250301_175000.tif,synthetic_test,118,ok,18.166458129882812,10.0999755859375,32.4000244140625,276.5,380.800048828125,0.0915177882686908,10.872900009155273,24.9000244140625,0.04830103903397922,10.77842903137207,25.7249755859375,0.054756637168141595,10.887115478515625,25.0999755859375,0.05052125100240577,11.014274597167969,25.44501304626465,0.05489864864864865,23.202966690063477,105.4000244140625,0.14776160395495744,19.198070526123047,30.755041122436523,0.08905919661733615,10.96033000946045,25.4000244140625,0.05476730987514188,38.88212966918945,262.21002197265625,0.18123249299719887,27.752552032470703,187.57997131347656,0.1429339065018807,262.21002197265625,224.8949966430664,8.0,0.8888888888888888
2025-03-01 17:55:00,sample_data/synthetic_test/phase_01/synthetic_20250301_175500.tif,synthetic_test,119,ok,20.21053123474121,8.699951171875,33.300048828125,333.69195556640625,376.800048828125,0.07812644635749329,9.463071823120117,23.199951171875,0.034260039314799214,9.56761646270752,22.9000244140625,0.03373893805309734,9.509970664978027,22.9000244140625,0.028334669874365143,9.652027130126953,23.2449951171875,0.03125,26.60200309753418,178.5,0.11672617412798682,25.520824432373047,181.5900421142578,0.0919661733615222,9.476532936096191,22.5999755859375,0.03064699205448354,51.334312438964844,318.699951171875,0.2053221288515406,30.919532775878906,240.0,0.13191832348199892,318.699951171875,279.3499755859375,4.0,0.4444444444444444
2025-03-01 18:00:00,sample_data/synthetic_test/phase_02/synthetic_20250301_180000.tif,synthetic_test,120,ok,23.423603057861328,7.699951171875,166.83999633789062,347.59197998046875,392.5999755859375,0.07636767564565398,8.176466941833496,20.4000244140625,0.014883459702330806,8.345492362976074,20.300048828125,0.014933628318584071,8.207805633544922,20.0999755859375,0.015236567762630313,8.26627254486084,20.34503746032715,0.01661036036036036,32.92243957519531,281.4000244140625,0.11755012359241966,35.72026443481445,315.52496337890625,0.10914376321353066,8.37238883972168,20.9000244140625,0.017593643586833144,64.99669647216797,333.7650146484375,0.24789915966386555,36.0555305480957,268.7800598144531,0.13460505104782375,333.7650146484375,324.6449890136719,4.0,0.4444444444444444
2025-03-01 18:05:00,sample_data/synthetic_test/phase_02/synthetic_20250301_180500.tif,synthetic_test,121,ok,25.574542999267578,7.5999755859375,211.199951171875,341.09197998046875,387.199951171875,0.08386559289086365,7.954984188079834,19.0999755859375,0.011794439764111205,7.939600944519043,19.699951171875,0.012168141592920354,8.076583862304688,19.9000244140625,0.010959636460839348,7.943946838378906,19.4000244140625,0.015484234234234234,36.14573287963867,286.4000244140625,0.12963471573743476,44.2398796081543,326.15496826171875,0.13847780126849896,8.276588439941406,20.2850341796875,0.012485811577752554,70.42706298828125,319.7650146484375,0.27675070028011206,39.058837890625,282.63494873046875,0.14830736163353037,326.15496826171875,322.9599914550781,4.0,0.4444444444444444
2025-03-01 18:10:00,sample_data/synthetic_test/phase_02/synthetic_20250301_181000.tif,synthetic_test,122,ok,30.750900268554688,9.0,250.4600067138672,354.29205322265625,391.699951171875,0.11666512388534049,8.920723915100098,21.9000244140625,0.023027239539455208,9.17292594909668,22.199951171875,0.027931415929203538,9.213553428649902,22.5,0.02967121090617482,9.456502914428711,22.64496421813965,0.026745495495495496,44.17250442504883,300.0999755859375,0.16890964020873386,62.7039909362793,354.1950378417969,0.2135306553911205,9.19798469543457,22.0999755859375,0.024687854710556185,78.89269256591797,329.35504150390625,0.34173669467787116,44.8369140625,285.4949951171875,0.1950564212788823,354.1950378417969,341.77503967285156,4.0,0.4444444444444444
2025-03-01 18:15:00,sample_data/synthetic_test/phase_02/synthetic_20250301_181500.tif,synthetic_test,123,ok,35.19992446899414,12.5,254.8600311279297,349.199951171875,397.699951171875,0.1704156252892715,11.9159517288208,26.800048828125,0.06852007862959843,11.978954315185547,26.325042724609375,0.06886061946902655,12.059770584106445,27.0999755859375,0.07538091419406576,12.020438194274902,27.0999755859375,0.07150900900900901,49.42540740966797,309.4000244140625,0.23345234825597364,78.16744232177734,354.4700012207031,0.297568710359408,12.364557266235352,27.300048828125,0.08286038592508513,79.44437408447266,308.80999755859375,0.38823529411764707,48.67305374145508,281.5949401855469,0.24556689951638905,354.4700012207031,331.9350128173828,9.0,1.0
2025-03-01 18:20:00,sample_data/synthetic_test/phase_02/synthetic_20250301_182000.tif,synthetic_test,124,ok,41.086090087890625,17.199951171875,264.05999755859375,358.49200439453125,405.5,0.2673331481995742,15.702752113342285,31.199951171875,0.15388935692221287,15.692754745483398,31.325042724609375,0.16675884955752213,16.004838943481445,32.5999755859375,0.17214648489708634,16.172971725463867,32.0999755859375,0.18102477477477477,57.46319580078125,306.699951171875,0.3408404284537215,99.10551452636719,369.3850402832031,0.42045454545454547,15.749972343444824,31.4000244140625,0.159477866061294,78.89884948730469,299.1200256347656,0.46414565826330534,53.72149658203125,276.6949462890625,0.3449758194519076,369.3850402832031,338.04249572753906,9.0,1.0
2025-03-01 18:25:00,sample_data/synthetic_test/phase_02/synthetic_20250301_182500.tif,synthetic_test,125,ok,50.173561096191406,21.800048828125,288.0999755859375,355.99200439453125,676.300048828125,0.39529143139251444,19.526369094848633,35.800048828125,0.2763268744734625,19.85395622253418,35.925018310546875,0.29341814159292035,19.49994659423828,35.9000244140625,0.2841486233627372,19.78034782409668,36.5,0.28800675675675674,64.71858978271484,313.699951171875,0.46003845097500684,155.3012237548828,369.4850158691406,0.6630549682875264,20.184450149536133,36.5,0.31611804767309876,71.41433715820312,270.4000244140625,0.5221288515406163,57.3609619140625,273.2700500488281,0.44760881246641593,369.4850158691406,341.5924835205078,9.0,1.0
2025-03-01 18:30:00,sample_data/synthetic_test/phase_02/synthetic_20250301_183000.tif,synthetic_test,126,ok,54.159114837646484,25.5999755859375,273.86004638671875,371.07598876953125,652.800048828125,0.5185288037273597,23.291324615478516,39.5999755859375,0.4217916315641674,23.612749099731445,40.0,0.43473451327433627,23.502779006958008,40.0,0.44266238973536487,23.561935424804688,39.84503936767578,0.43186936936936937,72.20417785644531,318.5999755859375,0.5850041197473221,170.55807495117188,384.74005126953125,0.763477801268499,23.336322784423828,39.800048828125,0.4245175936435868,62.41910171508789,233.32998657226562,0.5957983193277311,60.64411926269531,266.594970703125,0.5569586243954863,384.74005126953125,351.6700134277344,9.0,1.0
2025-03-01 18:35:00,sample_data/synthetic_test/phase_02/synthetic_20250301_183500.tif,synthetic_test,127,ok,56.83781814575195,28.5999755859375,263.65997314453125,380.09197998046875,623.800048828125,0.6220185750871672,26.40604019165039,42.5,0.5622016287559675,26.409870147705078,42.5,0.5583517699115044,26.23170280456543,43.0,0.5434375835338144,26.359771728515625,42.94501495361328,0.5436373873873874,74.42462921142578,299.300048828125,0.6665751167261741,189.73326110839844,391.4850158691406,0.8509513742071881,26.365522384643555,42.5999755859375,0.5595913734392736,53.64960479736328,195.51998901367188,0.6554621848739496,57.24930191040039,236.97000122070312,0.6512627619559377,391.4850158691406,345.3925323486328,9.0,1.0
2025-03-01 18:40:00,sample_data/synthetic_test/phase_02/synthetic_20250301_184000.tif,synthetic_test,128,ok,58.083641052246094,30.699951171875,258.9000244140625,384.0,603.9000244140625,0.6827733037119319,28.17688751220703,45.0,0.6189272676214547,28.175634384155273,44.4000244140625,0.6274889380530974,28.08243751525879,44.300048828125,0.6182838813151563,28.478239059448242,45.0,0.6356981981981982,72.45915985107422,272.199951171875,0.7220543806646526,204.7210693359375,396.2550354003906,0.8974630021141649,28.208398818969727,44.38502883911133,0.626560726447219,46.257728576660156,159.15496826171875,0.6876750700280112,52.717735290527344,210.20504760742188,0.700967221923697,396.2550354003906,334.2274932861328,9.0,1.0
2025-03-01 18:45:00,sample_data/synthetic_test/phase_02/synthetic_20250301_184500.tif,synthetic_test,129,ok,57.5107536315918,31.199951171875,255.9000244140625,380.7680358886719,574.699951171875,0.6976457156962572,28.561275482177734,44.5999755859375,0.6405504071889918,28.90188217163086,44.825042724609375,0.6482300884955752,28.92338752746582,45.5999755859375,0.6474204758086073,28.88544273376465,45.4000244140625,0.6421734234234234,68.07286071777344,252.800048828125,0.7341389728096677,211.65377807617188,398.15496826171875,0.9201902748414377,28.958824157714844,45.199951171875,0.6481271282633371,39.81120300292969,118.30998992919922,0.684593837535014,47.789764404296875,179.4949951171875,0.7058033315421817,398.15496826171875,325.4775085449219,9.0,1.0
2025-03-01 18:50:00,sample_data/synthetic_test/phase_02/synthetic_20250301_185000.tif,synthetic_test,130,ok,56.0114631652832,30.5999755859375,251.9000244140625,382.49200439453125,568.699951171875,0.6840692400259187,28.015220642089844,44.800048828125,0.6046054479078911,28.33877182006836,44.624969482421875,0.6233407079646017,28.058086395263672,44.5,0.6217588879978615,28.720327377319336,45.94501495361328,0.6418918918918919,62.100521087646484,228.0,0.7217797308431749,216.30381774902344,401.7850341796875,0.9373678646934461,28.491943359375,44.88502883911133,0.6330874006810443,34.8303337097168,87.30998992919922,0.6705882352941176,42.65104293823242,148.39501953125,0.6929070392262224,401.7850341796875,314.89251708984375,9.0,1.0
2025-03-01 18:55:00,sample_data/synthetic_test/phase_02/synthetic_20250301_185500.tif,synthetic_test,131,ok,53.43070602416992,29.0999755859375,245.0,381.4000244140625,536.699951171875,0.6301644604893702,26.499074935913086,42.300048828125,0.566694748666105,26.569303512573242,42.825042724609375,0.5616703539823009,26.72125244140625,43.199951171875,0.5658914728682171,26.740062713623047,43.0,0.5726351351351351,55.97637939453125,203.0,0.6778357594067563,218.55162048339844,397.84002685546875,0.9437103594080338,26.807579040527344,43.0,0.5612939841089671,29.98339080810547,55.9000244140625,0.5927170868347339,36.13850021362305,116.59497833251953,0.6174099946265449,397.84002685546875,300.4200134277344,9.0,1.0
2025-03-01 19:00:00,sample_data/synthetic_test/phase_02/synthetic_20250301_190000.tif,synthetic_test,132,ok,50.31394577026367,26.0999755859375,243.199951171875,373.39202880859375,489.300048828125,0.5367027677496992,23.70600700378418,40.4000244140625,0.4377983712440326,23.935039520263672,40.699951171875,0.4557522123893805,29.884069442749023,42.0999755859375,0.45148356054530875,24.209402084350586,41.0999755859375,0.46030405405405406,48.28464889526367,183.300048828125,0.5789618236748146,215.5354766845703,390.0,0.9482029598308668,24.301929473876953,40.9000244140625,0.467366628830874,25.82386589050293,46.55498504638672,0.48851540616246497,30.327512741088867,82.800048828125,0.5276732939279957,390.0,286.6500244140625,9.0,1.0
2025-03-01 19:05:00,sample_data/synthetic_test/phase_02/synthetic_20250301_190500.tif,synthetic_test,133,ok,45.2745246887207,22.4000244140625,235.3600311279297,351.2600402832031,465.800048828125,0.4152550217532167,19.85189437866211,36.0,0.2892445942151081,20.485977172851562,36.524993896484375,0.31886061946902655,34.793128967285156,44.300048828125,0.32558139534883723,20.472240447998047,36.5,0.325731981981982,41.0847053527832,162.300048828125,0.46498214776160396,198.2505340576172,354.6699523925781,0.9542811839323467,20.81330680847168,37.0999755859375,0.3337116912599319,21.410306930541992,39.199951171875,0.33641456582633056,23.861284255981445,53.1899528503418,0.36673831273508867,354.6699523925781,258.48500061035156,9.0,1.0
2025-03-01 19:10:00,sample_data/synthetic_test/phase_02/synthetic_20250301_191000.tif,synthetic_test,134,ok,40.20463180541992,18.199951171875,228.0599822998047,335.083984375,421.0,0.3002252460736215,16.294944763183594,32.0999755859375,0.17326593653468128,16.28559112548828,32.300048828125,0.17809734513274336,40.77212142944336,337.4000244140625,0.24244854317027534,16.533672332763672,33.04499053955078,0.18637387387387389,34.0791015625,140.5,0.3474320241691843,180.32672119140625,322.8550109863281,0.9516384778012685,16.356470108032227,31.9000244140625,0.18359818388195231,16.78927230834961,33.45500946044922,0.19551820728291316,17.9694766998291,38.19495391845703,0.2138635142396561,337.4000244140625,330.1275177001953,9.0,1.0
2025-03-01 19:15:00,sample_data/synthetic_test/phase_02/synthetic_20250301_191500.tif,synthetic_test,135,ok,34.256893157958984,13.300048828125,207.5599822998047,320.4440002441406,403.800048828125,0.20414082507945325,12.134821891784668,26.4000244140625,0.07245155855096883,12.504037857055664,27.9000244140625,0.09236725663716815,41.909358978271484,327.199951171875,0.1649291633253141,12.737499237060547,28.14496421813965,0.08868243243243243,26.139055252075195,123.699951171875,0.2400439439714364,158.49136352539062,311.2850341796875,0.8742071881606766,12.422418594360352,27.2850341796875,0.07633371169125994,12.95910358428955,28.699951171875,0.09803921568627451,13.147233009338379,29.5,0.10424502955400322,327.199951171875,319.24249267578125,9.0,1.0
2025-03-01 19:20:00,sample_data/synthetic_test/phase_02/synthetic_20250301_192000.tif,synthetic_test,136,ok,28.640771865844727,9.699951171875,185.0,301.49200439453125,402.4000244140625,0.14856984171063595,9.400561332702637,23.0,0.029766919404661613,9.559983253479004,23.4000244140625,0.0351216814159292,39.11418914794922,299.800048828125,0.12991178829190056,9.617510795593262,22.800048828125,0.029842342342342343,19.8272705078125,99.5,0.14995880252677835,135.95936584472656,294.5699768066406,0.8316596194503171,9.55079460144043,23.0,0.03263337116912599,9.835210800170898,23.199951171875,0.03417366946778711,9.676196098327637,23.0949764251709,0.03465878559914025,299.800048828125,297.1850128173828,3.0,0.3333333333333333
2025-03-01 19:25:00,sample_data/synthetic_test/phase_02/synthetic_20250301_192500.tif,synthetic_test,137,ok,24.463991165161133,7.9000244140625,157.9000244140625,286.16796875,385.699951171875,0.12271282668394581,8.116456031799316,20.199951171875,0.016006739679865205,7.957162380218506,19.7249755859375,0.013827433628318585,36.88131332397461,265.800048828125,0.12697139802191929,8.06407642364502,19.699951171875,0.014076576576576577,15.555671691894531,70.800048828125,0.10162043394671794,114.25679016113281,284.6500549316406,0.7515856236786469,8.077496528625488,20.0,0.013904653802497162,8.373360633850098,21.15496253967285,0.02072829131652661,8.338150024414062,20.9000244140625,0.01585169263836647,284.6500549316406,275.2250518798828,3.0,0.3333333333333333
2025-03-01 19:30:00,sample_data/synthetic_test/phase_02/synthetic_20250301_193000.tif,synthetic_test,138,ok,22.10836410522461,7.9000244140625,136.37997436523438,267.9840087890625,390.0,0.10944490727884229,8.207355499267578,20.199951171875,0.015725919685481607,8.050552368164062,19.699951171875,0.012444690265486726,36.8809700012207,244.300048828125,0.13605987703822509,8.243779182434082,20.300048828125,0.01661036036036036,12.844822883605957,42.300048828125,0.07635265037077726,95.75711059570312,271.97998046875,0.65776955602537,8.154199600219727,20.300048828125,0.011634506242905789,8.398880004882812,21.0,0.015966386554621848,8.467838287353516,20.9000244140625,0.017195056421278884,271.97998046875,258.1400146484375,3.0,0.3333333333333333
2025-03-01 19:35:00,sample_data/synthetic_test/phase_02/synthetic_20250301_193500.tif,synthetic_test,139,ok,19.901165008544922,8.9000244140625,102.760009765625,235.800048828125,389.800048828125,0.10885865037489587,9.302218437194824,22.300048828125,0.030609379387812413,9.311391830444336,22.4000244140625,0.025719026548672565,32.02748107910156,201.300048828125,0.14274258219727345,9.349156379699707,22.699951171875,0.028434684684684686,11.901701927185059,29.5999755859375,0.07195825322713541,75.67190551757812,250.74005126953125,0.5615750528541226,9.35663890838623,22.4000244140625,0.02695800227014756,9.62983226776123,23.2550048828125,0.03305322128851541,9.509537696838379,23.300048828125,0.03680816765180011,250.74005126953125,226.02005004882812,3.0,0.3333333333333333
2025-03-01 19:40:00,sample_data/synthetic_test/phase_02/synthetic_20250301_194000.tif,synthetic_test,140,ok,17.931028366088867,10.0999755859375,65.0799789428711,192.57598876953125,391.5999755859375,0.1139189731247493,10.406318664550781,24.199951171875,0.04212299915754002,10.75636100769043,24.800048828125,0.047289823008849555,26.822481155395508,149.199951171875,0.15904838278535152,10.716443061828613,25.199951171875,0.05320945945945946,12.128973960876465,27.9000244140625,0.07607800054929964,55.71239471435547,204.16995239257812,0.46273784355179703,10.604881286621094,25.0,0.049943246311010214,11.200335502624512,25.800048828125,0.05910364145658263,10.912735939025879,26.0949764251709,0.05910800644814616,204.16995239257812,176.68495178222656,6.0,0.6666666666666666
2025-03-01 19:45:00,sample_data/synthetic_test/phase_02/synthetic_20250301_194500.tif,synthetic_test,141,ok,16.765369415283203,11.0,38.260009765625,161.5,401.4000244140625,0.11382640624517881,11.353132247924805,25.9000244140625,0.06346531873069362,11.562859535217285,26.0,0.06332964601769911,25.009489059448242,124.199951171875,0.17989842288158248,11.451464653015137,26.300048828125,0.06306306306306306,12.420681953430176,29.0,0.08761329305135952,42.53679275512695,171.6399688720703,0.3594080338266385,11.755051612854004,26.0999755859375,0.06299659477866061,11.651315689086914,26.45501136779785,0.06638655462184874,11.660290718078613,26.300048828125,0.0677055346587856,171.6399688720703,147.91996002197266,9.0,1.0
2025-03-01 19:50:00,sample_data/synthetic_test/phase_02/synthetic_20250301_195000.tif,synthetic_test,142,ok,16.378931045532227,10.800048828125,32.699951171875,192.9840087890625,395.199951171875,0.10386003887808942,11.57104778289795,26.0999755859375,0.057568098848638026,11.506858825683594,25.9000244140625,0.06111725663716814,26.633441925048828,132.0999755859375,0.17000801924619086,11.568327903747559,26.199951171875,0.06503378378378379,11.93056869506836,26.9000244140625,0.07168360340565778,36.78105163574219,188.47000122070312,0.27219873150105706,11.966202735900879,27.2850341796875,0.07519863791146425,12.166693687438965,27.4000244140625,0.07703081232492998,11.663515090942383,27.0,0.07066093498119291,188.47000122070312,160.2849884033203,9.0,1.0
2025-03-01 19:55:00,sample_data/synthetic_test/phase_02/synthetic_20250301_195500.tif,synthetic_test,143,ok,17.567041397094727,9.9000244140625,30.199951171875,302.8760070800781,406.300048828125,0.0852849517109445,10.600476264953613,24.699951171875,0.04745857905082842,10.89156436920166,25.300048828125,0.05282079646017699,34.973533630371094,270.9000244140625,0.14808874632451216,10.994114875793457,25.7449951171875,0.05630630630630631,11.488630294799805,26.699951171875,0.06893710519088163,43.468238830566406,300.65496826171875,0.21617336152219874,11.01572036743164,25.0,0.04965947786606129,11.375349998474121,26.699951171875,0.06610644257703081,11.088472366333008,25.300048828125,0.052659860290166574,300.65496826171875,285.7774963378906,7.0,0.7777777777777778
2025-03-01 20:00:00,sample_data/synthetic_test/phase_02/synthetic_20250301_200000.tif,synthetic_test,144,ok,19.2762451171875,8.699951171875,28.9000244140625,349.4000244140625,411.699951171875,0.07056681785923663,9.598258018493652,22.5999755859375,0.02864363942712721,9.450027465820312,22.5,0.028484513274336282,41.0260124206543,314.699951171875,0.14782143811815024,9.760641098022461,23.5,0.03519144144144144,10.208596229553223,24.300048828125,0.042845372150508106,61.066593170166016,366.63995361328125,0.22647991543340382,9.776816368103027,22.699951171875,0.03064699205448354,9.693249702453613,23.85503578186035,0.0392156862745098,9.906636238098145,23.800048828125,0.042987641053197204,366.63995361328125,340.6699523925781,2.0,0.2222222222222222
2025-03-01 20:05:00,sample_data/synthetic_test/phase_02/synthetic_20250301_200500.tif,synthetic_test,145,ok,20.973602294921875,7.5999755859375,30.199951171875,362.39202880859375,408.9000244140625,0.06479681569934277,8.321285247802734,20.800048828125,0.017410839651783208,8.449833869934082,20.4000244140625,0.018528761061946904,38.64448165893555,294.300048828125,0.14274258219727345,8.564273834228516,20.94501304626465,0.019425675675675675,8.617301940917969,21.0999755859375,0.021148036253776436,86.61955261230469,379.4850158691406,0.2869978858350951,8.593046188354492,21.5999755859375,0.02383654937570942,8.607479095458984,21.0999755859375,0.0196078431372549,8.536646842956543,21.0999755859375,0.019881783987103708,379.4850158691406,336.8925323486328,2.0,0.2222222222222222
2025-03-01 20:10:00,sample_data/synthetic_test/phase_02/synthetic_20250301_201000.tif,synthetic_test,146,ok,24.098743438720703,7.4000244140625,178.1599578857422,376.09197998046875,429.0,0.07109136351013608,7.977927207946777,19.5999755859375,0.010951979780960405,8.02251148223877,19.5,0.012168141592920354,34.097007751464844,256.5999755859375,0.13365410318096765,8.015625953674316,20.300048828125,0.01295045045045045,8.45957088470459,20.199951171875,0.014831090359791266,120.3764877319336,386.4000244140625,0.39244186046511625,7.981526851654053,19.4000244140625,0.014472190692395005,8.136162757873535,19.5999755859375,0.012044817927170869,8.273481369018555,20.1949520111084,0.016120365394948953,386.4000244140625,321.5,2.0,0.2222222222222222
2025-03-01 20:15:00,sample_data/synthetic_test/phase_02/synthetic_20250301_201500.tif,synthetic_test,147,ok,28.038440704345703,8.5,230.01998901367188,376.39202880859375,427.300048828125,0.09522046345151039,8.968437194824219,21.9000244140625,0.02190395956192081,8.810895919799805,21.524993896484375,0.020741150442477877,30.736404418945312,215.0,0.14087142475273992,9.105237007141113,22.0,0.0259009009009009,9.151907920837402,22.0999755859375,0.028838231255149685,151.13658142089844,390.7850341796875,0.5166490486257929,9.104965209960938,22.0999755859375,0.024404086265607264,8.995433807373047,22.0,0.02689075630252101,9.238795280456543,22.4000244140625,0.02525523911875336,390.7850341796875,302.89251708984375,2.0,0.2222222222222222
2025-03-01 20:20:00,sample_data/synthetic_test/phase_02/synthetic_20250301_202000.tif,synthetic_test,148,ok,32.90233612060547,11.5999755859375,247.5,376.67596435546875,434.5,0.14696534913141412,11.392754554748535,25.800048828125,0.057568098848638026,11.461173057556152,26.4000244140625,0.06305309734513274,28.311307907104492,172.9000244140625,0.18043303929430635,11.41359806060791,25.7449951171875,0.057432432432432436,12.158282279968262,27.5999755859375,0.07800054929964295,177.5795135498047,397.2550354003906,0.6442917547568711,11.700368881225586,26.699951171875,0.07037457434733257,11.97022533416748,27.4000244140625,0.07450980392156863,11.84836196899414,26.3950252532959,0.06636217087587319,397.2550354003906,285.07752990722656,9.0,1.0
2025-03-01 20:25:00,sample_data/synthetic_test/phase_02/synthetic_20250301_202500.tif,synthetic_test,149,ok,39.289554595947266,16.300048828125,265.800048828125,386.99200439453125,448.699951171875,0.23839057052053442,15.25282096862793,30.5,0.14714967705700646,15.287942886352539,30.5999755859375,0.15210176991150443,26.469526290893555,131.0999755859375,0.23282544774124567,15.476800918579102,31.0,0.16244369369369369,15.515243530273438,31.0,0.15764899752815162,209.26791381835938,409.6699523925781,0.7846194503171248,15.264784812927246,31.184955596923828,0.1503972758229285,15.826303482055664,31.9000244140625,0.17086834733893558,15.616657257080078,31.5949764251709,0.15905427189682966,409.6699523925781,270.3849639892578,9.0,1.0
2025-03-01 20:30:00,sample_data/synthetic_test/phase_02/synthetic_20250301_203000.tif,synthetic_test,150,ok,45.415504455566406,20.800048828125,283.260009765625,395.79205322265625,447.0,0.3625536116510846,18.88374137878418,35.199951171875,0.2645324347093513,19.45600128173828,35.925018310546875,0.2793141592920354,26.0069522857666,87.0,0.34723336006415395,19.522069931030273,36.0,0.28125,19.854736328125,36.5999755859375,0.3012908541609448,226.95755004882812,409.9549865722656,0.8768498942917548,19.10899543762207,35.4000244140625,0.26645856980703747,19.658092498779297,36.0,0.29747899159663865,29.42974090576172,39.300048828125,0.31757119828049435,409.9549865722656,248.4774932861328,9.0,1.0
2025-03-01 20:35:00,sample_data/synthetic_test/phase_02/synthetic_20250301_203500.tif,synthetic_test,151,ok,49.28846740722656,24.699951171875,280.699951171875,394.583984375,454.199951171875,0.48717948717948717,22.885087966918945,39.0,0.4144903117101938,22.743528366088867,39.2249755859375,0.4023783185840708,25.435232162475586,48.9000244140625,0.4351777599572307,23.090314865112305,39.699951171875,0.4270833333333333,23.497915267944336,40.5,0.43229881900576766,219.37252807617188,387.8850402832031,0.9159619450317125,23.019269943237305,39.48500442504883,0.42480136208853575,23.560001373291016,40.0999755859375,0.44201680672268906,50.47856140136719,394.5599670410156,0.4696399785061795,394.5599670410156,391.2225036621094,9.0,1.0
2025-03-01 20:40:00,sample_data/synthetic_test/phase_02/synthetic_20250301_204000.tif,synthetic_test,152,ok,53.51679611206055,27.9000244140625,283.36004638671875,405.2840576171875,456.199951171875,0.5977043413866518,25.69062042236328,42.800048828125,0.5192361696152766,25.956968307495117,42.5,0.5348451327433629,25.90582847595215,43.800048828125,0.5209836941994119,26.32046890258789,42.5999755859375,0.5481418918918919,26.714061737060547,43.699951171875,0.564405383136501,208.64901733398438,365.5849914550781,0.9429175475687104,26.53445053100586,43.0,0.5533484676503972,26.653812408447266,43.199951171875,0.5596638655462185,79.7024917602539,423.699951171875,0.6214400859752821,423.699951171875,394.64247131347656,9.0,1.0
2025-03-01 20:45:00,sample_data/synthetic_test/phase_02/synthetic_20250301_204500.tif,synthetic_test,153,ok,56.164432525634766,30.0,283.9000244140625,411.8760070800781,461.0,0.6703076305964393,27.67186164855957,43.800048828125,0.6046054479078911,28.197952270507812,44.825042724609375,0.6241703539823009,27.55394172668457,44.0,0.6046511627906976,27.853153228759766,44.2449951171875,0.6157094594594594,28.993515014648438,45.699951171875,0.6358143367206811,191.39979553222656,341.71002197265625,0.9381606765327696,28.013450622558594,44.800048828125,0.623439273552781,28.620561599731445,45.300048828125,0.642577030812325,107.93920135498047,428.3900146484375,0.7283718430951102,428.3900146484375,385.0500183105469,9.0,1.0
2025-03-01 20:50:00,sample_data/synthetic_test/phase_02/synthetic_20250301_205000.tif,synthetic_test,154,ok,56.6761589050293,30.9000244140625,278.800048828125,402.2840576171875,470.0,0.6936036286216791,28.640663146972656,45.300048828125,0.6374613872507723,28.42715835571289,44.524993896484375,0.6344026548672567,28.577573776245117,45.0,0.6385993049986635,29.295127868652344,45.699951171875,0.6686373873873874,30.66297721862793,46.800048828125,0.676737160120846,170.64706420898438,324.4850158691406,0.9149048625792812,28.8499698638916,45.800048828125,0.637911464245176,29.739553451538086,46.2550048828125,0.6607843137254902,127.01006317138672,425.39501953125,0.7536270822138635,425.39501953125,374.9400177001953,9.0,1.0
2025-03-01 20:55:00,sample_data/synthetic_test/phase_02/synthetic_20250301_205500.tif,synthetic_test,155,ok,57.03834915161133,30.5999755859375,280.05999755859375,411.07598876953125,463.300048828125,0.681724212410133,28.124767303466797,44.4000244140625,0.614434147711317,28.056386947631836,44.4000244140625,0.615320796460177,28.2197265625,44.300048828125,0.6233627372360332,29.00053596496582,45.4000244140625,0.6517454954954955,30.141637802124023,46.5,0.6624553694040098,153.59828186035156,305.4549865722656,0.8858350951374208,28.469100952148438,44.699951171875,0.6322360953461975,31.56151008605957,46.199951171875,0.6557422969187675,148.5030517578125,432.4949951171875,0.7807630306286942,432.4949951171875,368.97499084472656,9.0,1.0
2025-03-01 21:00:00,sample_data/synthetic_test/phase_02/synthetic_20250301_210000.tif,synthetic_test,156,ok,55.43471145629883,29.0,275.5,402.89202880859375,459.300048828125,0.6371995433367275,26.504323959350586,42.699951171875,0.5571468688570627,26.83551025390625,43.124969482421875,0.5713495575221239,27.043865203857422,43.5,0.5771184175354184,27.177223205566406,43.800048828125,0.5841779279279279,28.192365646362305,45.0999755859375,0.6154902499313375,138.7915802001953,297.800048828125,0.858615221987315,27.22639274597168,43.699951171875,0.5848467650397275,32.392799377441406,45.2550048828125,0.6089635854341736,157.5673065185547,425.9949951171875,0.7665233745298227,425.9949951171875,361.89752197265625,9.0,1.0
2025-03-01 21:05:00,sample_data/synthetic_test/phase_02/synthetic_20250301_210500.tif,synthetic_test,157,ok,51.92364501953125,26.300048828125,266.65997314453125,392.39202880859375,457.4000244140625,0.5444166743805733,23.959224700927734,40.199951171875,0.4597023308059534,24.212665557861328,40.199951171875,0.4593473451327434,24.093048095703125,40.5999755859375,0.4603047313552526,24.372411727905273,40.5999755859375,0.47184684684684686,25.236310958862305,43.199951171875,0.5031584729469926,126.44921112060547,297.9000244140625,0.803646934460888,24.69889259338379,41.4000244140625,0.48779795686719635,32.37495803833008,44.0999755859375,0.5056022408963585,155.2056427001953,406.094970703125,0.7283718430951102,406.094970703125,351.99749755859375,9.0,1.0
2025-03-01 21:10:00,sample_data/synthetic_test/phase_02/synthetic_20250301_211000.tif,synthetic_test,158,ok,48.96500015258789,22.800048828125,264.199951171875,391.0439758300781,458.199951171875,0.43086796877410594,20.722776412963867,37.0999755859375,0.33024431339511373,21.191509246826172,37.4000244140625,0.3440265486725664,20.949771881103516,37.0,0.3325314087142475,20.87421226501465,36.5999755859375,0.33474099099099097,21.7010440826416,37.9000244140625,0.37379840703103545,117.2670669555664,306.5849914550781,0.7296511627906976,21.16986656188965,37.800048828125,0.34619750283768447,30.939189910888672,41.9000244140625,0.3697478991596639,159.3165283203125,419.5899658203125,0.6966684578183772,419.5899658203125,363.0874786376953,9.0,1.0
2025-03-01 21:15:00,sample_data/synthetic_test/phase_02/synthetic_20250301_211500.tif,synthetic_test,159,ok,43.56296920776367,18.699951171875,255.0599822998047,377.79205322265625,449.4000244140625,0.30815514209016015,16.83246421813965,32.5,0.19208087615838249,17.155668258666992,33.0,0.2079646017699115,16.808740615844727,32.699951171875,0.18577920342154505,16.947832107543945,33.34503936767578,0.1981981981981982,17.514392852783203,33.800048828125,0.21971985718209283,105.03157806396484,310.5,0.6379492600422833,17.21722412109375,32.800048828125,0.20516458569807036,26.712438583374023,38.35503387451172,0.23781512605042016,151.83047485351562,390.9949951171875,0.6601289629231596,390.9949951171875,350.74749755859375,9.0,1.0
2025-03-01 21:20:00,sample_data/synthetic_test/phase_02/synthetic_20250301_212000.tif,synthetic_test,160,ok,39.44474792480469,14.0,240.0399932861328,379.0999755859375,452.199951171875,0.21598938566447592,12.727912902832031,27.800048828125,0.08059533838809323,12.94239616394043,27.9000244140625,0.08932522123893805,12.749211311340332,27.699951171875,0.08607324244854317,13.177448272705078,28.44501304626465,0.09656531531531531,13.543038368225098,29.4000244140625,0.11260642680582257,90.71424865722656,303.6699523925781,0.5539112050739958,12.98215103149414,28.0999755859375,0.08853575482406356,24.094284057617188,36.4000244140625,0.1473389355742297,156.7113800048828,401.63995361328125,0.6571735626007523,401.63995361328125,352.6549530029297,9.0,1.0
2025-03-01 21:25:00,sample_data/synthetic_test/phase_02/synthetic_20250301_212500.tif,synthetic_test,161,ok,38.49972915649414,10.199951171875,266.4000244140625,384.69195556640625,491.5,0.16816316455305624,9.688232421875,23.0999755859375,0.03173265936534681,9.946375846862793,23.524993896484375,0.03816371681415929,9.9093017578125,23.5999755859375,0.03688853247794707,9.91610336303711,23.54498863220215,0.038288288288288286,10.33625316619873,24.9000244140625,0.04888766822301566,115.6161117553711,379.199951171875,0.5330338266384778,9.951504707336426,23.800048828125,0.04199772985244041,19.314340591430664,30.15496253967285,0.07591036414565826,145.3133544921875,377.8900146484375,0.6399785061794734,379.199951171875,378.54498291015625,3.0,0.3333333333333333
2025-03-01 21:30:00,sample_data/synthetic_test/phase_02/synthetic_20250301_213000.tif,synthetic_test,162,ok,33.55771255493164,8.199951171875,243.260009765625,359.0599670410156,436.300048828125,0.14101021321237928,8.11260986328125,20.0,0.010109519797809604,8.172565460205078,19.800048828125,0.013550884955752213,8.027291297912598,19.699951171875,0.01309810211173483,8.377788543701172,20.5999755859375,0.018018018018018018,8.550836563110352,20.800048828125,0.02087338643229882,96.01239776611328,324.5099792480469,0.4796511627906977,8.151759147644043,20.199951171875,0.014188422247446084,16.67574119567871,26.7550048828125,0.05322128851540616,134.4592742919922,366.4800109863281,0.6179473401397099,366.4800109863281,345.4949951171875,3.0,0.3333333333333333
2025-03-01 21:35:00,sample_data/synthetic_test/phase_02/synthetic_20250301_213500.tif,synthetic_test,163,ok,30.09974479675293,8.0999755859375,213.9000244140625,329.2680358886719,433.300048828125,0.13058101144743745,8.148890495300293,19.9000244140625,0.009547879809042405,8.186338424682617,20.199951171875,0.015486725663716814,8.317909240722656,20.5,0.01309810211173483,8.173197746276855,19.64496421813965,0.010416666666666666,8.674155235290527,21.0,0.019774787146388355,78.12290954589844,260.4700012207031,0.4223044397463002,8.07491397857666,19.800048828125,0.009364358683314415,16.905881881713867,28.5999755859375,0.060784313725490195,121.8589096069336,366.2900390625,0.5881246641590543,366.2900390625,313.38002014160156,3.0,0.3333333333333333
2025-03-01 21:40:00,sample_data/synthetic_test/phase_02/synthetic_20250301_214000.tif,synthetic_test,164,ok,26.880496978759766,9.0999755859375,184.4000244140625,292.9679870605469,432.300048828125,0.13218550402665927,9.042572021484375,22.199951171875,0.02415051951698961,9.042893409729004,21.9000244140625,0.02461283185840708,9.225419998168945,22.300048828125,0.0272654370489174,9.362104415893555,22.300048828125,0.02533783783783784,9.80562973022461,23.199951171875,0.03735237572095578,63.63652038574219,214.9000244140625,0.3905919661733615,9.1173677444458,21.9000244140625,0.022985244040862655,16.279468536376953,30.35503578186035,0.0711484593837535,103.05561828613281,334.489990234375,0.5467490596453519,334.489990234375,274.69500732421875,3.0,0.3333333333333333
2025-03-01 21:45:00,sample_data/synthetic_test/phase_02/synthetic_20250301_214500.tif,synthetic_test,165,ok,23.724306106567383,10.300048828125,147.7200164794922,240.6839599609375,416.5,0.13588817920947885,10.422884941101074,24.4000244140625,0.04380791912384162,10.224004745483398,24.0999755859375,0.0420353982300885,10.170943260192871,23.800048828125,0.03982892274792836,10.520155906677246,25.199951171875,0.05095720720720721,10.81263542175293,25.4000244140625,0.05245811590222466,51.196537017822266,180.0999755859375,0.3514799154334038,10.537599563598633,24.7850341796875,0.04738933030646992,17.618236541748047,33.85503387451172,0.0969187675070028,79.68199157714844,282.2550354003906,0.4836109618484686,282.2550354003906,231.17750549316406,5.0,0.5555555555555556
2025-03-01 21:50:00,sample_data/synthetic_test/phase_02/synthetic_20250301_215000.tif,synthetic_test,166,ok,21.7316837310791,11.0,118.3399887084961,213.36802673339844,427.5,0.13915887562096949,11.163775444030762,25.800048828125,0.06009547879809042,11.453262329101562,26.2249755859375,0.06498893805309734,11.224617958068848,26.0999755859375,0.06388666132050254,11.40568733215332,25.9000244140625,0.057713963963963964,11.698022842407227,27.0,0.068662455369404,40.99069595336914,152.5,0.3158033826638478,11.604369163513184,26.0,0.06469920544835414,19.267061233520508,34.55498504638672,0.11568627450980393,65.157470703125,240.9000244140625,0.42638366469639977,240.9000244140625,196.70001220703125,9.0,1.0
2025-03-01 21:55:00,sample_data/synthetic_test/phase_02/synthetic_20250301_215500.tif,synthetic_test,167,ok,20.593692779541016,11.199951171875,89.5799789428711,247.26805114746094,453.0999755859375,0.13499336604029744,11.552008628845215,26.300048828125,0.06627351867452963,11.782827377319336,26.825042724609375,0.06858407079646017,11.628308296203613,26.300048828125,0.06522320235231222,11.702534675598145,26.9000244140625,0.07038288288288289,12.179045677185059,27.199951171875,0.08404284537215051,32.91252517700195,126.0999755859375,0.2869978858350951,11.423637390136719,25.9000244140625,0.06328036322360954,20.431989669799805,33.7550048828125,0.11876750700280111,61.418113708496094,288.4949951171875,0.3799032778076303,288.4949951171875,207.2974853515625,9.0,1.0
2025-03-01 22:00:00,sample_data/synthetic_test/phase_02/synthetic_20250301_220000.tif,synthetic_test,168,ok,20.14809799194336,10.5,72.800048828125,303.57598876953125,454.5999755859375,0.11240704742509797,10.945435523986816,25.300048828125,0.05279415894411682,11.177406311035156,25.699951171875,0.056969026548672565,11.0542631149292,25.4000244140625,0.0545308740978348,11.188682556152344,26.0,0.06137387387387387,11.390168190002441,26.0999755859375,0.06207085965394123,25.041383743286133,97.08497619628906,0.23017970401691332,11.290607452392578,26.184955596923828,0.06072644721906924,19.11341667175293,33.7550048828125,0.10084033613445378,69.62842559814453,343.4949951171875,0.322944653412144,343.4949951171875,220.28998565673828,9.0,1.0
2025-03-01 22:05:00,sample_data/synthetic_test/phase_02/synthetic_20250301_220500.tif,synthetic_test,169,ok,21.380098342895508,9.199951171875,57.15996170043945,376.384033203125,446.9000244140625,0.09540559721065137,9.84290885925293,23.699951171875,0.036787419264251615,9.89314079284668,23.425018310546875,0.03456858407079646,9.59917163848877,23.0,0.03020582731889869,10.043947219848633,23.9000244140625,0.04054054054054054,10.186433792114258,24.300048828125,0.04229607250755287,23.166994094848633,68.699951171875,0.20903805496828753,10.032973289489746,23.9000244140625,0.04029511918274688,16.807003021240234,29.765003204345703,0.07563025210084033,91.86061096191406,401.5999755859375,0.33879634605051046,401.5999755859375,235.14996337890625,3.0,0.3333333333333333
2025-03-01 22:10:00,sample_data/synthetic_test/phase_02/synthetic_20250301_221000.tif,synthetic_test,170,ok,24.292287826538086,8.0,50.920021057128906,415.09197998046875,459.9000244140625,0.08469869480699806,8.345099449157715,20.0999755859375,0.016849199663016005,8.870298385620117,22.0,0.02654867256637168,8.662334442138672,21.699951171875,0.022453889334402566,8.771170616149902,21.0999755859375,0.02252252252252252,8.7874755859375,21.4000244140625,0.021971985718209283,30.857112884521484,50.699951171875,0.181553911205074,8.64406967163086,20.800048828125,0.0170261066969353,14.330952644348145,25.45501136779785,0.05182072829131653,119.06493377685547,418.0,0.3906501880709296,418.0,234.3499755859375,3.0,0.3333333333333333
2025-03-01 22:15:00,sample_data/synthetic_test/phase_02/synthetic_20250301_221500.tif,synthetic_test,171,ok,25.652984619140625,7.5,191.0599822998047,399.29205322265625,454.0,0.07288098984849888,7.876214504241943,19.0999755859375,0.009828699803426004,7.872869491577148,19.0,0.010232300884955753,8.035391807556152,19.5,0.013900026730820636,8.135190963745117,20.0,0.014076576576576577,8.278715133666992,20.199951171875,0.015655039824224115,37.980262756347656,383.5999755859375,0.09064482029598309,8.13354206085205,19.5999755859375,0.013337116912599319,12.532099723815918,23.2550048828125,0.04145658263305322,128.8475799560547,402.23504638671875,0.43766792047286407,402.23504638671875,392.9175109863281,2.0,0.2222222222222222
2025-03-01 22:20:00,sample_data/synthetic_test/phase_02/synthetic_20250301_222000.tif,synthetic_test,172,ok,29.188919067382812,8.300048828125,243.6599578857422,410.09197998046875,462.9000244140625,0.09497361843932241,8.648356437683105,21.199951171875,0.02583543948329121,8.725109100341797,21.5,0.02295353982300885,8.659476280212402,21.5,0.02566158781074579,8.981389999389648,21.800048828125,0.024493243243243243,9.013127326965332,22.199951171875,0.02636638286185114,53.80430603027344,400.5,0.14112050739957716,8.681327819824219,21.184955596923828,0.019012485811577752,12.024789810180664,25.0999755859375,0.05042016806722689,139.458251953125,406.385009765625,0.5053734551316497,406.385009765625,403.4425048828125,3.0,0.3333333333333333
2025-03-01 22:25:00,sample_data/synthetic_test/phase_02/synthetic_20250301_222500.tif,synthetic_test,173,ok,34.41462326049805,11.0999755859375,271.5,412.4000244140625,471.5999755859375,0.1425838501650776,11.19278335571289,26.0,0.06178039876439202,11.301936149597168,26.0,0.06028761061946902,11.362602233886719,26.0999755859375,0.059609730018711574,11.192567825317383,25.800048828125,0.06024774774774775,11.531283378601074,26.4000244140625,0.06756385608349355,72.29125213623047,414.13995361328125,0.2204016913319239,10.958314895629883,25.5,0.053348467650397274,13.518766403198242,28.9000244140625,0.08515406162464986,150.17124938964844,405.6949462890625,0.5961848468565287,414.13995361328125,409.9174499511719,9.0,1.0
2025-03-01 22:30:00,sample_data/synthetic_test/phase_02/synthetic_20250301_223000.tif,synthetic_test,174,ok,38.298038482666016,15.5,266.0199890136719,406.199951171875,473.0,0.22101885278780586,14.580343246459961,29.9000244140625,0.11962931760741365,14.70094108581543,30.9000244140625,0.1415929203539823,14.711441040039062,30.9000244140625,0.13819834268912057,14.913795471191406,31.14496421813965,0.14358108108108109,15.288492202758789,31.199951171875,0.15270530074155453,83.3150863647461,408.6849670410156,0.3134249471458774,14.705787658691406,29.5,0.1347900113507378,16.095294952392578,32.65496063232422,0.16218487394957984,149.60308837890625,389.1849670410156,0.6622783449758195,408.6849670410156,398.9349670410156,9.0,1.0
2025-03-01 22:35:00,sample_data/synthetic_test/phase_02/synthetic_20250301_223500.tif,synthetic_test,175,ok,42.82749557495117,20.0999755859375,267.15997314453125,408.5999755859375,480.5,0.3374371316609584,18.699689865112305,34.699951171875,0.2527379949452401,18.775028228759766,35.024993896484375,0.25055309734513276,18.681636810302734,35.5,0.252071638599305,18.796987533569336,34.9000244140625,0.25253378378378377,19.311973571777344,36.199951171875,0.2782202691568251,95.93387603759766,417.1849670410156,0.4677589852008457,18.409732818603516,34.5999755859375,0.24687854710556187,19.77680778503418,36.45500946044922,0.2907563025210084,149.6827850341797,393.8900146484375,0.7256851155292854,417.1849670410156,405.53749084472656,9.0,1.0
2025-03-01 22:40:00,sample_data/synthetic_test/phase_02/synthetic_20250301_224000.tif,synthetic_test,176,ok,46.5599250793457,24.0999755859375,265.0,408.300048828125,481.9000244140625,0.4669999074331204,22.38379669189453,38.5999755859375,0.38023027239539453,22.727210998535156,39.5,0.41095132743362833,22.690589904785156,38.9000244140625,0.40844693932103715,22.936880111694336,39.699951171875,0.4107545045045045,23.1160945892334,40.199951171875,0.4163691293600659,107.283935546875,422.0,0.5784883720930233,22.715438842773438,39.68495559692383,0.40124858115777523,23.018095016479492,39.5999755859375,0.4123249299719888,144.3987579345703,373.2850341796875,0.7638366469639979,422.0,397.64251708984375,9.0,1.0
2025-03-01 22:45:00,sample_data/synthetic_test/phase_02/synthetic_20250301_224500.tif,synthetic_test,177,ok,48.568321228027344,27.4000244140625,250.5999755859375,401.4679870605469,489.4000244140625,0.5814125705822457,25.70384979248047,42.300048828125,0.523167649536647,25.73468017578125,42.0,0.5265486725663717,25.52969741821289,42.0,0.524993317294841,25.970016479492188,42.4000244140625,0.5287162162162162,26.56346893310547,43.4000244140625,0.5572644877780829,113.40882873535156,421.0999755859375,0.6897463002114165,26.077552795410156,42.699951171875,0.5394438138479001,26.210308074951172,43.0,0.5366946778711484,134.46401977539062,361.2950439453125,0.7880171950564213,421.0999755859375,391.197509765625,9.0,1.0
2025-03-01 22:50:00,sample_data/synthetic_test/phase_02/synthetic_20250301_225000.tif,synthetic_test,178,ok,48.54291534423828,29.5,233.5999755859375,375.699951171875,498.699951171875,0.650590885247925,27.65150260925293,43.9000244140625,0.5900028081999439,27.64778709411621,43.325042724609375,0.6031526548672567,27.763673782348633,43.5,0.6107992515370222,27.939105987548828,44.9000244140625,0.6081081081081081,28.603736877441406,45.0999755859375,0.6363636363636364,114.86551666259766,408.699951171875,0.754492600422833,28.003236770629883,44.48500442504883,0.6169125993189557,28.599328994750977,45.5,0.6313725490196078,119.04795837402344,347.18994140625,0.793390650188071,408.699951171875,377.9449462890625,9.0,1.0
2025-03-01 22:55:00,sample_data/synthetic_test/phase_02/synthetic_20250301_225500.tif,synthetic_test,179,ok,48.08564758300781,30.4000244140625,221.760009765625,367.39202880859375,487.300048828125,0.681847634916227,28.45633316040039,44.699951171875,0.6338107273237854,28.592727661132812,44.699951171875,0.6366150442477876,28.510103225708008,44.800048828125,0.632183908045977,29.011037826538086,45.64496612548828,0.6509009009009009,29.783823013305664,46.5,0.6764625102993683,120.89300537109375,392.4549865722656,0.7869978858350951,29.085498809814453,44.98500442504883,0.6643019296254257,29.757143020629883,46.800048828125,0.6773109243697479,102.62407684326172,317.1849670410156,0.7759269210102095,392.4549865722656,354.8199768066406,9.0,1.0
2025-03-01 23:00:00,sample_data/synthetic_test/phase_02/synthetic_20250301_230000.tif,synthetic_test,180,ok,46.04584503173828,30.0,196.760009765625,354.7840576171875,485.699951171875,0.6756765096115277,28.393962860107422,45.0999755859375,0.641112047177759,28.48017120361328,45.199951171875,0.6357853982300885,28.172039031982422,44.199951171875,0.6295108259823576,28.820354461669922,45.2449951171875,0.6469594594594594,29.522933959960938,46.5999755859375,0.6641032683328756,121.8429946899414,381.5,0.7867336152219874,28.816543579101562,45.699951171875,0.6407491486946651,29.26081085205078,46.15496063232422,0.6560224089635854,85.34400177001953,276.300048828125,0.7710908113917249,381.5,328.9000244140625,9.0,1.0
2025-03-01 23:05:00,sample_data/synthetic_test/phase_02/synthetic_20250301_230500.tif,synthetic_test,181,ok,42.98948669433594,28.5,182.800048828125,335.09197998046875,486.5,0.6227899657502546,27.015470504760742,43.800048828125,0.5703454085930918,27.2639102935791,43.800048828125,0.588495575221239,26.6441593170166,43.0,0.5656241646618552,27.632095336914062,44.4000244140625,0.5954391891891891,27.9763240814209,45.199951171875,0.620159296896457,121.1368637084961,372.4850158691406,0.75607822410148,27.649629592895508,44.300048828125,0.5919409761634506,27.907060623168945,44.699951171875,0.6089635854341736,68.39183044433594,236.6949462890625,0.699892530897367,372.4850158691406,304.58998107910156,9.0,1.0
2025-03-01 23:10:00,sample_data/synthetic_test/phase_02/synthetic_20250301_231000.tif,synthetic_test,182,ok,39.41483688354492,25.9000244140625,157.760009765625,333.39202880859375,478.0,0.5298528186614829,24.371076583862305,41.0,0.4658803706823926,24.83868980407715,41.300048828125,0.49363938053097345,24.60778045654297,41.199951171875,0.48115477145148355,25.170185089111328,42.14496612548828,0.5067567567567568,25.656578063964844,42.9000244140625,0.5130458665201868,120.93067932128906,369.9850158691406,0.7056025369978859,24.964954376220703,41.48500442504883,0.48496027241770717,24.904958724975586,41.5,0.492156862745098,54.05964660644531,195.89501953125,0.6109618484685653,369.9850158691406,282.9400177001953,9.0,1.0
2025-03-01 23:15:00,sample_data/synthetic_test/phase_02/synthetic_20250301_231500.tif,synthetic_test,183,ok,34.63104248046875,22.4000244140625,137.4600067138672,326.4000244140625,477.5999755859375,0.4070782807244901,21.052091598510742,37.199951171875,0.3358607132827857,21.346155166625977,37.699951171875,0.35204646017699115,21.41077423095703,37.9000244140625,0.36140069500133654,21.354249954223633,37.300048828125,0.35219594594594594,22.052074432373047,38.699951171875,0.3732491073880802,113.70753479003906,363.8700256347656,0.6271141649048626,21.57131004333496,37.9000244140625,0.3569807037457435,21.947282791137695,38.35503387451172,0.3750700280112045,42.360504150390625,156.594970703125,0.5094035464803869,363.8700256347656,260.2324981689453,9.0,1.0
2025-03-01 23:20:00,sample_data/synthetic_test/phase_02/synthetic_20250301_232000.tif,synthetic_test,184,ok,29.191545486450195,18.0,108.800048828125,321.09197998046875,487.4000244140625,0.2663766237773458,16.98407745361328,33.300048828125,0.19516989609660207,17.313467025756836,33.699951171875,0.206858407079646,17.321197509765625,33.300048828125,0.21224271585137663,17.4901180267334,33.4000244140625,0.21171171171171171,17.75641441345215,34.0999755859375,0.226036803076078,105.24942016601562,343.0849914550781,0.5457188160676533,17.516572952270508,33.699951171875,0.2185017026106697,17.781597137451172,34.9000244140625,0.21876750700280112,30.838207244873047,117.78504943847656,0.34578183772165505,343.0849914550781,230.43502044677734,9.0,1.0
2025-03-01 23:25:00,sample_data/synthetic_test/phase_02/synthetic_20250301_232500.tif,synthetic_test,185,ok,23.932666778564453,13.5999755859375,75.55998229980469,297.59197998046875,468.9000244140625,0.15859792033077233,13.204071998596191,27.5,0.08817747823645043,13.296791076660156,28.4000244140625,0.09955752212389381,13.35731029510498,28.5,0.09756749532210639,13.491948127746582,28.699951171875,0.10472972972972973,13.716121673583984,29.0999755859375,0.10354298269706125,94.87165069580078,336.63995361328125,0.4741014799154334,13.497957229614258,28.9000244140625,0.1061293984108967,13.875938415527344,29.300048828125,0.11092436974789915,21.97270393371582,81.0,0.22165502418054808,336.63995361328125,208.81997680664062,9.0,1.0
2025-03-01 23:30:00,sample_data/synthetic_test/phase_02/synthetic_20250301_233000.tif,synthetic_test,186,ok,19.45111846923828,9.5,43.0,281.1599426269531,452.5,0.09713351229596717,10.249957084655762,23.800048828125,0.03903397921932041,10.203926086425781,23.9000244140625,0.03954646017699115,10.286206245422363,23.9000244140625,0.04116546377973804,10.118720054626465,24.699951171875,0.04786036036036036,10.465531349182129,25.0,0.0497116176874485,84.7061538696289,327.2700500488281,0.427061310782241,9.983625411987305,23.800048828125,0.039727582292849034,10.493531227111816,24.800048828125,0.04789915966386555,14.796586990356445,42.58498001098633,0.12385814078452445,327.2700500488281,184.92751502990723,2.0,0.2222222222222222
2025-03-01 23:35:00,sample_data/synthetic_test/phase_02/synthetic_20250301_233500.tif,synthetic_test,187,ok,16.14503288269043,7.5999755859375,30.300048828125,259.49200439453125,454.800048828125,0.06223579869789256,8.183908462524414,20.0999755859375,0.012356079752878404,8.464795112609863,20.5,0.014933628318584071,8.27701187133789,20.300048828125,0.01657310879443999,8.357769012451172,20.199951171875,0.012105855855855855,8.597610473632812,21.0,0.01675363911013458,73.02217102050781,305.3550109863281,0.3808139534883721,8.430419921875,20.699951171875,0.01844494892167991,8.51302433013916,20.800048828125,0.017927170868347338,10.317140579223633,26.0,0.05400322407307899,305.3550109863281,165.67750549316406,2.0,0.2222222222222222
2025-03-01 23:40:00,sample_data/synthetic_test/phase_02/synthetic_20250301_234000.tif,synthetic_test,188,ok,14.632728576660156,7.300048828125,26.300048828125,231.39202880859375,458.800048828125,0.05415162454873646,8.079050064086914,20.199951171875,0.014883459702330806,8.073174476623535,19.624969482421875,0.012168141592920354,8.05787181854248,19.9000244140625,0.01309810211173483,8.183727264404297,20.0,0.013513513513513514,8.36374568939209,20.0,0.012084592145015106,63.13861083984375,282.5849914550781,0.35174418604651164,8.141061782836914,19.885028839111328,0.013337116912599319,8.161680221557617,20.300048828125,0.01288515406162465,8.726545333862305,21.2950439453125,0.026329930145083287,282.5849914550781,151.9400177001953,1.0,0.1111111111111111
2025-03-01 23:45:00,sample_data/synthetic_test/phase_02/synthetic_20250301_234500.tif,synthetic_test,189,ok,14.050782203674316,8.199951171875,26.699951171875,199.8200225830078,416.0999755859375,0.05874911290073745,8.989777565002441,22.300048828125,0.02695871946082561,9.014547348022461,21.800048828125,0.024059734513274336,9.006950378417969,21.800048828125,0.02619620422346966,9.004165649414062,21.800048828125,0.02393018018018018,9.358939170837402,22.5999755859375,0.03158472946992585,51.295249938964844,256.6849670410156,0.2999471458773784,9.101929664611816,21.885028839111328,0.024971623155505107,9.272016525268555,22.300048828125,0.02997198879551821,9.290971755981445,22.2950439453125,0.025792584631918324,256.6849670410156,139.64247131347656,1.0,0.1111111111111111
2025-03-01 23:50:00,sample_data/synthetic_test/phase_02/synthetic_20250301_235000.tif,synthetic_test,190,ok,14.115532875061035,9.300048828125,27.800048828125,172.56797790527344,434.300048828125,0.07013483908790769,10.171974182128906,23.699951171875,0.035102499297950014,10.301494598388672,24.0,0.03926991150442478,10.37506103515625,24.5999755859375,0.04570970328789094,10.21635627746582,24.0999755859375,0.04054054054054054,10.765338897705078,25.5,0.05547926393847844,42.132110595703125,225.56997680664062,0.2581923890063425,10.27647590637207,24.4000244140625,0.045119182746878546,10.494986534118652,25.0999755859375,0.05126050420168067,10.686942100524902,25.0,0.04997313272434175,225.56997680664062,125.53498840332031,3.0,0.3333333333333333
2025-03-01 23:55:00,sample_data/synthetic_test/phase_02/synthetic_20250301_235500.tif,synthetic_test,191,ok,14.298636436462402,10.5,28.5999755859375,138.86802673339844,473.5,0.08266222345644729,11.077591896057129,25.5999755859375,0.055040718899185624,11.32248306274414,25.9000244140625,0.059457964601769914,11.491500854492188,25.699951171875,0.05934242181234964,11.337360382080078,26.5999755859375,0.06531531531531531,11.649984359741211,27.199951171875,0.07085965394122494,35.964508056640625,192.88502502441406,0.23017970401691332,11.360556602478027,25.5999755859375,0.05646992054483541,11.578264236450195,26.95501136779785,0.07170868347338935,11.693014144897461,26.6949520111084,0.06851155292853305,192.88502502441406,110.04248809814453,9.0,1.0
2025-03-02 00:00:00,sample_data/synthetic_test/phase_02/synthetic_20250302_000000.tif,synthetic_test,192,ok,14.08431625366211,10.699951171875,28.300048828125,101.78404235839844,468.5999755859375,0.08411243790305162,11.539678573608398,26.0999755859375,0.061218758775624826,11.58470630645752,26.024993896484375,0.06139380530973451,11.56621265411377,26.300048828125,0.06655974338412189,11.731897354125977,26.9000244140625,0.07291666666666667,12.024608612060547,27.300048828125,0.0752540510848668,31.959064483642578,174.41000366210938,0.2005813953488372,11.644949913024902,26.485004425048828,0.06583427922814983,11.807479858398438,26.699951171875,0.07226890756302522,11.917113304138184,26.9000244140625,0.07361633530360022,174.41000366210938,100.85502624511719,9.0,1.0
2025-03-02 00:05:00,sample_data/synthetic_test/phase_02/synthetic_20250302_000500.tif,synthetic_test,193,ok,13.417750358581543,10.199951171875,27.4000244140625,69.4280014038086,478.0999755859375,0.07244901107716992,10.983235359191895,25.0999755859375,0.05082841898343162,11.191645622253418,25.5,0.05309734513274336,11.085484504699707,25.800048828125,0.06041165463779738,11.341384887695312,26.04498863220215,0.06278153153153153,11.44056510925293,26.5999755859375,0.068662455369404,29.98530387878418,152.74005126953125,0.16992600422832982,11.086122512817383,25.800048828125,0.05930760499432463,11.479074478149414,26.65496253967285,0.06638655462184874,11.241860389709473,25.4000244140625,0.05454056958624395,152.74005126953125,89.69750690460205,9.0,1.0
2025-03-02 00:10:00,sample_data/synthetic_test/phase_02/synthetic_20250302_001000.tif,synthetic_test,194,ok,12.597367286682129,8.9000244140625,25.199951171875,49.492000579833984,476.800048828125,0.05122034002900429,10.075708389282227,23.800048828125,0.037629879247402416,10.081220626831055,23.699951171875,0.03816371681415929,9.980167388916016,23.5999755859375,0.03368083400160385,10.292877197265625,24.4000244140625,0.04335585585585586,10.29442310333252,24.699951171875,0.04586652018676188,31.001638412475586,189.56997680664062,0.13583509513742073,10.17196273803711,23.684955596923828,0.036606129398410896,10.180392265319824,23.5999755859375,0.03753501400560224,10.255453109741211,24.9000244140625,0.04809242342826437,189.56997680664062,107.23500061035156,1.0,0.1111111111111111
2025-03-02 00:15:00,sample_data/synthetic_test/phase_02/synthetic_20250302_001500.tif,synthetic_test,195,ok,11.915033340454102,7.699951171875,22.800048828125,64.47997283935547,485.800048828125,0.033663488537134745,8.756781578063965,21.5999755859375,0.02330805953383881,8.929093360900879,21.5,0.022123893805309734,8.599973678588867,20.800048828125,0.019246190858059342,8.719452857971191,21.7449951171875,0.02195945945945946,9.08069133758545,22.5,0.03158472946992585,35.24654006958008,302.6699523925781,0.11442917547568711,8.711634635925293,21.385028839111328,0.02043132803632236,8.852828025817871,21.9000244140625,0.0226890756302521,8.99467945098877,21.800048828125,0.02203116603976357,302.6699523925781,162.58497619628906,1.0,0.1111111111111111
2025-03-02 00:20:00,sample_data/synthetic_test/phase_02/synthetic_20250302_002000.tif,synthetic_test,196,ok,12.06145191192627,6.9000244140625,21.059986114501953,216.1599578857422,485.4000244140625,0.024993057484032213,8.002921104431152,19.5999755859375,0.011232799775344004,8.006720542907715,19.800048828125,0.01327433628318584,8.015183448791504,19.699951171875,0.012830793905372895,8.078407287597656,19.9000244140625,0.009009009009009009,8.233973503112793,19.9000244140625,0.010985992859104642,42.68094253540039,368.1099548339844,0.12447145877378435,7.855420112609863,19.184955596923828,0.011634506242905789,7.972828388214111,19.9000244140625,0.01288515406162465,8.056634902954102,19.8950252532959,0.013433637829124127,368.1099548339844,194.00498962402344,1.0,0.1111111111111111
2025-03-02 00:25:00,sample_data/synthetic_test/phase_02/synthetic_20250302_002500.tif,synthetic_test,197,ok,13.497827529907227,7.5,22.9000244140625,292.9159851074219,490.300048828125,0.03566910426116202,8.41999340057373,20.800048828125,0.016568379668632408,8.537057876586914,21.0999755859375,0.018805309734513276,8.506494522094727,20.800048828125,0.01871157444533547,8.464582443237305,21.0,0.01998873873873874,8.726008415222168,21.199951171875,0.019225487503433124,50.2617073059082,391.72503662109375,0.15248414376321354,8.706782341003418,21.199951171875,0.024404086265607264,8.899551391601562,21.800048828125,0.02100840336134454,8.873966217041016,21.699951171875,0.025792584631918324,391.72503662109375,206.76254272460938,1.0,0.1111111111111111
2025-03-02 00:30:00,sample_data/synthetic_test/phase_02/synthetic_20250302_003000.tif,synthetic_test,198,ok,16.28141212463379,9.699951171875,27.199951171875,326.8600158691406,499.5,0.0699188497022432,10.667649269104004,24.800048828125,0.04802021903959562,10.728981971740723,25.4000244140625,0.05448008849557522,10.472519874572754,24.9000244140625,0.0491847099705961,11.091104507446289,25.5999755859375,0.056587837837837836,11.000767707824707,25.9000244140625,0.05877506179620983,57.72624206542969,397.5699768066406,0.20031712473572938,10.553631782531738,24.5,0.04540295119182747,10.898991584777832,25.5,0.056022408963585436,10.967301368713379,25.5,0.05373455131649651,397.5699768066406,211.73500061035156,6.0,0.6666666666666666
2025-03-02 00:35:00,sample_data/synthetic_test/phase_02/synthetic_20250302_003500.tif,synthetic_test,199,ok,20.705097198486328,13.800048828125,32.699951171875,343.59197998046875,506.699951171875,0.1470887716375081,14.105447769165039,29.5999755859375,0.11934849761303004,13.99906063079834,30.0,0.11919247787610619,14.122264862060547,29.699951171875,0.11708099438652766,14.693524360656738,30.94501304626465,0.13626126126126126,14.555837631225586,30.5,0.13238121395221092,66.34799194335938,400.8100280761719,0.28964059196617337,14.306553840637207,30.300048828125,0.13195232690124858,14.391176223754883,30.4000244140625,0.12408963585434174,17.427457809448242,31.5999755859375,0.14669532509403546,400.8100280761719,216.2050018310547,9.0,1.0
2025-03-02 00:40:00,sample_data/synthetic_test/phase_02/synthetic_20250302_004000.tif,synthetic_test,200,ok,25.198043823242188,18.5,37.4000244140625,348.29205322265625,511.0999755859375,0.2674257150791447,18.232379913330078,34.300048828125,0.24290929514181409,18.215457916259766,34.024993896484375,0.2361725663716814,18.129430770874023,34.300048828125,0.23416198877305533,18.13060188293457,34.0999755859375,0.23423423423423423,18.806812286376953,35.5999755859375,0.26503707772589946,68.01596069335938,387.62493896484375,0.39561310782241016,18.42959976196289,34.300048828125,0.24971623155505107,18.840700149536133,35.15496063232422,0.26022408963585436,27.726730346679688,37.4000244140625,0.28533046749059643,387.62493896484375,212.51248168945312,9.0,1.0
2025-03-02 00:45:00,sample_data/synthetic_test/phase_02/synthetic_20250302_004500.tif,synthetic_test,201,ok,29.998565673828125,22.5999755859375,42.0,370.96795654296875,523.199951171875,0.4046715418556574,21.860572814941406,38.199951171875,0.3743330525133389,22.177349090576172,39.0,0.38329646017699115,22.103527069091797,38.0999755859375,0.3806468858593959,22.264301300048828,38.800048828125,0.3854166666666667,22.682971954345703,38.9000244140625,0.4020873386432299,69.33552551269531,356.8550109863281,0.50607822410148,22.094491958618164,38.699951171875,0.3793984108967083,22.540420532226562,39.0999755859375,0.4053221288515406,42.50217819213867,47.5,0.4228909188608275,356.8550109863281,202.17750549316406,9.0,1.0
2025-03-02 00:50:00,sample_data/synthetic_test/phase_02/synthetic_20250302_005000.tif,synthetic_test,202,ok,33.94108963012695,25.9000244140625,46.0,386.699951171875,521.4000244140625,0.5300688080471474,24.803707122802734,41.5,0.4830103903397922,25.419775009155273,42.149993896484375,0.5080199115044248,25.47805404663086,41.5999755859375,0.5172413793103449,25.506925582885742,41.5999755859375,0.5160472972972973,26.160451889038086,43.300048828125,0.538588299917605,66.28692626953125,316.800048828125,0.6199788583509513,25.289133071899414,42.0,0.5019863791146425,25.823026657104492,43.2550048828125,0.5229691876750701,58.231998443603516,445.800048828125,0.5569586243954863,445.800048828125,381.300048828125,9.0,1.0
2025-03-02 00:55:00,sample_data/synthetic_test/phase_02/synthetic_20250302_005500.tif,synthetic_test,203,ok,36.97840118408203,28.300048828125,48.96001052856445,401.0999755859375,530.5999755859375,0.6213397513036503,27.186012268066406,43.699951171875,0.5824206683515867,27.5919246673584,44.0,0.5995575221238938,27.388957977294922,43.9000244140625,0.591285752472601,27.89752197265625,44.64496612548828,0.6151463963963963,28.405851364135742,45.0999755859375,0.6311452897555616,61.64595413208008,291.1800537109375,0.6818181818181818,27.99040985107422,44.88502883911133,0.6081157775255391,28.35235023498535,45.15496063232422,0.6210084033613446,73.70612335205078,455.199951171875,0.6582482536270822,455.199951171875,373.19000244140625,9.0,1.0
2025-03-02 01:00:00,sample_data/synthetic_test/phase_02/synthetic_20250302_010000.tif,synthetic_test,204,ok,38.39350891113281,29.300048828125,50.5999755859375,400.66796875,529.199951171875,0.6613903545311488,28.1611385345459,44.5,0.6183656276326874,28.537918090820312,44.699951171875,0.6460176991150443,28.719032287597656,45.300048828125,0.6383319967923016,28.740259170532227,45.300048828125,0.6416103603603603,29.832077026367188,46.699951171875,0.6723427629772041,57.89828109741211,259.4850158691406,0.7185517970401691,28.75462532043457,45.18495559692383,0.6518161180476731,29.221288681030273,46.0999755859375,0.65406162464986,82.79105377197266,451.9700012207031,0.7109081139172488,451.9700012207031,355.7275085449219,9.0,1.0
2025-03-02 01:05:00,sample_data/synthetic_test/phase_02/synthetic_20250302_010500.tif,synthetic_test,205,ok,39.265953063964844,29.4000244140625,51.699951171875,405.5999755859375,534.9000244140625,0.6614212101576723,28.35262680053711,45.199951171875,0.6281943274361135,28.515155792236328,44.300048828125,0.6402101769911505,28.690378189086914,45.0,0.6332531408714247,28.82575798034668,45.14496612548828,0.647240990990991,29.368085861206055,46.699951171875,0.6558637736885471,54.871803283691406,243.47000122070312,0.7182875264270613,28.735328674316406,45.18495559692383,0.6373439273552781,29.366640090942383,46.05498504638672,0.6635854341736694,93.43415069580078,462.094970703125,0.722729715206878,462.094970703125,352.78248596191406,9.0,1.0
2025-03-02 01:10:00,sample_data/synthetic_test/phase_02/synthetic_20250302_011000.tif,synthetic_test,206,ok,38.377079010009766,28.199951171875,50.9000244140625,403.9000244140625,534.0999755859375,0.6164645623129378,27.24521255493164,43.0999755859375,0.5908452681830947,27.360536575317383,43.9000244140625,0.5837942477876106,27.112777709960938,43.699951171875,0.5736434108527132,27.871509552001953,44.5999755859375,0.6109234234234234,28.202280044555664,45.300048828125,0.6154902499313375,51.8128662109375,244.08497619628906,0.6688689217758985,27.57236099243164,44.4000244140625,0.5947786606129398,28.26546287536621,44.9000244140625,0.6226890756302521,96.73059844970703,457.5899658203125,0.683772165502418,457.5899658203125,350.8374710083008,9.0,1.0
2025-03-02 01:15:00,sample_data/synthetic_test/phase_02/synthetic_20250302_011500.tif,synthetic_test,207,ok,36.12857437133789,25.9000244140625,48.800048828125,389.5199890136719,536.199951171875,0.5308710543367583,24.880064010620117,41.199951171875,0.4886267902274642,25.123064041137695,41.524993896484375,0.49142699115044247,25.17623519897461,41.4000244140625,0.5020048115477145,25.185049057006836,42.0,0.4946509009009009,26.073551177978516,43.0999755859375,0.535017852238396,47.350868225097656,219.18495178222656,0.580338266384778,25.12040138244629,41.4000244140625,0.5031214528944381,26.019020080566406,42.55498504638672,0.5364145658263305,97.06987762451172,439.3800354003906,0.6364857603439011,439.3800354003906,329.2824935913086,9.0,1.0
2025-03-02 01:20:00,sample_data/synthetic_test/phase_02/synthetic_20250302_012000.tif,synthetic_test,208,ok,33.71046447753906,22.5,47.199951171875,393.095947265625,520.5999755859375,0.4107501002807862,21.595619201660156,37.199951171875,0.35804549283909015,21.69917106628418,37.800048828125,0.3689159292035398,21.479578018188477,38.0,0.36059877038225074,22.01154327392578,37.699951171875,0.3885135135135135,22.39700698852539,39.300048828125,0.3957703927492447,41.4718017578125,205.25503540039062,0.4751585623678647,22.10158920288086,38.699951171875,0.38393870601589103,22.477310180664062,39.2550048828125,0.3971988795518207,104.74518585205078,450.15496826171875,0.5585706609349812,450.15496826171875,327.7050018310547,9.0,1.0
2025-03-02 01:25:00,sample_data/synthetic_test/phase_02/synthetic_20250302_012500.tif,synthetic_test,209,ok,29.873533248901367,18.4000244140625,44.0,371.9840087890625,520.5,0.26998673208059487,17.824066162109375,33.9000244140625,0.22493681550126368,17.874557495117188,34.0999755859375,0.2195796460176991,17.905561447143555,33.9000244140625,0.2322908313285218,18.260135650634766,34.699951171875,0.23564189189189189,18.17759132385254,35.300048828125,0.24224114254325735,35.096458435058594,172.5999755859375,0.33879492600422834,17.74018096923828,34.0,0.2224744608399546,18.137338638305664,34.699951171875,0.24313725490196078,104.39476776123047,444.5549621582031,0.45916174099946266,444.5549621582031,308.5774688720703,9.0,1.0
2025-03-02 01:30:00,sample_data/synthetic_test/phase_02/synthetic_20250302_013000.tif,synthetic_test,210,ok,25.441513061523438,13.9000244140625,39.199951171875,367.3760070800781,513.5,0.16285599679101484,13.834233283996582,29.5,0.11654029766919405,14.005752563476562,30.124969482421875,0.12721238938053098,13.999678611755371,28.699951171875,0.11574445335471799,13.99366569519043,29.7449951171875,0.12471846846846847,14.349270820617676,30.0999755859375,0.133754463059599,27.675926208496094,138.8899688720703,0.21168076109936576,14.03433609008789,30.0999755859375,0.1152099886492622,14.136919021606445,29.7550048828125,0.11988795518207283,99.6957015991211,407.6749572753906,0.38876947877485224,407.6749572753906,273.28246307373047,9.0,1.0
2025-03-02 01:35:00,sample_data/synthetic_test/phase_02/synthetic_20250302_013500.tif,synthetic_test,211,ok,21.571102142333984,9.9000244140625,34.9000244140625,351.29205322265625,509.5999755859375,0.09253602394396618,10.519599914550781,24.9000244140625,0.04886267902274642,10.370491027832031,24.425018310546875,0.04535398230088496,10.424137115478516,23.9000244140625,0.04063084736701417,10.668497085571289,25.0999755859375,0.05067567567567568,10.74597454071045,25.300048828125,0.053007415545179896,20.819238662719727,99.699951171875,0.13424947145877378,10.481440544128418,24.0999755859375,0.040011350737797956,10.848011016845703,25.05498695373535,0.050140056022408966,96.14959716796875,395.7800598144531,0.35599140247178934,395.7800598144531,247.74000549316406,5.0,0.5555555555555556
2025-03-02 01:40:00,sample_data/synthetic_test/phase_02/synthetic_20250302_014000.tif,synthetic_test,212,ok,18.384075164794922,7.699951171875,30.0999755859375,330.083984375,502.9000244140625,0.06300718936097997,8.33858585357666,20.800048828125,0.016568379668632408,8.33570384979248,20.300048828125,0.017699115044247787,8.411093711853027,20.300048828125,0.01710772520716386,8.46748161315918,20.4000244140625,0.018862612612612614,8.758801460266113,21.300048828125,0.019774787146388355,15.510438919067383,63.69002151489258,0.08562367864693446,8.732121467590332,21.2850341796875,0.0235527809307605,8.75095272064209,21.5,0.020168067226890758,87.50029754638672,379.2850341796875,0.3353036002149382,379.2850341796875,221.48752784729004,2.0,0.2222222222222222
2025-03-02 01:45:00,sample_data/synthetic_test/phase_02/synthetic_20250302_014500.tif,synthetic_test,213,ok,16.70026397705078,7.199951171875,26.199951171875,295.8680114746094,504.0999755859375,0.053688790150884014,7.758522033691406,18.9000244140625,0.011232799775344004,8.034707069396973,19.524993896484375,0.011615044247787611,8.101469993591309,19.5999755859375,0.010692328254477412,8.006278038024902,19.4000244140625,0.01097972972972973,8.274209022521973,20.5,0.014281790716836034,12.159194946289062,32.18495559692383,0.0613107822410148,8.012117385864258,19.699951171875,0.013337116912599319,8.337030410766602,20.5,0.015966386554621848,79.23960876464844,351.8900146484375,0.322944653412144,351.8900146484375,192.03748512268066,2.0,0.2222222222222222
2025-03-02 01:50:00,sample_data/synthetic_test/phase_02/synthetic_20250302_015000.tif,synthetic_test,214,ok,15.721198081970215,7.9000244140625,27.0999755859375,251.300048828125,457.5999755859375,0.05856397914159647,8.803678512573242,21.5,0.02358887952822241,8.854894638061523,21.199951171875,0.01991150442477876,8.675006866455078,21.0,0.01871157444533547,8.688992500305176,20.9000244140625,0.02027027027027027,8.95207405090332,21.5,0.021148036253776436,10.919475555419922,26.684955596923828,0.05866807610993657,8.92116928100586,22.0,0.022701475595913734,9.03705883026123,21.9000244140625,0.0226890756302521,66.64900207519531,321.594970703125,0.30951101558301986,321.594970703125,174.1399631500244,2.0,0.2222222222222222
2025-03-02 01:55:00,sample_data/synthetic_test/phase_02/synthetic_20250302_015500.tif,synthetic_test,215,ok,15.243858337402344,9.199951171875,28.5,203.45199584960938,510.5,0.07303526798111636,10.070878982543945,23.800048828125,0.03819151923616962,10.01720142364502,24.300048828125,0.04452433628318584,10.020716667175293,23.9000244140625,0.03929430633520449,10.340288162231445,24.44501304626465,0.044763513513513514,10.46816635131836,24.699951171875,0.04723976929414996,11.031157493591309,26.0,0.0589323467230444,9.962032318115234,23.5999755859375,0.03688989784335982,10.503138542175293,24.699951171875,0.04649859943977591,53.3255729675293,258.2850341796875,0.292315959161741,258.2850341796875,142.14251708984375,2.0,0.2222222222222222
2025-03-02 02:00:00,sample_data/synthetic_test/phase_02/synthetic_20250302_020000.tif,synthetic_test,216,ok,15.230908393859863,10.4000244140625,28.9000244140625,172.13595581054688,503.5999755859375,0.08469869480699806,11.212523460388184,25.9000244140625,0.05841055883178883,11.1205472946167,25.925018310546875,0.06028761061946902,11.20959758758545,25.4000244140625,0.05479818230419674,11.201098442077637,26.199951171875,0.06447072072072071,11.588052749633789,26.5999755859375,0.06756385608349355,11.602907180786133,26.4000244140625,0.0660676532769556,11.492196083068848,25.5999755859375,0.05646992054483541,11.520251274108887,25.800048828125,0.05994397759103642,45.048519134521484,234.9949951171875,0.2678667383127351,234.9949951171875,130.7974853515625,9.0,1.0
2025-03-02 02:05:00,sample_data/synthetic_test/phase_02/synthetic_20250302_020500.tif,synthetic_test,217,ok,15.044242858886719,10.800048828125,29.0999755859375,150.199951171875,504.4000244140625,0.08874078188157611,11.309098243713379,26.0,0.061499578770008424,11.681497573852539,26.524993896484375,0.06554203539823009,11.448141098022461,26.0999755859375,0.061748195669607056,11.737106323242188,26.800048828125,0.0678490990990991,11.915188789367676,26.5,0.068662455369404,11.854572296142578,26.5999755859375,0.07399577167019028,11.654313087463379,26.5,0.06923950056753689,11.936554908752441,27.4000244140625,0.08123249299719888,40.80784606933594,218.49497985839844,0.24261149919398173,218.49497985839844,122.94750213623047,9.0,1.0
2025-03-02 02:10:00,sample_data/synthetic_test/phase_02/synthetic_20250302_021000.tif,synthetic_test,218,ok,15.307126998901367,10.300048828125,28.0,173.0039825439453,511.199951171875,0.07936067141843316,11.114266395568848,25.699951171875,0.056725638865487225,11.511475563049316,26.325042724609375,0.06388274336283185,11.122481346130371,26.0,0.06094627105052125,11.469396591186523,26.300048828125,0.06306306306306306,11.40705680847168,26.300048828125,0.06371875858280693,11.353540420532227,25.684955596923828,0.0589323467230444,11.322474479675293,25.885028839111328,0.06299659477866061,11.438404083251953,26.9000244140625,0.07058823529411765,45.81679153442383,309.0899658203125,0.2060720042987641,309.0899658203125,167.9949951171875,9.0,1.0
2025-03-02 02:15:00,sample_data/synthetic_test/phase_02/synthetic_20250302_021500.tif,synthetic_test,219,ok,14.980964660644531,9.0999755859375,26.0999755859375,243.08795166015625,524.0,0.058995957912925424,10.076326370239258,23.9000244140625,0.03931479921370402,10.121627807617188,23.9000244140625,0.038993362831858405,10.368456840515137,24.4000244140625,0.043036621224271585,10.205012321472168,24.0999755859375,0.0419481981981982,10.410408020019531,24.300048828125,0.042845372150508106,10.392890930175781,24.5,0.04386892177589852,10.241544723510742,24.199951171875,0.04256526674233825,10.519832611083984,25.199951171875,0.052100840336134456,51.228824615478516,391.4000244140625,0.1832348199892531,391.4000244140625,208.29998779296875,2.0,0.2222222222222222
2025-03-02 02:20:00,sample_data/synthetic_test/phase_02/synthetic_20250302_022000.tif,synthetic_test,220,ok,15.26220703125,7.800048828125,24.0999755859375,372.196044921875,518.9000244140625,0.043629855904224135,8.932744026184082,21.699951171875,0.019376579612468407,8.919607162475586,21.800048828125,0.019358407079646017,8.648730278015137,21.199951171875,0.024057738572574178,8.969003677368164,21.800048828125,0.0259009009009009,9.13683032989502,22.5,0.02993683054106015,9.173306465148926,22.5,0.02959830866807611,9.097360610961914,22.485004425048828,0.026390465380249715,8.982324600219727,22.0999755859375,0.024089635854341738,63.64801025390625,438.3700256347656,0.1891456206340677,438.3700256347656,230.4350128173828,1.0,0.1111111111111111
2025-03-02 02:25:00,sample_data/synthetic_test/phase_02/synthetic_20250302_022500.tif,synthetic_test,221,ok,14.991308212280273,7.0,22.199951171875,353.3280334472656,519.5999755859375,0.03489771359807461,7.885454177856445,19.5,0.010390339792193204,7.964519023895264,19.4000244140625,0.011061946902654867,7.919914245605469,19.800048828125,0.012296177492649024,8.123536109924316,20.0999755859375,0.014076576576576577,8.306317329406738,20.699951171875,0.014831090359791266,8.220349311828613,20.0,0.010835095137420718,7.990975856781006,19.9000244140625,0.014472190692395005,8.35397720336914,20.35503578186035,0.018487394957983194,68.15786743164062,437.39501953125,0.20123589468027941,437.39501953125,229.0474853515625,1.0,0.1111111111111111
2025-03-02 02:30:00,sample_data/synthetic_test/phase_02/synthetic_20250302_023000.tif,synthetic_test,222,ok,15.827085494995117,7.300048828125,23.5,368.7280578613281,516.5999755859375,0.04199450769847882,8.227463722229004,20.0,0.014602639707947207,8.36626148223877,20.7249755859375,0.018805309734513276,8.345576286315918,20.800048828125,0.015503875968992248,8.360895156860352,20.699951171875,0.015765765765765764,8.702088356018066,21.0,0.020598736610821202,8.53512191772461,20.800048828125,0.018234672304439745,8.3272123336792,20.800048828125,0.017309875141884222,8.492239952087402,21.15496253967285,0.023809523809523808,72.88536071777344,419.8750305175781,0.22729715206878023,419.8750305175781,220.5149965286255,1.0,0.1111111111111111
2025-03-02 02:35:00,sample_data/synthetic_test/phase_02/synthetic_20250302_023500.tif,synthetic_test,223,ok,17.832338333129883,9.4000244140625,27.800048828125,338.5999755859375,521.199951171875,0.07139991977537104,10.354225158691406,24.4000244140625,0.04352709912945802,10.391260147094727,24.4000244140625,0.04341814159292035,10.42226505279541,24.5,0.045442395081529,10.329955101013184,24.14496421813965,0.04420045045045045,10.713211059570312,25.300048828125,0.05328206536665751,10.51442813873291,25.199951171875,0.05179704016913319,10.366969108581543,24.584980010986328,0.0445516458569807,10.351483345031738,24.9000244140625,0.049019607843137254,74.91908264160156,417.5849914550781,0.261687264911338,417.5849914550781,221.44252014160156,3.0,0.3333333333333333
2025-03-02 02:40:00,sample_data/synthetic_test/phase_02/synthetic_20250302_024000.tif,synthetic_test,224,ok,20.416748046875,13.300048828125,33.0,300.48797607421875,522.199951171875,0.1381406399456941,13.423476219177246,28.5999755859375,0.09744453805110924,14.048036575317383,30.325042724609375,0.12085176991150443,13.761427879333496,29.699951171875,0.11333867949746057,13.737527847290039,29.699951171875,0.11092342342342343,13.98646068572998,30.300048828125,0.11645152430650921,14.037368774414062,30.4000244140625,0.125,13.784677505493164,29.5,0.11010215664018161,13.978515625,29.65496253967285,0.11960784313725491,71.06292724609375,381.89501953125,0.32106394411606665,381.89501953125,206.14752197265625,9.0,1.0
2025-03-02 02:45:00,sample_data/synthetic_test/phase_02/synthetic_20250302_024500.tif,synthetic_test,225,ok,23.240507125854492,17.9000244140625,37.0999755859375,258.26800537109375,528.0999755859375,0.25070196550340956,17.634990692138672,33.300048828125,0.2184779556304409,17.89347267150879,33.925018310546875,0.21847345132743362,17.960304260253906,34.300048828125,0.23656776263031276,17.80985450744629,34.0999755859375,0.22804054054054054,18.446199417114258,34.800048828125,0.2518538862949739,18.440143585205078,34.699951171875,0.24550739957716702,17.964216232299805,34.38502883911133,0.23013620885357547,17.81103515625,34.05498504638672,0.22296918767507004,63.783477783203125,328.7950439453125,0.39790435249865663,328.7950439453125,181.79754638671875,9.0,1.0
2025-03-02 02:50:00,sample_data/synthetic_test/phase_02/synthetic_20250302_025000.tif,synthetic_test,226,ok,25.788869857788086,22.0,40.800048828125,213.88800048828125,445.300048828125,0.3828257582770218,21.384443283081055,37.199951171875,0.35242909295141817,21.514047622680664,38.0,0.3561946902654867,21.427505493164062,38.0,0.34776797647687785,21.732431411743164,38.4000244140625,0.36768018018018017,22.309144973754883,39.0999755859375,0.39082669596264763,22.110544204711914,39.0,0.3866279069767442,21.69580078125,38.5,0.36662883087400683,21.85803985595703,38.0,0.37142857142857144,56.89503479003906,279.300048828125,0.5008060182697475,279.300048828125,159.20001220703125,9.0,1.0
2025-03-02 02:55:00,sample_data/synthetic_test/phase_02/synthetic_20250302_025500.tif,synthetic_test,227,ok,28.12289047241211,25.300048828125,44.0,170.09197998046875,392.5,0.5117405658921904,24.444538116455078,40.0999755859375,0.4804830103903398,24.75934600830078,41.199951171875,0.4892146017699115,24.652069091796875,41.4000244140625,0.48195669607056935,25.23082733154297,41.8900260925293,0.4938063063063063,25.741470336914062,42.5999755859375,0.5251304586652019,25.417943954467773,42.4000244140625,0.5108350951374208,25.190549850463867,41.5999755859375,0.5,25.50111961364746,42.0999755859375,0.523249299719888,51.37909698486328,231.18995666503906,0.6018269747447609,231.18995666503906,136.89496612548828,9.0,1.0
2025-03-02 03:00:00,sample_data/synthetic_test/phase_02/synthetic_20250302_030000.tif,synthetic_test,228,ok,29.74814796447754,27.800048828125,46.0,122.69195556640625,342.199951171875,0.6055108148970965,27.188262939453125,43.300048828125,0.5798932884021343,27.19635009765625,43.699951171875,0.5804756637168141,27.262441635131836,43.4000244140625,0.590483827853515,27.69327163696289,44.4000244140625,0.6083896396396397,27.946882247924805,45.5,0.6072507552870091,28.080495834350586,45.0,0.614693446088795,27.501588821411133,43.9000244140625,0.5967650397275823,27.863588333129883,44.800048828125,0.6022408963585434,46.28710174560547,184.30502319335938,0.6630843632455669,184.30502319335938,114.90251159667969,9.0,1.0
2025-03-02 03:05:00,sample_data/synthetic_test/phase_02/synthetic_20250302_030500.tif,synthetic_test,229,ok,30.323575973510742,29.0,46.800048828125,78.20404052734375,288.0,0.6530284797432812,28.29202651977539,44.300048828125,0.6318449873631002,28.495546340942383,45.300048828125,0.6426991150442478,28.46763038635254,45.0,0.6313819834268912,28.747774124145508,44.800048828125,0.6489301801801802,29.3231258392334,46.5,0.6624553694040098,29.32782745361328,46.58498001098633,0.6643763213530656,28.75919532775879,45.68495559692383,0.6387627695800226,29.53801155090332,46.55498504638672,0.6753501400560225,41.59040832519531,155.88502502441406,0.6805480924234283,155.88502502441406,101.2350025177002,9.0,1.0
2025-03-02 03:10:00,sample_data/synthetic_test/phase_02/synthetic_20250302_031000.tif,synthetic_test,230,ok,30.05483055114746,29.0999755859375,46.9000244140625,61.199951171875,282.5999755859375,0.6556512079977784,28.309772491455078,44.699951171875,0.6324066273518675,28.78733253479004,44.925018310546875,0.6415929203539823,28.6772518157959,45.300048828125,0.640737770649559,29.05571746826172,45.5999755859375,0.6556869369369369,29.480443954467773,46.5999755859375,0.6608074704751442,29.546064376831055,46.800048828125,0.662262156448203,28.849374771118164,44.9000244140625,0.6489784335981839,29.756778717041016,46.5999755859375,0.6728291316526611,37.66192626953125,116.2950439453125,0.6813541106931758,116.2950439453125,81.54754638671875,9.0,1.0
2025-03-02 03:15:00,sample_data/synthetic_test/phase_02/synthetic_20250302_031500.tif,synthetic_test,231,ok,28.646631240844727,28.0999755859375,45.300048828125,55.5,226.5,0.6175753648677836,27.367006301879883,43.9000244140625,0.5891603482167931,27.530364990234375,43.5,0.6003871681415929,27.44966697692871,43.4000244140625,0.599304998663459,28.33254623413086,45.300048828125,0.6252815315315315,28.762042999267578,45.0,0.6429552320790991,28.439983367919922,45.38502883911133,0.6271141649048626,28.11251449584961,44.88502883911133,0.6118047673098751,28.526636123657227,45.5,0.6215686274509804,33.27488327026367,68.199951171875,0.6407845244492208,68.199951171875,56.8499755859375,9.0,1.0
2025-03-02 03:20:00,sample_data/synthetic_test/phase_02/synthetic_20250302_032000.tif,synthetic_test,232,ok,26.127483367919922,25.699951171875,42.9000244140625,51.0999755859375,188.800048828125,0.5260267209725693,25.206880569458008,41.4000244140625,0.5051951698960966,25.33592414855957,41.699951171875,0.5,25.28529930114746,42.300048828125,0.5017375033413526,25.77975845336914,41.94501495361328,0.5250563063063063,26.40241813659668,43.699951171875,0.5487503433122769,26.60930061340332,43.5999755859375,0.5473044397463002,25.627357482910156,42.0,0.5190124858115778,26.15459632873535,42.800048828125,0.5358543417366947,28.592504501342773,47.39002227783203,0.5497044599677593,47.39002227783203,45.544986724853516,9.0,1.0
2025-03-02 03:25:00,sample_data/synthetic_test/phase_02/synthetic_20250302_032500.tif,synthetic_test,233,ok,22.713224411010742,22.5,39.46001052856445,46.992000579833984,131.699951171875,0.4017094017094017,22.00749969482422,38.300048828125,0.37686043246279133,22.256969451904297,38.325042724609375,0.3874446902654867,22.415075302124023,39.0,0.3900026730820636,22.484516143798828,38.94501495361328,0.39836711711711714,23.00640106201172,40.199951171875,0.4169184290030212,22.738981246948242,39.7850341796875,0.4072410147991543,22.495742797851562,38.4000244140625,0.3978433598183882,22.79269027709961,39.699951171875,0.40896358543417366,24.28847312927246,41.699951171875,0.4373992477162816,41.699951171875,40.949951171875,9.0,1.0
2025-03-02 03:30:00,sample_data/synthetic_test/phase_02/synthetic_20250302_033000.tif,synthetic_test,234,ok,18.617090225219727,18.300048828125,35.0,42.4000244140625,101.5,0.2529235706131013,17.990312576293945,34.0999755859375,0.2344846953103061,18.464269638061523,34.0999755859375,0.24778761061946902,18.396631240844727,34.300048828125,0.24806201550387597,18.600027084350586,34.5999755859375,0.24802927927927929,18.845178604125977,35.5,0.25569898379566053,18.834671020507812,35.0,0.26242071881606766,18.5047664642334,34.7850341796875,0.2409194097616345,18.704761505126953,36.0,0.2549019607843137,19.14540672302246,36.5,0.2813003761418592,36.5,36.25,9.0,1.0
2025-03-02 03:35:00,sample_data/synthetic_test/phase_02/synthetic_20250302_033500.tif,synthetic_test,235,ok,14.653043746948242,13.9000244140625,30.699951171875,37.5,58.699951171875,0.13672128112561324,14.103144645690918,29.800048828125,0.11485537770289245,14.488605499267578,30.2249755859375,0.1269358407079646,14.335871696472168,30.199951171875,0.1293771718791767,14.781362533569336,30.800048828125,0.14217342342342343,14.783467292785645,31.0999755859375,0.1441911562757484,14.910994529724121,31.0999755859375,0.14931289640591966,14.56705379486084,30.0999755859375,0.12797956867196367,15.166807174682617,31.7550048828125,0.15098039215686274,14.748119354248047,30.800048828125,0.14535196131112305,31.7550048828125,31.427490234375,9.0,1.0
2025-03-02 03:40:00,sample_data/synthetic_test/phase_02/synthetic_20250302_034000.tif,synthetic_test,236,ok,11.090768814086914,9.9000244140625,25.5999755859375,32.5,52.9000244140625,0.05569440587491129,11.052430152893066,25.0,0.04886267902274642,11.044026374816895,25.0999755859375,0.05088495575221239,10.821249961853027,25.300048828125,0.05185779203421545,11.013289451599121,25.64496421813965,0.05827702702702703,11.093463897705078,25.9000244140625,0.058500411974732214,11.275185585021973,26.0,0.05946088794926004,10.874007225036621,25.184955596923828,0.051645856980703744,11.055097579956055,25.85503578186035,0.05938375350140056,11.534631729125977,26.0,0.0615260612573885,26.0,26.0,8.0,0.8888888888888888
2025-03-02 03:45:00,sample_data/synthetic_test/phase_02/synthetic_20250302_034500.tif,synthetic_test,237,ok,8.702129364013672,7.4000244140625,21.300048828125,27.5999755859375,43.5,0.02027214662593724,8.539849281311035,21.5,0.02218477955630441,8.530613899230957,20.9000244140625,0.018528761061946904,8.657310485839844,21.199951171875,0.0227211975407645,8.638822555541992,21.300048828125,0.020551801801801804,8.712166786193848,20.9000244140625,0.015929689645701732,8.815960884094238,21.800048828125,0.022198731501057084,8.594921112060547,20.684955596923828,0.014755959137343927,8.909860610961914,21.9000244140625,0.024089635854341738,8.913325309753418,21.699951171875,0.021493820526598602,21.9000244140625,21.85003662109375,0.0,0.0
2025-03-02 03:50:00,sample_data/synthetic_test/phase_02/synthetic_20250302_035000.tif,synthetic_test,238,ok,8.086892127990723,6.800048828125,20.0999755859375,26.199951171875,41.5999755859375,0.013977598815143941,7.960292339324951,19.5999755859375,0.012636899747262006,7.984789848327637,19.925018310546875,0.014933628318584071,8.054049491882324,19.800048828125,0.012296177492649024,8.20534896850586,20.14496421813965,0.015484234234234234,8.191155433654785,20.300048828125,0.020598736610821202,8.30916976928711,20.5999755859375,0.013742071881606765,7.9326605796813965,19.985004425048828,0.013053348467650397,8.06271743774414,20.0,0.01288515406162465,8.105695724487305,20.0,0.010209564750134336,20.5999755859375,20.45001220703125,0.0,0.0
2025-03-02 03:55:00,sample_data/synthetic_test/phase_02/synthetic_20250302_035500.tif,synthetic_test,239,ok,8.766819953918457,7.4000244140625,21.5,28.199951171875,52.4000244140625,0.02212348421734703,8.476999282836914,20.699951171875,0.01825329963493401,8.451078414916992,21.0,0.018805309734513276,8.78030014038086,21.5999755859375,0.02218658112804063,8.633641242980957,21.0,0.019707207207207207,9.038369178771973,21.800048828125,0.02499313375446306,9.056632995605469,22.0,0.023784355179704016,8.671907424926758,21.184955596923828,0.02043132803632236,8.799888610839844,21.9000244140625,0.02492997198879552,8.934065818786621,22.2950439453125,0.024717893605588393,22.2950439453125,22.14752197265625,0.0,0.0
