timestamp,image_path,dataset_name,processed_index,status,mean_abs_diff,median_abs_diff,p95_abs_diff,p99_abs_diff,max_abs_diff,area_ratio_above_threshold,cell_001_mean_abs_diff,cell_001_p95_abs_diff,cell_001_area_ratio_above_threshold,cell_002_mean_abs_diff,cell_002_p95_abs_diff,cell_002_area_ratio_above_threshold,cell_003_mean_abs_diff,cell_003_p95_abs_diff,cell_003_area_ratio_above_threshold,cell_004_mean_abs_diff,cell_004_p95_abs_diff,cell_004_area_ratio_above_threshold,cell_005_mean_abs_diff,cell_005_p95_abs_diff,cell_005_area_ratio_above_threshold,cell_006_mean_abs_diff,cell_006_p95_abs_diff,cell_006_area_ratio_above_threshold,cell_007_mean_abs_diff,cell_007_p95_abs_diff,cell_007_area_ratio_above_threshold,cell_008_mean_abs_diff,cell_008_p95_abs_diff,cell_008_area_ratio_above_threshold,cell_009_mean_abs_diff,cell_009_p95_abs_diff,cell_009_area_ratio_above_threshold,cell_010_mean_abs_diff,cell_010_p95_abs_diff,cell_010_area_ratio_above_threshold,cell_011_mean_abs_diff,cell_011_p95_abs_diff,cell_011_area_ratio_above_threshold,cell_012_mean_abs_diff,cell_012_p95_abs_diff,cell_012_area_ratio_above_threshold,cell_013_mean_abs_diff,cell_013_p95_abs_diff,cell_013_area_ratio_above_threshold,cell_014_mean_abs_diff,cell_014_p95_abs_diff,cell_014_area_ratio_above_threshold,cell_015_mean_abs_diff,cell_015_p95_abs_diff,cell_015_area_ratio_above_threshold,cell_016_mean_abs_diff,cell_016_p95_abs_diff,cell_016_area_ratio_above_threshold,cell_017_mean_abs_diff,cell_017_p95_abs_diff,cell_017_area_ratio_above_threshold,cell_018_mean_abs_diff,cell_018_p95_abs_diff,cell_018_area_ratio_above_threshold,cell_019_mean_abs_diff,cell_019_p95_abs_diff,cell_019_area_ratio_above_threshold,cell_020_mean_abs_diff,cell_020_p95_abs_diff,cell_020_area_ratio_above_threshold,cell_021_mean_abs_diff,cell_021_p95_abs_diff,cell_021_area_ratio_above_threshold,cell_022_mean_abs_diff,cell_022_p95_abs_diff,cell_022_area_ratio_above_threshold,cell_023_mean_abs_diff,cell_023_p95_abs_diff,cell_023_area_ratio_above_threshold,cell_024_mean_abs_diff,cell_024_p95_abs_diff,cell_024_area_ratio_above_threshold,cell_025_mean_abs_diff,cell_025_p95_abs_diff,cell_025_area_ratio_above_threshold,max_cell_p95_abs_diff,top2_cell_p95_abs_diff_mean,affected_cell_count,affected_cell_ratio
2025-03-01 08:00:00,sample_data/synthetic_test/phase_01/synthetic_20250301_080000.tif,synthetic_test,0,insufficient_live_window,,,,,,,,,,,,,,,,,,,,,,,,,,,,,,,,,,,,,,,,,,,,,,,,,,,,,,,,,,,,,,,,,,,,,,,,,,,,,,,,,,,,,
2025-03-01 08:05:00,sample_data/synthetic_test/phase_01/synthetic_20250301_080500.tif,synthetic_test,1,insufficient_reference,,,,,,,,,,,,,,,,,,,,,,,,,,,,,,,,,,,,,,,,,,,,,,,,,,,,,,,,,,,,,,,,,,,,,,,,,,,,,,,,,,,,,
2025-03-01 08:10:00,sample_data/synthetic_test/phase_01/synthetic_20250301_081000.tif,synthetic_test,2,insufficient_reference,,,,,,,,,,,,,,,,,,,,,,,,,,,,,,,,,,,,,,,,,,,,,,,,,,,,,,,,,,,,,,,,,,,,,,,,,,,,,,,,,,,,,
2025-03-01 08:15:00,sample_data/synthetic_test/phase_01/synthetic_20250301_081500.tif,synthetic_test,3,insufficient_reference,,,,,,,,,,,,,,,,,,,,,,,,,,,,,,,,,,,,,,,,,,,,,,,,,,,,,,,,,,,,,,,,,,,,,,,,,,,,,,,,,,,,,
2025-03-01 08:20:00,sample_data/synthetic_test/phase_01/synthetic_20250301_082000.tif,synthetic_test,4,insufficient_reference,,,,,,,,,,,,,,,,,,,,,,,,,,,,,,,,,,,,,,,,,,,,,,,,,,,,,,,,,,,,,,,,,,,,,,,,,,,,,,,,,,,,,
2025-03-01 08:25:00,sample_data/synthetic_test/phase_01/synthetic_20250301_082500.tif,synthetic_test,5,insufficient_reference,,,,,,,,,,,,,,,,,,,,,,,,,,,,,,,,,,,,,,,,,,,,,,,,,,,,,,,,,,,,,,,,,,,,,,,,,,,,,,,,,,,,,
2025-03-01 08:30:00,sample_data/synthetic_test/phase_01/synthetic_20250301_083000.tif,synthetic_test,6,insufficient_reference,,,,,,,,,,,,,,,,,,,,,,,,,,,,,,,,,,,,,,,,,,,,,,,,,,,,,,,,,,,,,,,,,,,,,,,,,,,,,,,,,,,,,
2025-03-01 08:35:00,sample_data/synthetic_test/phase_01/synthetic_20250301_083500.tif,synthetic_test,7,ok,18.321537017822266,14.796875,21.009387969970703,139.19862365722656,200.4609375,0.04090440924027662,14.551322937011719,18.723949432373047,0.0,14.723655700683594,18.62827491760254,0.0,14.627093315124512,18.349609375,0.0,14.686075210571289,18.728404998779297,0.0,14.431135177612305,18.64907455444336,0.0,30.828514099121094,127.1318130493164,0.21664626682986537,34.02988815307617,131.02395629882812,0.2496969696969697,15.245478630065918,19.393505096435547,0.0,14.958121299743652,19.347675323486328,0.0,14.678738594055176,18.41925048828125,0.0,33.355499267578125,146.4596405029297,0.19975490196078433,54.57223129272461,180.08944702148438,0.3863080684596577,15.412174224853516,19.702733993530273,0.0,15.221595764160156,19.4903507232666,0.0,14.525238990783691,18.578125,0.0,14.45853042602539,18.677200317382812,0.0,14.536582946777344,19.066425323486328,0.0,15.043344497680664,19.009374618530273,0.0,14.91944694519043,18.71875,0.0,14.450260162353516,18.18671226501465,0.0,14.019153594970703,17.56707763671875,0.0,14.461009979248047,18.193634033203125,0.0,14.249794960021973,18.360015869140625,0.0,14.625718116760254,18.606781005859375,0.0,14.255843162536621,18.17449951171875,0.0,180.08944702148438,163.27454376220703,4.0,0.16
2025-03-01 08:40:00,sample_data/synthetic_test/phase_01/synthetic_20250301_084000.tif,synthetic_test,8,ok,16.470837593078613,13.010406494140625,19.03411865234375,137.7688980102539,198.60678100585938,0.03982539604688803,12.588196754455566,16.51457166671753,0.0,13.026786804199219,16.958993911743164,0.0,12.810518741607666,16.747726440429688,0.0,12.886611938476562,16.85163688659668,0.0,12.661312580108643,16.710087299346924,0.0,28.46669292449951,124.11199951171875,0.20134638922888617,32.19549369812012,133.08956909179688,0.24,13.274995803833008,17.4678373336792,0.0,13.133817195892334,17.453925132751465,0.0,12.89297103881836,16.80596923828125,0.0,31.203970909118652,140.4680938720703,0.19791666666666669,52.51660346984863,173.857421875,0.38569682151589246,13.558634281158447,17.909645080566406,0.0,13.36981725692749,17.580862522125244,0.0,12.699359893798828,16.602989196777344,0.0,12.802635192871094,16.887301445007324,0.0,12.796290874481201,17.123251914978027,0.0,13.182915687561035,16.992181301116943,0.0,13.011110782623291,16.98398447036743,0.0,12.723560333251953,16.45884084701538,0.0,12.198121547698975,15.75300121307373,0.0,12.7208890914917,16.63255786895752,0.0,12.525405406951904,16.54816436767578,0.0,12.810277938842773,16.794921875,0.0,12.497430324554443,16.29754638671875,0.0,173.857421875,157.33241653442383,4.0,0.16
2025-03-01 08:45:00,sample_data/synthetic_test/phase_01/synthetic_20250301_084500.tif,synthetic_test,9,ok,14.520648002624512,11.125,17.073262532552082,135.56797790527344,196.4852498372396,0.03835401441953995,10.755269686381022,14.663193384806315,0.0,11.18769884109497,15.114422798156738,0.0,10.946580092112223,15.003046671549479,0.0,10.930676460266113,14.885119438171387,0.0,10.862104733784994,14.889110247294107,0.0,25.814971288045246,119.75193786621094,0.1844145246838025,29.806853612263996,130.8857625325521,0.22303030303030302,11.28709634145101,15.438541412353516,0.0,11.215843518575033,15.419891675313314,0.0,10.94974692662557,14.807271321614584,0.0,29.17469024658203,138.19769287109375,0.1948529411764706,50.4580332438151,172.01771036783853,0.3859005704971475,11.555801232655844,15.901692708333334,0.0,11.403894742329916,15.502475102742514,0.0,10.837901592254639,14.783279418945312,0.0,10.938011487325033,14.962628046671549,0.0,10.999648094177246,15.153875986735025,0.0,11.21536636352539,14.9954833984375,0.0,11.110214551289877,15.06979783376058,0.0,10.902023474375406,14.646608352661133,0.0,10.402605374654135,14.057126681009928,0.0,10.826469580332438,14.844528198242188,0.0,10.69183905919393,14.823557535807291,0.0,10.88566255569458,14.870447794596354,0.0,10.680218060811361,14.409947713216146,0.0,172.01771036783853,155.22080739339194,4.0,0.16
2025-03-01 08:50:00,sample_data/synthetic_test/phase_01/synthetic_20250301_085000.tif,synthetic_test,10,ok,10.617262999216715,7.3359375,13.018574714660645,129.9171880086263,189.796875,0.03552569195808197,7.099451541900635,10.808949629465738,0.0,7.455155611038208,11.438107331593832,0.0,7.238264560699463,11.292104085286459,0.0,7.171843687693278,11.039669831593832,0.0,7.244027137756348,11.13829263051351,0.0,20.134963989257812,106.50921376546223,0.15218278253773967,24.259116490681965,123.80643208821614,0.19151515151515153,7.446503559748332,11.649733543395996,0.0,7.37517237663269,11.516853968302408,0.0,7.117424647013347,10.8524169921875,0.0,25.31709861755371,134.10350036621094,0.1895424836601307,46.417397816975914,165.2893829345703,0.38304808475957625,7.5639708042144775,11.847445805867514,0.0,7.542224725087483,11.397582054138184,0.0,7.185032924016316,11.126338640848795,0.0,7.259386698404948,11.07370694478353,0.0,7.326405207316081,11.231958071390787,0.0,7.344707171122233,11.040629227956137,0.0,7.276516675949097,11.113108317057291,0.0,7.258862654368083,10.947819073994955,0.0,6.8316285610198975,10.460027853647867,0.0,7.149068593978882,11.197208722432455,0.0,7.0458128452301025,11.039057413736979,0.0,7.132440805435181,10.966801961263021,0.0,7.038828770319621,10.693801879882812,0.0,165.2893829345703,149.8095474243164,4.0,0.16
2025-03-01 08:55:00,sample_data/synthetic_test/phase_01/synthetic_20250301_085500.tif,synthetic_test,11,ok,7.311292807261149,4.174479166666667,9.360587437947592,122.54425811767578,182.97395833333334,0.032305001062664505,4.204492807388306,7.6146016120910645,0.0,4.351624488830566,7.981590747833252,0.0,4.227506677309672,7.8619842529296875,0.0,4.1694862842559814,7.671440601348877,0.0,4.255550662676494,7.748410224914551,0.0,14.34781805674235,86.66893513997395,0.1211750305997552,18.038229942321777,106.38925170898438,0.15636363636363634,4.334712823232015,8.030895868937174,0.0,4.279453833897908,7.987339337666829,0.0,4.045305967330933,7.366312662760417,0.0,22.097246170043945,131.3474375406901,0.18137254901960786,42.55385080973307,162.29810587565103,0.3753056234718826,4.345475991566976,8.140879313151041,0.0,4.394776980082194,7.85881773630778,0.0,4.249731461207072,7.891493638356526,0.0,4.18277366956075,7.600047747294108,0.0,4.267282605171204,7.7286529541015625,0.0,4.226316253344218,7.661983331044515,0.0,4.231086810429891,7.6447122891743975,0.0,4.235919078191121,7.624125162760417,0.0,3.990691343943278,7.324136257171631,0.0,4.13196845849355,7.77503760655721,0.0,4.101743102073669,7.666239420572917,0.0,4.103396733601888,7.588551839192708,0.0,4.096949855486552,7.4531199137369795,0.0,162.29810587565103,146.82277170817056,4.0,0.16
2025-03-01 09:00:00,sample_data/synthetic_test/phase_01/synthetic_20250301_090000.tif,synthetic_test,12,ok,5.726260344187419,2.93402099609375,7.797924677530925,111.2491683959961,175.01041666666666,0.02879003384177743,3.0880791346232095,6.5387247403462725,0.0,3.103355964024862,6.683140118916829,0.0,3.044051925341288,6.508249918619792,0.0,3.0718332131703696,6.596092700958252,0.0,3.0265340407689414,6.4397226969401045,0.0,10.03423547744751,61.33124287923177,0.09220726234190126,12.878207206726074,82.6236063639323,0.12282828282828284,3.24971612294515,6.8998188972473145,0.0,3.102848529815674,6.772141615549724,0.0,2.943641265233358,6.279520670572917,0.0,19.846140543619793,126.0863749186198,0.17116013071895428,38.73743184407552,155.947509765625,0.356560717196414,3.1219114462534585,6.773871898651123,0.0,3.2396480242411294,6.709563255310059,0.0,3.097688833872477,6.708941618601481,0.0,2.9527514775594077,6.359162330627441,0.0,3.02236545085907,6.507689476013184,0.0,3.041112462679545,6.619095961252849,0.0,3.026245594024658,6.397570768992106,0.0,3.092851003011068,6.494958559672038,0.0,2.8725739320119223,6.1168904304504395,0.0,2.9720123211542764,6.43128776550293,0.0,3.0455843210220337,6.441416422526042,0.0,2.9588816165924072,6.449005126953125,0.0,2.8864607413609824,6.22613525390625,0.0,155.947509765625,141.0169423421224,4.0,0.16
2025-03-01 09:05:00,sample_data/synthetic_test/phase_01/synthetic_20250301_090500.tif,synthetic_test,13,ok,6.082875728607178,3.8385416666666665,8.442358334859213,96.70945739746094,170.6180623372396,0.02440858632922981,3.926269054412842,7.527862548828125,0.0,3.9783167839050293,7.60597022374471,0.0,3.8894884983698526,7.4858957926432295,0.0,4.016418536504109,7.675960222880046,0.0,3.8790309826533,7.433865229288737,0.0,8.177627404530844,36.22551663716634,0.06323949408404733,10.101783434549967,55.31612650553385,0.08808080808080808,4.076044797897339,7.7134420077006025,0.0,4.030305941899617,7.6408915519714355,0.0,4.000185251235962,7.545145670572917,0.0,18.461851755777996,116.49502563476562,0.15645424836601307,34.51655642191569,146.72870381673178,0.32192339038304807,4.093338330586751,7.801072279612224,0.0,4.0964053471883135,7.696279843648274,0.0,3.933481772740682,7.529944896697998,0.0,3.8045228322347007,7.266703287760417,0.0,3.8796735207239785,7.504824956258138,0.0,3.9744331439336142,7.563008626302083,0.0,4.015154282251994,7.5508748690287275,0.0,3.9512009620666504,7.464672724405925,0.0,3.7107667922973633,7.075000127156575,0.0,3.8320557673772178,7.3427073160807295,0.0,3.9382984240849814,7.316192626953125,0.0,3.8669892946879068,7.477650960286458,0.0,3.7365139722824097,7.1690521240234375,0.0,146.72870381673178,131.6118647257487,3.3333333333333335,0.13333333333333333
2025-03-01 09:10:00,sample_data/synthetic_test/phase_01/synthetic_20250301_091000.tif,synthetic_test,14,ok,7.4512410163879395,5.892374674479167,10.528295834859213,74.9590581258138,163.58333333333334,0.019454934850491278,5.835835695266724,9.834539731343588,0.0,5.929131905237834,9.86995236078898,0.0,5.850242535273234,9.78515625,0.0,5.928480943044026,10.00035285949707,0.0,5.876745541890462,9.91611099243164,0.0,8.22096554438273,19.968578974405926,0.03712770297837618,9.209295272827148,31.947025616963703,0.055757575757575756,6.065919240315755,10.241145928700766,0.0,5.98485271135966,9.863374869028727,0.0,6.079160213470459,9.9609375,0.0,17.347575505574543,100.43642679850261,0.136437908496732,28.761564254760742,126.87784576416016,0.2726161369193154,6.161927302678426,10.178589026133219,0.0,6.0935336748758955,10.02059014638265,0.0,5.867374022801717,9.790661811828613,0.0,5.772511720657349,9.551466941833496,0.0,5.913513580958049,9.927270571390787,0.0,6.05492377281189,10.028804461161295,0.0,6.029309034347534,10.007979393005371,0.0,5.897096713383992,9.687939325968424,0.0,5.62283190091451,9.405635833740234,0.0,5.719536145528157,9.553589979807535,0.0,5.7979341348012285,9.560104370117188,0.0,5.849973758061727,9.778859456380209,0.0,5.64918311436971,9.507390340169271,0.0,126.87784576416016,113.65713628133138,2.6666666666666665,0.10666666666666667
2025-03-01 09:15:00,sample_data/synthetic_test/phase_01/synthetic_20250301_091500.tif,synthetic_test,15,ok,8.592688719431559,7.58160400390625,12.083837827046713,51.640040715535484,162.42533365885416,0.014468586002256117,7.433669249216716,11.321168899536133,0.0,7.656264940897624,11.699739456176758,0.0,7.552086194356282,11.594395955403646,0.0,7.497807661692302,11.489068349202475,0.0,7.48268985748291,11.591111183166504,0.0,8.677831649780273,12.626749674479166,0.016727866177070585,9.057712237040201,17.962496121724445,0.027070707070707068,7.746946811676025,11.986464500427246,0.0,7.581144332885742,11.64193312327067,0.0,7.718194484710693,11.6571044921875,0.0,16.45004431406657,85.75738016764323,0.11805555555555554,22.453938802083332,99.46119944254558,0.2114914425427873,7.946387926737468,11.997338930765787,0.0,7.76760991414388,11.774401982625326,0.0,7.511610349019368,11.538374900817871,0.0,7.534139951070149,11.282113711039225,0.0,7.668559392293294,11.775354067484537,0.0,7.849283854166667,11.794600168863932,0.0,7.730117162068685,11.77768357594808,0.0,7.462391217549642,11.2994016011556,0.0,7.2687562306722,11.294736862182617,0.0,7.341322580973308,11.33753776550293,0.0,7.370173931121826,11.144088745117188,0.0,7.485294024149577,11.41253662109375,0.0,7.352377891540527,11.281901041666666,0.0,101.72786712646484,92.6092898050944,2.0,0.08
2025-03-01 09:20:00,sample_data/synthetic_test/phase_01/synthetic_20250301_092000.tif,synthetic_test,16,ok,9.105247179667154,8.389750162760416,12.816133499145508,33.231353759765625,163.59981282552084,0.011149802998348784,8.288973649342855,12.070389747619629,0.0,8.52102025349935,12.496620814005533,0.0,8.48701016108195,12.499354044596354,0.0,8.298486550649008,12.199131965637207,0.0,8.184682369232178,12.151612281799316,0.0,8.760065714518229,12.701399803161621,0.005711954304365566,8.97410806020101,13.021708488464355,0.010101010101010102,8.667293389638266,12.847922643025717,0.0,8.360714594523111,12.451647758483887,0.0,8.407293001810709,12.210917154947916,0.0,15.588228225708008,75.12803649902344,0.0988562091503268,18.45780881245931,85.69661712646484,0.1719641401792991,8.814823468526205,12.897221883138021,0.0,8.664711952209473,12.838502248128256,0.0,8.36270840962728,12.511594772338867,0.0,8.430034955342611,12.181594848632812,0.0,8.534833272298178,12.652734438578287,0.0,8.698129336039225,12.814562797546387,0.0,8.548513412475586,12.643402099609375,0.0,8.234652678171793,12.04583740234375,0.0,8.040587425231934,12.051955223083496,0.0,8.139954408009848,12.173308372497559,0.0,8.240040302276611,12.055770874023438,0.0,8.252161979675293,12.225474039713541,0.0,8.207837104797363,12.018666585286459,0.0,87.96328481038411,80.41232681274414,2.0,0.08
2025-03-01 09:25:00,sample_data/synthetic_test/phase_01/synthetic_20250301_092500.tif,synthetic_test,17,ok,9.054542859395346,8.256937662760416,12.647737503051758,35.50343704223633,173.10066731770834,0.010610296401654487,8.218768119812012,11.931683222452799,0.0,8.376032829284668,12.321396827697754,0.0,8.426151593526205,12.618281046549479,0.0,8.279087702433268,12.088752110799154,0.0,8.012537161509195,11.897091547648111,0.0,8.25233252843221,12.125704129536947,0.0008159934720522235,8.65479818979899,12.7394167582194,0.0044444444444444444,8.638889789581299,12.663281122843424,0.0,8.322809855143229,12.442620595296225,0.0,8.130385557810465,11.962666829427084,0.0,15.669178009033203,78.51822916666667,0.09354575163398693,20.47458839416504,101.05138142903645,0.1723716381418093,8.57865826288859,12.76519775390625,0.0,8.59099022547404,12.731937726338705,0.0,8.280112107594809,12.451611200968424,0.0,8.28951644897461,12.081514358520508,0.0,8.415186564127604,12.500136375427246,0.0,8.496302127838135,12.692691802978516,0.0,8.468965530395508,12.456864356994629,0.0,8.127528031667074,11.980118751525879,0.0,7.8862636884053545,11.910512288411459,0.0,8.096789677937826,12.170832316080729,0.0,8.181366125742594,11.976353963216146,0.0,8.086022853851318,12.018880208333334,0.0,8.026996612548828,11.687932332356771,0.0,103.31804911295573,89.78480529785156,2.0,0.08
2025-03-01 09:30:00,sample_data/synthetic_test/phase_01/synthetic_20250301_093000.tif,synthetic_test,18,ok,8.398624261220297,7.197916666666667,11.620841344197592,59.15174929300944,180.759521484375,0.012980855690159726,7.146071275075276,10.824051856994629,0.0,7.280952135721843,11.200854619344076,0.0,7.309306780497233,11.448572794596354,0.0,7.355740229288737,11.2568572362264,0.0,7.042455991109212,10.878994623819986,0.0,7.179015477498372,10.892891565958658,0.001631986944104447,8.754146893819174,12.088541666666666,0.016565656565656565,7.5202399889628095,11.579947789510092,0.0,7.392544746398926,11.48281224568685,0.0,6.982155005137126,10.749125162760416,0.0,16.281263669331867,93.83008829752605,0.09844771241830064,27.164438883463543,135.09687296549478,0.21638141809290956,7.352184772491455,11.551171938578287,0.0,7.472132682800293,11.655858357747396,0.0,7.27252721786499,11.383585611979166,0.0,7.179776827494304,11.004986445109049,0.0,7.297502835591634,11.375750859578451,0.0,7.3094485600789385,11.46926244099935,0.0,7.438733736673991,11.516935030619303,0.0,7.105173269907634,10.937671025594076,0.0,6.8922726313273115,10.760818481445312,0.0,7.159192721048991,11.203161557515463,0.0,7.125684102376302,10.865463256835938,0.0,7.0595472653706866,10.946182250976562,0.0,6.909612496693929,10.609588623046875,0.0,135.09687296549478,114.46348063151042,2.0,0.08
2025-03-01 09:35:00,sample_data/synthetic_test/phase_01/synthetic_20250301_093500.tif,synthetic_test,19,ok,7.2052531242370605,5.325520833333333,9.814774513244629,94.64410018920898,189.595458984375,0.01701898082299279,5.215312163035075,8.854959964752197,0.0,5.457456350326538,9.293135643005371,0.0,5.437643210093181,9.596140543619791,0.0,5.534863154093425,9.253204345703125,0.0,5.329631249109904,9.083552042643229,0.0,5.782382488250732,9.200183232625326,0.006119951040391677,10.215668042500814,43.96492449442545,0.04363636363636364,5.564539353052775,9.449658075968424,0.0,5.669807116190593,9.646529038747152,0.0,5.186381975809733,8.973958333333334,0.0,17.160114288330078,113.71268717447917,0.11315359477124183,35.54728571573893,163.39332071940103,0.27506112469437655,5.435703992843628,9.509108543395996,0.0,5.5686384836832685,9.530245939890543,0.0,5.475456476211548,9.393699010213217,0.0,5.280381838480632,9.044533093770346,0.0,5.479896227518718,9.419804890950521,0.0,5.374955018361409,9.263887246449789,0.0,5.489878416061401,9.387408256530762,0.0,5.3459850152333575,9.191666603088379,0.0,5.173853000005086,8.928478876749674,0.0,5.416957934697469,9.382364908854166,0.0,5.252989292144775,8.876312255859375,0.0,5.2808646361033125,9.004557291666666,0.0,5.069499651590983,8.707677205403646,0.0,163.39332071940103,138.5530039469401,2.3333333333333335,0.09333333333333334
2025-03-01 09:40:00,sample_data/synthetic_test/phase_01/synthetic_20250301_094000.tif,synthetic_test,20,ok,6.034047762552897,3.4010416666666665,7.875533103942871,123.66530863444011,196.48783365885416,0.021482171759281965,3.370591719945272,6.7149332364400225,0.0,3.6723920504252114,7.225867907206218,0.0,3.5462083419164023,7.227203369140625,0.0,3.595165967941284,6.8983001708984375,0.0,3.496167222658793,6.888333320617676,0.0,4.986708164215088,7.497570832570394,0.014279885760913913,14.353343645731607,94.72134844462077,0.08606060606060606,3.6408654848734536,7.251308123270671,0.0,3.727112809816996,7.4580667813618975,0.0,3.3977134227752686,6.725687662760417,0.0,17.372799555460613,127.27995300292969,0.12418300653594772,42.28669357299805,173.80451456705728,0.32966585167074164,3.590922991434733,7.2498698234558105,0.0,3.61038609345754,7.228866736094157,0.0,3.573347489039103,7.137884457906087,0.0,3.4379777113596597,6.843407154083252,0.0,3.625276724497477,7.260380109151204,0.0,3.5145856539408364,6.92639144261678,0.0,3.5768138567606607,7.152945836385091,0.0,3.4908727407455444,7.1428914070129395,0.0,3.4013025363286338,6.726217428843181,0.0,3.579198678334554,7.198604265848796,0.0,3.4501262505849204,6.7020416259765625,0.0,3.4623804092407227,6.7994842529296875,0.0,3.337405244509379,6.7276458740234375,0.0,173.80451456705728,156.42786661783853,2.6666666666666665,0.10666666666666665
2025-03-01 09:45:00,sample_data/synthetic_test/phase_01/synthetic_20250301_094500.tif,synthetic_test,21,ok,6.279167652130127,3.0208333333333335,7.751045862833659,142.57547505696616,205.0251668294271,0.025896316641326203,2.982376972834269,6.403124968210856,0.0,3.3540350596110025,6.827876726786296,0.0,3.1988386710484824,6.9609324137369795,0.0,3.1462600231170654,6.362189610799153,0.0,3.0495485067367554,6.582508405049642,0.0,6.136929512023926,7.569616794586182,0.02488780089759282,22.221027374267578,153.79218292236328,0.1402020202020202,3.200188954671224,6.7765687306722,0.0,3.253841439882914,6.8392354647318525,0.0,3.0627478758494058,6.42620849609375,0.0,17.723722457885742,130.00173950195312,0.1299019607843137,47.61162821451823,178.18329366048178,0.3724531377343114,3.2559876441955566,6.880736192067464,0.0,3.2245623668034873,6.740716775258382,0.0,3.2158291339874268,6.7575124104817705,0.0,3.026986042658488,6.462762355804443,0.0,3.2396299044291177,6.927046775817871,0.0,3.2364578247070312,6.6414875984191895,0.0,3.2345876693725586,6.654600143432617,0.0,3.0895408391952515,6.774479071299235,0.0,2.955284317334493,6.218923886617024,0.0,3.1113433837890625,6.666703224182129,0.0,3.080716053644816,6.365671793619792,0.0,3.080229123433431,6.4433746337890625,0.0,2.9796664317448935,6.334635416666667,0.0,180.24267069498697,170.06981658935547,3.0,0.12
2025-03-01 09:50:00,sample_data/synthetic_test/phase_01/synthetic_20250301_095000.tif,synthetic_test,22,ok,8.436595439910889,4.79254150390625,9.814925193786621,152.8446044921875,212.0798543294271,0.029901744404662645,4.6304848194122314,8.139921188354492,0.0,5.024285872777303,8.493365287780762,0.0,4.896856586138408,8.6649169921875,0.0,4.765000104904175,8.15385627746582,0.0,4.674977103869121,8.319579124450684,0.0,9.74039920171102,19.146708329518635,0.037943696450428395,33.10868008931478,183.09217834472656,0.202020202020202,4.920270999272664,8.674312591552734,0.0,4.886217474937439,8.574658075968424,0.0,4.767180840174357,8.300333658854166,0.0,18.754927317301433,125.75478108723958,0.1299019607843137,51.07129669189453,178.5621083577474,0.40097799511002447,5.014987548192342,8.701780160268148,0.0,4.9635080099105835,8.524755160013834,0.0,4.898261547088623,8.572132428487143,0.0,4.6348559856414795,8.239500840504965,0.0,4.926456610361735,8.742721557617188,0.0,5.024224758148193,8.704508463541666,0.0,5.016187270482381,8.541497866312662,0.0,4.6798533995946245,8.45260222752889,0.0,4.558822751045227,7.958546002705892,0.0,4.6454479694366455,8.125167846679688,0.0,4.802856842676799,8.140630086263021,0.0,4.737979491551717,8.199005126953125,0.0,4.635075767834981,8.042531331380209,0.0,187.15155537923178,180.82714335123697,3.3333333333333335,0.13333333333333333
2025-03-01 09:55:00,sample_data/synthetic_test/phase_01/synthetic_20250301_095500.tif,synthetic_test,23,ok,12.054863293965658,8.236979166666666,13.722737630208334,158.30802408854166,218.4210001627604,0.03348210636454297,7.939382712046306,11.829500516255697,0.0,8.280563195546469,12.107595761617025,0.0,8.272163550059,12.382156372070312,0.0,8.048857688903809,11.984424591064453,0.0,8.003554662068685,11.927780151367188,0.0,14.845189094543457,47.74548657735189,0.05140758873929008,45.265096028645836,194.8784637451172,0.27030303030303027,8.367855230967203,12.508854230244955,0.0,8.26331869761149,12.281689008076986,0.0,8.108471393585205,12.15277099609375,0.0,20.62465476989746,119.02953084309895,0.12663398692810457,52.80884552001953,176.65997314453125,0.4144254278728607,8.461344559987387,12.547569592793783,0.0,8.359208742777506,12.421054204305014,0.0,8.22738250096639,12.272047996520996,0.0,7.86690886815389,11.78198528289795,0.0,8.285485903422037,12.39892864227295,0.0,8.373487790425619,12.515096028645834,0.0,8.323787530263266,12.272233327229818,0.0,7.964600563049316,11.942094167073568,0.0,7.783209641774495,11.553431351979574,0.0,7.908456961313884,11.727251052856445,0.0,8.108066399892172,11.824666341145834,0.0,7.967648188273112,11.810551961263021,0.0,7.830501079559326,11.553380330403646,0.0,194.8784637451172,185.76921844482422,3.6666666666666665,0.14666666666666667
2025-03-01 10:00:00,sample_data/synthetic_test/phase_01/synthetic_20250301_100000.tif,synthetic_test,24,ok,15.913976669311523,11.9609375,17.71561272939046,159.71485900878906,222.9626668294271,0.03684993542269525,11.657012939453125,15.507275899251303,0.0,11.859659512837728,15.8446626663208,0.0,11.976561228434244,16.09807840983073,0.0,11.781689961751303,15.723176956176758,0.0,11.721495151519775,15.507953643798828,0.0,19.606635411580402,76.33889770507812,0.06323949408404732,57.04233932495117,200.6220448811849,0.3474747474747475,12.323960304260254,16.5224707921346,0.0,12.069106419881185,16.196353912353516,0.0,11.82504971822103,15.89495849609375,0.0,22.657371520996094,109.65061442057292,0.11805555555555554,53.22646967569987,171.6910196940104,0.4201303993480033,12.230901718139648,16.323791186014812,0.0,12.090366045633951,16.16519546508789,0.0,11.81923770904541,15.801644961039225,0.0,11.556220849355062,15.422834396362305,0.0,12.025140762329102,15.99336020151774,0.0,12.045865376790365,16.233508427937824,0.0,11.906000773111979,15.95166015625,0.0,11.702747662862143,15.61735471089681,0.0,11.402488708496094,15.150909423828125,0.0,11.581442515055338,15.270795822143555,0.0,11.778035163879395,15.52301025390625,0.0,11.55614980061849,15.356124877929688,0.0,11.368025143941244,15.126729329427084,0.0,200.6220448811849,186.15653228759766,4.0,0.16
2025-03-01 10:05:00,sample_data/synthetic_test/phase_01/synthetic_20250301_100500.tif,synthetic_test,25,ok,19.473551750183105,15.375,21.349987665812176,161.97771199544272,228.0642293294271,0.03998888289437114,15.03464412689209,18.821081797281902,0.0,15.20456059773763,19.391407648722332,0.0,15.412810961405436,19.631942749023438,0.0,15.290406862894693,19.158377011617024,0.0,15.096418698628744,18.979557037353516,0.0,23.393861770629883,95.04791005452473,0.07384740922072623,68.20759582519531,207.48993937174478,0.4258585858585859,15.93387508392334,20.115345637003582,0.0,15.600306193033854,19.7235107421875,0.0,15.246923128763834,19.190104166666668,0.0,24.438629150390625,99.9539794921875,0.10661764705882353,53.769171396891274,169.8801523844401,0.42176039119804404,15.740268071492514,19.82036781311035,0.0003958828186856691,15.520869255065918,19.647823969523113,0.0,15.122880935668945,19.13871479034424,0.0,15.0132687886556,18.84213987986247,0.0,15.440903663635254,19.309666951497395,0.0,15.49842357635498,19.679516474405926,0.0,15.299138387044271,19.411997477213543,0.0,15.181761105855307,19.05677096048991,0.0,14.769220034281412,18.54062302907308,0.0,14.977540651957193,18.785861333211262,0.0,15.138483047485352,18.986114501953125,0.0,14.939472198486328,18.662119547526043,0.0,14.599720319112143,18.49175516764323,0.0,207.48993937174478,188.68504587809244,4.0,0.16
2025-03-01 10:10:00,sample_data/synthetic_test/phase_01/synthetic_20250301_101000.tif,synthetic_test,26,ok,22.512096405029297,18.256937662760418,24.393566767374676,167.06431579589844,232.40885416666666,0.04284990272532574,17.851952234903973,21.6426207224528,0.0,18.107710520426433,22.34567387898763,0.0,18.33800760904948,22.620651245117188,0.0004187604690117253,18.253736813863117,22.06627019246419,0.0,17.809940020243328,21.632814407348633,0.0008460236886632825,26.442700068155926,101.43072001139323,0.08159934720522237,78.3787333170573,215.45713806152344,0.5034343434343435,18.854682286580402,22.948591868082683,0.000407000407000407,18.57749875386556,22.706759134928387,0.0008343763037129745,18.05332024892171,21.908854166666668,0.0004060089321965083,25.525178909301758,86.63345336914062,0.09068627450980393,54.87363942464193,170.04861958821616,0.41687041564792177,18.78399435679118,22.870194753011067,0.002375296912114014,18.475077629089355,22.51116116841634,0.0011933174224343676,17.994439442952473,22.08783721923828,0.0,17.95049476623535,21.801384607950848,0.0,18.332510630289715,22.227511723836262,0.0007751937984496124,18.444674173990887,22.587853749593098,0.00038182512409316535,18.2196528116862,22.390891393025715,0.00039541320680110717,18.071167945861816,21.95616277058919,0.0,17.611528714497883,21.362059275309246,0.0,17.79760487874349,21.57652537027995,0.0,17.95307159423828,21.840499877929688,0.0,17.855209350585938,21.559677124023438,0.0,17.38394006093343,21.34765116373698,0.0,215.45713806152344,192.75287882486978,4.0,0.16
2025-03-01 10:15:00,sample_data/synthetic_test/phase_01/synthetic_20250301_101500.tif,synthetic_test,27,ok,24.79226303100586,20.415791829427082,26.573091506958008,171.82963053385416,236.40972900390625,0.046593751532689194,19.988109588623047,23.895928700764973,0.0017204301075268817,20.29844347635905,24.437631607055664,0.002564102564102564,20.55217997233073,24.908416748046875,0.005862646566164154,20.459798177083332,24.286488850911457,0.0038363171355498722,19.85080846150716,23.746130625406902,0.0029610829103214886,29.121188481648762,110.87966410319011,0.0905752753977968,87.14220937093098,221.83959452311197,0.5785858585858586,20.96096420288086,25.005896250406902,0.004884004884004884,20.743431091308594,24.77958806355794,0.004171881518564873,20.163965861002605,24.057291666666668,0.00243605359317905,25.552441279093426,64.93033854166667,0.07352941176470588,55.173465728759766,170.78652954101562,0.3969030154849225,21.154638290405273,25.30049006144206,0.009105304829770388,20.74057896931966,24.796912511189777,0.0059665871121718375,20.193990071614582,24.301599502563477,0.00196078431372549,20.106862386067707,23.96899922688802,0.0007993605115907274,20.496309916178387,24.354811986287434,0.003875968992248062,20.569416681925457,24.686986923217773,0.003436426116838488,20.356150945027668,24.516927083333332,0.0011862396204033216,20.13386408487956,23.907033284505207,0.0003935458480913026,19.71774419148763,23.47044054667155,0.00038402457757296467,19.919273376464844,23.783164978027344,0.00038580246913580245,20.05585289001465,23.939671834309895,0.0007698229407236335,20.013996124267578,23.847432454427082,0.00038491147036181676,19.604660669962566,23.570749918619793,0.0003762227238525207,221.83959452311197,196.3130620320638,4.0,0.16
2025-03-01 10:20:00,sample_data/synthetic_test/phase_01/synthetic_20250301_102000.tif,synthetic_test,28,ok,26.16387367248535,21.753458658854168,27.984900156656902,172.19549051920572,238.62154134114584,0.05148200827243448,21.372440338134766,25.42188898722331,0.0038709677419354834,21.66729482014974,25.644278208414715,0.004273504273504273,21.89401626586914,26.158203125,0.011306532663316583,21.833362579345703,25.81640625,0.010656436487638534,21.136362075805664,24.94695981343587,0.005922165820642978,30.874118169148762,116.25744883219402,0.10077519379844961,95.8512446085612,223.30625915527344,0.6630303030303031,22.321561177571613,26.373871485392254,0.01465201465201465,22.042320251464844,26.194612503051758,0.012932832707551106,21.47905095418294,25.416666666666668,0.0036540803897685743,24.75016911824544,43.7313486735026,0.0588235294117647,51.690040588378906,162.45111592610678,0.35574572127139364,22.61868413289388,26.729061762491863,0.018210609659540775,22.156418482462566,26.128942489624023,0.012728719172633254,21.594457626342773,25.48810068766276,0.004705882352941177,21.403960545857746,25.188269933064777,0.002797761790567546,21.817175547281902,25.70160675048828,0.00813953488372093,21.82977294921875,25.72205416361491,0.006491027109583811,21.68286895751953,25.794443766276043,0.0051403716884143935,21.379961013793945,25.158243815104168,0.003935458480913027,20.940643946329754,24.693485260009766,0.002304147465437788,21.362619400024414,25.216498057047527,0.002700617283950617,21.35793113708496,25.264973958333332,0.002694380292532718,21.28804079691569,25.297948201497395,0.0034642032332563508,21.041056950887043,24.944869995117188,0.0015048908954100827,223.30625915527344,192.8786875406901,3.6666666666666665,0.14666666666666667
2025-03-01 10:25:00,sample_data/synthetic_test/phase_01/synthetic_20250301_102500.tif,synthetic_test,29,ok,26.605852762858074,22.18402099609375,28.483516693115234,171.52442423502603,239.74393717447916,0.05388526493043635,21.81959851582845,25.819285074869793,0.005161290322580645,23.11378224690755,26.690272013346355,0.02094017094017094,22.355714797973633,26.578125,0.013819095477386934,22.305836995442707,26.263497670491535,0.013213981244671782,21.60682423909505,25.537500381469727,0.00634517766497462,31.491490681966145,116.63905588785808,0.10934312525499795,104.44003295898438,224.98351542154947,0.730909090909091,22.849397659301758,26.968583424886067,0.020757020757020756,22.454501469930012,26.618737538655598,0.015853149770546516,21.91417185465495,25.8602294921875,0.004060089321965083,23.49822171529134,29.534510294596355,0.043300653594771234,44.52762349446615,143.21533203125,0.2991035044824776,23.078611373901367,27.247227986653645,0.024544734758511478,22.63636589050293,26.693396886189777,0.016706443914081145,22.09778658548991,25.940144220987957,0.007058823529411766,21.71308708190918,25.59486262003581,0.004396482813749001,22.17436154683431,26.13175900777181,0.008527131782945736,22.226744333902996,26.00799560546875,0.007636502481863307,22.15344746907552,26.091845830281574,0.007908264136022143,21.7332337697347,25.440974553426106,0.005116096025186934,21.272734959920246,25.059206008911133,0.002304147465437788,21.854976018269856,25.534949620564777,0.0030864197530864196,21.80304018656413,25.6571044921875,0.003464203233256351,21.679317474365234,25.835057576497395,0.005388760585065436,21.52985191345215,25.397567749023438,0.002633559066967645,224.98351542154947,184.09942372639975,3.3333333333333335,0.13333333333333333
2025-03-01 10:30:00,sample_data/synthetic_test/phase_01/synthetic_20250301_103000.tif,synthetic_test,30,ok,26.059993108113606,21.666666666666668,28.065983454386394,170.25145975748697,241.47918701171875,0.052217699086108516,21.28656005859375,25.189931233723957,0.0038709677419354834,26.481537501017254,60.83723831176758,0.054273504273504275,21.92388852437337,26.001302083333332,0.009212730318257957,21.769508997599285,25.737586339314777,0.00937766410912191,21.171745936075848,25.063552856445312,0.004230118443316414,30.56736882527669,106.62811787923177,0.11260709914320684,109.2169672648112,221.25261433919272,0.7745454545454545,22.36187998453776,26.488466262817383,0.017094017094017096,21.9079106648763,26.10581652323405,0.012932832707551105,21.457299550374348,25.375,0.00243605359317905,21.94506581624349,25.94965108235677,0.02573529411764706,35.4139092763265,113.56937154134114,0.23145884270578646,22.516511917114258,26.694443384806316,0.019794140934283454,22.151752471923828,26.19903564453125,0.012330946698488464,21.60703404744466,25.44326909383138,0.005098039215686275,21.019041697184246,24.979674021402996,0.003597122302158273,21.5479310353597,25.652982711791992,0.005813953488372093,21.750206629435223,25.556603749593098,0.005345551737304315,21.77542241414388,25.74809201558431,0.008699090549624358,21.15196927388509,25.069190979003906,0.004722550177095631,20.728885650634766,24.54257583618164,0.0019201228878648233,21.32980473836263,25.01389439900716,0.002700617283950617,21.347828547159832,25.18554178873698,0.002694380292532718,21.155049641927082,25.26647440592448,0.0050038491147036184,21.026594161987305,24.976552327473957,0.002257336343115124,221.25261433919272,175.36321004231772,3.3333333333333335,0.13333333333333333
2025-03-01 10:35:00,sample_data/synthetic_test/phase_01/synthetic_20250301_103500.tif,synthetic_test,31,ok,24.602895100911457,20.22222900390625,26.593066533406574,169.99349466959634,240.94706217447916,0.047607369987084536,19.947446823120117,23.736195882161457,0.0030107526881720434,33.25883038838705,123.57750829060872,0.11196581196581197,20.42627016703288,24.407974243164062,0.003768844221105528,20.223599751790363,24.15068753560384,0.0025575447570332483,19.75110371907552,23.562639236450195,0.001269035532994924,28.426088333129883,96.50605773925781,0.1044471644226846,107.2677993774414,212.35016886393228,0.7797979797979798,20.854836146036785,24.934126536051433,0.007326007326007325,20.395926157633465,24.482725143432617,0.004171881518564873,19.996571858723957,23.940104166666668,0.001218026796589525,19.986616134643555,24.057291666666668,0.00980392156862745,27.430253982543945,80.53531265258789,0.1581092094539527,20.97900327046712,25.089340845743816,0.010292953285827395,20.75084177652995,24.86404800415039,0.005568814638027049,20.154754638671875,24.131386439005535,0.0027450980392156863,19.576716740926106,23.577725092569988,0.0015987210231814548,20.13420041402181,24.314353307088215,0.0015503875968992248,20.414260864257812,24.32240358988444,0.002290950744558992,20.386797587076824,24.37083371480306,0.004744958481613286,19.77072016398112,23.67352231343587,0.0011806375442739079,19.271878560384113,23.00542958577474,0.0,19.82709503173828,23.512147267659504,0.00038580246913580245,19.96424102783203,23.722005208333332,0.0007698229407236335,19.676170349121094,23.732635498046875,0.0023094688221709007,19.555535634358723,23.576609293619793,0.001128668171557562,218.89887491861978,182.24057261149088,3.6666666666666665,0.14666666666666667
2025-03-01 10:40:00,sample_data/synthetic_test/phase_01/synthetic_20250301_104000.tif,synthetic_test,32,ok,22.3375670115153,17.9678955078125,24.285425186157227,168.7210235595703,239.87066650390625,0.04432128435267382,17.843852996826172,21.527079264322918,0.0038709677419354834,42.67370732625326,186.1078898111979,0.18034188034188037,18.07759126027425,22.046218872070312,0.0008375209380234506,17.866889635721844,21.882843017578125,0.0,17.45694923400879,21.30391502380371,0.0,25.0363032023112,80.74894460042317,0.09139126886984904,99.16069030761719,199.60712178548178,0.7696969696969697,18.48990472157796,22.670930862426758,0.000814000814000814,18.061281204223633,22.15060043334961,0.00041718815185648727,17.68888282775879,21.634562174479168,0.0004060089321965083,17.695614496866863,21.743052164713543,0.0016339869281045752,21.03237311045329,49.43663215637207,0.08516707416462917,18.63626257578532,22.72403335571289,0.001979414093428345,18.41650136311849,22.509193420410156,0.0003977724741447892,17.78025468190511,21.76125208536784,0.000392156862745098,17.442749341328938,21.36492856343587,0.0,17.99989668528239,22.11861292521159,0.0003875968992248062,18.235488255818684,22.252253850301106,0.0007636502481863307,18.046489397684734,22.103471120198567,0.0015816528272044287,17.615203221638996,21.590097427368164,0.0,17.05077838897705,20.79800796508789,0.0,17.55134868621826,21.4558588663737,0.0,17.702373504638672,21.50543721516927,0.0,17.40988763173421,21.289713541666668,0.00038491147036181676,17.30199909210205,21.208760579427082,0.0,214.53497314453125,192.85750579833984,3.6666666666666665,0.14666666666666667
2025-03-01 10:45:00,sample_data/synthetic_test/phase_01/synthetic_20250301_104500.tif,synthetic_test,33,ok,19.399436950683594,15.037333170572916,21.16424560546875,168.6768798828125,236.5373331705729,0.04204881717265846,15.115541458129883,18.72274367014567,0.006021505376344087,50.916891733805336,214.8885752360026,0.2418803418803419,15.052284240722656,18.99370829264323,0.0,14.887349446614584,18.996744791666668,0.0,14.538161913553873,18.353643735249836,0.0,20.960453669230144,64.78819402058919,0.07588739290085679,88.49673716227214,192.04706827799478,0.7292929292929293,15.428525606791178,19.600433349609375,0.0,15.154803911844889,19.259796142578125,0.0,14.688117027282715,18.607645670572918,0.0,14.87799104054769,18.99957275390625,0.0,15.99514134724935,27.935250600179035,0.03137734311328443,15.612018585205078,19.70502281188965,0.0,15.31579844156901,19.36164315541585,0.0,14.745169639587402,18.8128178914388,0.000392156862745098,14.66662883758545,18.466716766357422,0.0,15.11849308013916,19.220659573872883,0.0,15.300239562988281,19.205899874369305,0.0,15.00244172414144,19.10079542795817,0.0,14.781506856282553,18.75050417582194,0.0,14.232296307881674,18.073103586832683,0.0,14.65420945485433,18.690455436706543,0.0,14.7693723042806,18.555130004882812,0.0,14.588364919026693,18.417332967122395,0.00038491147036181676,14.342622756958008,18.177744547526043,0.0,214.8885752360026,203.4678217569987,3.3333333333333335,0.13333333333333333
2025-03-01 10:50:00,sample_data/synthetic_test/phase_01/synthetic_20250301_105000.tif,synthetic_test,34,ok,15.849372863769531,11.596354166666666,17.57414944966634,165.2420857747396,229.3663330078125,0.04021776448084751,11.783509572347006,15.323954264322916,0.0064516129032258064,55.297228495279946,208.06732177734375,0.2987179487179487,11.558885415395102,15.566843668619791,0.0,11.490143775939941,15.611588478088379,0.0,11.231635093688965,15.085370699564615,0.0,16.4221092859904,45.398803075154625,0.061607507139942876,76.31216430664062,185.9272715250651,0.6682828282828283,11.819643020629883,15.974131266276041,0.0,11.781588554382324,15.910331090291342,0.0,11.207533041636148,15.063374837239584,0.0,11.476786772410074,15.503036499023438,0.0,11.827668190002441,16.25455633799235,0.005297473512632437,11.99094041188558,16.33373800913493,0.0,11.73246717453003,15.857739130655924,0.0,11.272488435109457,15.233702023824057,0.0,11.269226233164469,15.094615936279297,0.0,11.542697588602701,15.573790550231934,0.0,11.86572265625,15.881428718566895,0.0,11.521550496419271,15.552962303161621,0.0,11.309237480163574,15.275673230489096,0.0,10.96258799235026,14.884692509969076,0.0,11.281651973724365,15.314728736877441,0.0,11.322901725769043,15.233723958333334,0.0,11.299555142720541,15.215291341145834,0.0,10.940502643585205,14.714182535807291,0.0,208.06732177734375,196.99729665120444,2.6666666666666665,0.10666666666666667
2025-03-01 10:55:00,sample_data/synthetic_test/phase_01/synthetic_20250301_105500.tif,synthetic_test,35,ok,11.951181888580322,7.843729654947917,13.608695030212402,159.1289316813151,225.37847900390625,0.0376183236058659,8.097692012786865,11.662577311197916,0.006021505376344087,55.5416628519694,203.48726399739584,0.3431623931623931,7.825482368469238,11.767801920572916,0.0,7.810810248057048,11.73715909322103,0.0,7.692866404851277,11.538569132486979,0.0,11.84790833791097,27.083516756693523,0.05059159526723786,64.56367874145508,182.61978149414062,0.5753535353535354,7.908949534098308,11.968924840291342,0.0,8.07376797993978,12.12951405843099,0.0,7.610221306482951,11.4053955078125,0.0,7.7551039059956866,11.722218831380209,0.0,7.995172500610352,12.284111340840658,0.0,8.02197535832723,12.208768526713053,0.0,7.91445779800415,11.927526791890463,0.0,7.624862829844157,11.60222593943278,0.0,7.632418950398763,11.405635515848795,0.0,7.60808261235555,11.59084145228068,0.0,8.118578433990479,12.093745867411295,0.0,7.880692799886067,11.842187563578287,0.0,7.505500316619873,11.419352213541666,0.0,7.4511862595876055,11.288943449656168,0.0,7.622324387232463,11.55786418914795,0.0,7.6487776438395185,11.519968668619791,0.0,7.696245431900024,11.677093505859375,0.0,7.406490802764893,11.250223795572916,0.0,203.48726399739584,193.05352274576822,2.3333333333333335,0.09333333333333334
2025-03-01 11:00:00,sample_data/synthetic_test/phase_01/synthetic_20250301_110000.tif,synthetic_test,36,ok,8.4147842725118,4.517354329427083,9.768766085306803,149.3040313720703,217.3185831705729,0.03482269851390455,4.880993763605754,8.222477118174234,0.005591397849462366,52.09878794352213,194.2809295654297,0.3735042735042735,4.549560944239299,8.128468831380209,0.0,4.575108329455058,8.04239813486735,0.0,4.542171041170756,8.02463674545288,0.0,7.997267564137776,14.268408298492432,0.042023663810689504,53.79782358805338,178.8534393310547,0.4836363636363636,4.59747330347697,8.215637048085531,0.0,4.7430821259816485,8.39367643992106,0.0,4.476300994555156,7.940104166666667,0.0,4.502105514208476,8.062703450520834,0.0,4.722957253456116,8.435599644978842,0.0,4.63235600789388,8.429284731547037,0.0,4.655657211939494,8.268096764882406,0.0,4.535547733306885,8.070109049479166,0.0,4.479294975598653,7.933712641398112,0.0,4.357707182566325,7.844840367635091,0.0,4.82485556602478,8.465104103088379,0.0,4.665587425231934,8.106140295664469,0.0,4.307173053423564,7.74591064453125,0.0,4.340779185295105,7.767756303151448,0.0,4.50630784034729,7.981301784515381,0.0,4.429063081741333,7.8897705078125,0.0,4.501588900883992,8.125651041666666,0.0,4.378812472025554,7.81207275390625,0.0,194.2809295654297,186.5671844482422,2.0,0.08
2025-03-01 11:05:00,sample_data/synthetic_test/phase_01/synthetic_20250301_110500.tif,synthetic_test,37,ok,6.505646228790283,2.9930623372395835,7.933691342671712,138.928098042806,210.99564615885416,0.031144244445534357,3.470810890197754,6.796954313913981,0.005591397849462366,46.321886698404946,184.07605489095053,0.3696581196581197,3.1726123491923013,6.617624918619792,0.0,3.0512943665186563,6.421601454416911,0.0,3.1230833927790322,6.5872171719868975,0.0,5.9831617673238116,8.41301679611206,0.03549571603427172,45.305999755859375,174.79756673177084,0.4004040404040404,3.1593144734700522,6.735615889231364,0.0,3.1261505285898843,6.710864067077637,0.0,3.1392589807510376,6.5946044921875,0.0,3.0334051052729287,6.4715627034505205,0.0,3.2116052707036338,6.689676761627197,0.0,3.2099825541178384,6.865498860677083,0.0,3.1384116808573403,6.588018735249837,0.0,3.156919002532959,6.7670572598775225,0.0,3.070149381955465,6.38237190246582,0.0,2.9696288108825684,6.283419768015544,0.0,3.242461840311686,6.797200520833333,0.0,3.202521324157715,6.700569788614909,0.0,2.926015019416809,6.35357666015625,0.0,2.911154866218567,6.295620759328206,0.0,3.0712831020355225,6.452473004659017,0.0,3.033843914667765,6.342905680338542,0.0,3.0186835130055747,6.455952962239583,0.0,3.0443130334218345,6.503936767578125,0.0,184.3778076171875,179.4368108113607,2.0,0.08
2025-03-01 11:10:00,sample_data/synthetic_test/phase_01/synthetic_20250301_111000.tif,synthetic_test,38,ok,6.4700188636779785,3.6172078450520835,8.261112531026205,123.3565165201823,203.69879150390625,0.02679549430248336,4.20708433787028,7.48923126856486,0.006021505376344085,38.785074869791664,165.76721700032553,0.3329059829059829,3.844364960988363,7.376088460286458,0.0,3.6091116666793823,7.0784525871276855,0.0,3.672963817914327,7.3797586758931475,0.0,5.939437071482341,8.71649980545044,0.027335781313749488,37.81945610046387,163.15867614746094,0.3333333333333333,3.8173961639404297,7.442895412445068,0.0,3.6684534549713135,7.163655598958333,0.0,3.706633448600769,7.257771809895833,0.0,3.67097278436025,7.1102345784505205,0.0,3.891276558240255,7.310623009999593,0.0,3.926295757293701,7.701912562052409,0.0,3.8210450808207193,7.319924036661784,0.0,3.801786263783773,7.2713602383931475,0.0,3.690280238787333,7.0548521677653,0.0,3.6697632471720376,6.979439417521159,0.0,3.7565930684407554,7.339387893676758,0.0,3.7721468607584634,7.356136004130046,0.0,3.6607555945714316,7.078832944234212,0.0,3.489535689353943,6.898782412211101,0.0,3.655950387318929,7.132904052734375,0.0,3.671037435531616,7.070770263671875,0.0,3.5909504890441895,7.098958333333333,0.0,3.612597862879435,7.066436767578125,0.0,166.0689697265625,164.46294657389322,2.0,0.08
2025-03-01 11:15:00,sample_data/synthetic_test/phase_01/synthetic_20250301_111500.tif,synthetic_test,39,ok,7.615757783253987,5.604166666666667,10.286442120869955,98.81472524007161,196.46700032552084,0.021514869128778587,6.178043921788533,9.734375,0.006021505376344087,30.79022979736328,139.88140360514322,0.27179487179487183,5.821966250737508,9.662333170572916,0.0,5.496106227238973,9.266082604726156,0.0,5.551162799199422,9.575297037760416,0.0,7.037739435831706,10.177945772806803,0.018767849857201136,30.53558921813965,140.40572102864584,0.26626262626262626,5.747086842854817,9.834128697713217,0.0,5.613095283508301,9.509562174479166,0.0,5.551195462544759,9.483479817708334,0.0,5.6414815584818525,9.397354125976562,0.0,6.006914059321086,9.849501450856527,0.0,5.816460132598877,9.984057744344076,0.0,5.810150225957234,9.889978249867758,0.0,5.658385753631592,9.62482500076294,0.0,5.573797941207886,9.212321917215982,0.0,5.539645830790202,9.286364714304606,0.0,5.762906789779663,9.727571487426758,0.0,5.671767075856526,9.712573210398356,0.0,5.592575232187907,9.411226272583008,0.0,5.3269641399383545,9.130254109700521,0.0,5.475442250569661,9.34847625096639,0.0,5.607627709706624,9.492630004882812,0.0,5.47806183497111,9.347880045572916,0.0,5.492651383082072,9.377410888671875,0.0,140.84235127766928,140.14356231689453,2.0,0.08
2025-03-01 11:20:00,sample_data/synthetic_test/phase_01/synthetic_20250301_112000.tif,synthetic_test,40,ok,8.701512177785238,7.393208821614583,11.903458595275879,69.08774439493816,193.15364583333334,0.01646312554155018,7.876459916432698,11.645407994588217,0.0064516129032258064,24.210791269938152,115.06634267171223,0.2123931623931624,7.6988301277160645,11.574000040690104,0.0016750418760469012,7.328370889027913,11.066038767496744,0.0,7.218570709228516,11.312335332234701,0.0,8.117173194885254,11.65156618754069,0.011015911872705014,23.9654966990153,111.95622253417969,0.20323232323232324,7.607072671254476,11.77437941233317,0.000814000814000814,7.509232838948567,11.388716697692871,0.0,7.246700922648112,11.181396484375,0.0,7.411139170328776,11.318364461263021,0.0,7.831352233886719,11.787965774536133,0.0,7.561811288197835,11.807192166646322,0.0,7.6273722648620605,11.894590377807617,0.0,7.341964403788249,11.331732114156088,0.0,7.265630880991618,10.998037656148275,0.0,7.3092466990153,11.197736740112305,0.0,7.53609832127889,11.60413392384847,0.0,7.488876183827718,11.498262405395508,0.0,7.310413360595703,11.005643526713053,0.0,7.0702128410339355,10.880765914916992,0.0,7.165513038635254,11.084466616312662,0.0,7.276309490203857,11.368062337239584,0.0,7.185388406117757,11.130208333333334,0.0,7.2357330322265625,11.041463216145834,0.0,115.7255376180013,113.51128260294597,2.0,0.08
2025-03-01 11:25:00,sample_data/synthetic_test/phase_01/synthetic_20250301_112500.tif,synthetic_test,41,ok,9.246688524881998,8.329854329427084,12.711625099182129,44.49924850463867,193.08243815104166,0.012555789886703613,8.622055689493815,12.451824824015299,0.0064516129032258064,20.513774871826172,105.11098734537761,0.16794871794871793,8.882926305135092,12.4891357421875,0.0033500837520938024,8.397106647491455,12.098503430684408,0.0,8.202901681264242,12.138982137044271,0.0,8.60469118754069,12.288016637166342,0.006119951040391672,19.452016194661457,93.23297373453777,0.15191919191919193,8.74574359258016,12.757973353068033,0.002035002035002035,8.558464527130127,12.685754458109537,0.0,8.235999902089437,12.092000325520834,0.0,8.313024679819742,12.202692667643229,0.0,8.688411712646484,12.841184616088867,0.0,8.552357196807861,12.725956281026205,0.0,8.571580092112223,12.909173647562662,0.0,8.2085329691569,12.23568312327067,0.0,8.185859044392904,11.971696853637695,0.0,8.297978719075521,12.221769332885742,0.0,8.497746149698893,12.593196551005045,0.0,8.538645585378012,12.458691279093424,0.0,8.15152915318807,11.840168952941895,0.0,7.998445351918538,11.84998893737793,0.0,8.15278689066569,11.998475392659506,0.0,8.209632555643717,12.318791707356771,0.0,8.182353814442953,12.134775797526041,0.0,8.171889464060465,11.977203369140625,0.0,105.77018229166667,99.17198053995769,2.0,0.08
2025-03-01 11:30:00,sample_data/synthetic_test/phase_01/synthetic_20250301_113000.tif,synthetic_test,42,ok,9.289603233337402,8.348958333333334,12.6685791015625,40.820106506347656,198.47135416666666,0.011787401703532948,8.439995447794596,12.26953093210856,0.006021505376344087,21.461476643880207,117.61614481608073,0.16153846153846155,9.025243123372396,12.574422200520834,0.005025125628140704,8.499614079793295,12.30250326792399,0.0,8.230532964070639,12.169190406799316,0.0,8.45885944366455,12.252425193786621,0.0028559771521827777,19.326319376627605,99.28819020589192,0.1402020202020202,9.077864329020182,12.823510805765787,0.004884004884004884,8.548580805460611,12.629850387573242,0.0,8.296056111653646,12.085042317708334,0.0,8.238492329915365,12.205729166666666,0.0,8.530116558074951,12.687052408854166,0.0,8.681069691975912,12.900899251302084,0.0,8.533095518747965,12.757818539937338,0.0,8.24541743596395,12.165840784708658,0.0,8.253286997477213,12.173079172770182,0.0,8.358539740244547,12.258551279703775,0.0,8.49329408009847,12.523771286010742,0.0,8.597839514414469,12.445161819458008,0.0,8.091954549153646,11.69032351175944,0.0,8.018926302591959,11.735062917073568,0.0,8.232630252838135,12.007122039794922,0.0,8.260534763336182,12.297744750976562,0.0,8.228054682413736,12.206166585286459,0.0,8.153566678365072,11.872395833333334,0.0,117.61614481608073,108.45216751098633,2.0,0.08
2025-03-01 11:35:00,sample_data/synthetic_test/phase_01/synthetic_20250301_113500.tif,synthetic_test,43,ok,8.780086199442545,7.422770182291667,11.747566858927408,65.47614669799805,212.35331217447916,0.013160691222391158,7.3772579828898115,11.120739618937174,0.0038709677419354843,26.146691640218098,153.69613901774088,0.17905982905982906,8.004902680714926,11.5828857421875,0.004606365159128978,7.52199665705363,11.441312472025553,0.0,7.276886940002441,11.289185523986816,0.0,7.498544692993164,11.342696189880371,0.0012239902080783307,23.39047368367513,135.10572052001953,0.15515151515151515,8.587061882019043,12.012674967447916,0.008954008954008955,7.620435078938802,11.743664741516113,0.0,7.376040935516357,11.21527099609375,0.0,7.315107822418213,11.270401000976562,0.0,7.475152015686035,11.630411783854166,0.0,7.770495255788167,11.935056368509928,0.0,7.549005349477132,11.719999313354492,0.0,7.432031154632568,11.362795193990072,0.0,7.340977827707927,11.272780100504557,0.0,7.400477886199951,11.390618960062662,0.0,7.654306252797444,11.544441858927408,0.0,7.518419583638509,11.361319859822592,0.0,7.206794261932373,10.863500595092773,0.0,7.104419072469075,10.788057645161947,0.0,7.284383932749431,11.052900314331055,0.0,7.393270333607991,11.323567708333334,0.0,7.351229349772136,11.407969156901041,0.0,7.26591952641805,11.134989420572916,0.0,153.69613901774088,144.40092976888022,2.0,0.08
2025-03-01 11:40:00,sample_data/synthetic_test/phase_01/synthetic_20250301_114000.tif,synthetic_test,44,ok,7.654456774393718,5.620686848958333,10.070837497711182,101.55976740519206,218.6562703450521,0.016593915019536675,5.596298058827718,9.358333269755045,0.0017204301075268817,32.0715700785319,180.2710927327474,0.21794871794871795,6.015528122584025,9.695526123046875,0.0041876046901172526,5.753728071848552,9.699957052866617,0.0,5.547398328781128,9.41448974609375,0.0,5.713307698567708,9.43402099609375,0.00040799673602610713,29.630303700764973,170.41144816080728,0.19919191919191923,7.570947964986165,10.28327210744222,0.015059015059015059,5.900338252385457,9.883357842763266,0.0,5.609667460123698,9.48004150390625,0.0,5.5787185827891035,9.649958292643229,0.0,5.626313368479411,9.688093980153402,0.0,5.942172606786092,10.2071164449056,0.0,5.7288079261779785,9.841243584950766,0.0,5.749619722366333,9.69334332148234,0.0,5.569249868392944,9.389755090077719,0.0,5.613382895787557,9.552207310994467,0.0,5.942821820576985,9.68767515818278,0.0,5.64569878578186,9.4796142578125,0.0,5.576663414637248,9.287463188171387,0.0,5.427266836166382,9.045739968617758,0.0,5.473346869150798,9.268189430236816,0.0,5.645058949788411,9.428171793619791,0.0,5.584656397501628,9.537734985351562,0.0,5.584285179773967,9.482218424479166,0.0,180.2710927327474,175.34127044677734,2.0,0.08
2025-03-01 11:45:00,sample_data/synthetic_test/phase_01/synthetic_20250301_114500.tif,synthetic_test,45,ok,6.481103738149007,3.6059366861979165,7.9765543937683105,136.07372538248697,230.69270833333334,0.020681086206614675,3.6818769375483194,7.216925144195557,0.0,38.58818435668945,197.64293924967447,0.26452991452991453,4.037831544876099,7.5019480387369795,0.0037688442211055275,3.79356320699056,7.256287574768066,0.0,3.6213463147481284,7.219743887583415,0.0,3.7376121282577515,7.036462306976318,0.0,37.63895034790039,198.2081553141276,0.24969696969696967,6.679204146067302,8.162428696950277,0.0231990231990232,3.9023032585779824,7.483012040456136,0.0,3.6880441506703696,7.243937174479167,0.0,3.7131700118382773,7.33551025390625,0.0,3.6953970193862915,7.344828287760417,0.0,3.9208067258199057,7.734230359395345,0.0,3.7585975726445517,7.471822261810303,0.0,3.8151612679163613,7.378238995869954,0.0,3.6121599276860556,6.997962474822998,0.0,3.67976709206899,7.259361584981282,0.0,3.939521074295044,7.408321221669515,0.0,3.7169687747955322,7.266581217447917,0.0,3.7357930739720664,7.141556739807129,0.0,3.5688531398773193,6.901208559672038,0.0,3.551872412363688,7.057811260223389,0.0,3.730917453765869,7.254119873046875,0.0,3.6626405318578086,7.2910003662109375,0.0,3.721295436223348,7.271270751953125,0.0,202.2770538330078,197.92554728190103,2.0,0.08
2025-03-01 11:50:00,sample_data/synthetic_test/phase_01/synthetic_20250301_115000.tif,synthetic_test,46,ok,6.554129123687744,2.94012451171875,7.564754327138265,158.97445678710938,236.5650838216146,0.025062533719162294,3.061729311943054,6.5064311027526855,0.0,44.921329498291016,202.3716583251953,0.3094017094017094,3.5553441842397056,7.004130045572917,0.0041876046901172526,3.1394971211751304,6.586235682169597,0.0,2.989473581314087,6.369624773661296,0.0,3.0210368235905967,6.323437531789144,0.0,47.5244992574056,212.2671915690104,0.3094949494949495,7.451954046885173,8.832653840382894,0.031746031746031744,3.0960601568222046,6.5621663729349775,0.0,3.059356609980265,6.559041341145833,0.0,2.9955333471298218,6.573130289713542,0.0,3.0306063890457153,6.586402416229248,0.0,3.253660202026367,6.982651710510254,0.0,3.09688134988149,6.728257338205974,0.0,3.045604109764099,6.5567545890808105,0.0,2.974822243054708,6.3341623942057295,0.0,3.0185479720433555,6.359411557515462,0.0,3.2731740474700928,6.76440445582072,0.0,3.10967747370402,6.655188083648682,0.0,3.0609203577041626,6.403544108072917,0.0,2.9770752588907876,6.346521059672038,0.0,2.9270244439442954,6.4821248054504395,0.0,3.0714569091796875,6.528635660807292,0.0,2.987540125846863,6.441619873046875,0.0,3.0805165767669678,6.50390625,0.0,212.7409413655599,207.31942494710287,2.0,0.08
2025-03-01 11:55:00,sample_data/synthetic_test/phase_01/synthetic_20250301_115500.tif,synthetic_test,47,ok,8.624725500742594,4.452250162760417,9.356941858927408,175.6260223388672,247.2994588216146,0.029493027285954845,4.454173922538757,7.933868567148845,0.0,50.559696197509766,205.90958150227866,0.3431623931623932,5.134999910990397,8.574432373046875,0.004187604690117253,4.480790774027507,7.989533583323161,0.0,4.429966767628987,7.850271542867024,0.0,4.497900366783142,7.985245863596599,0.0,60.00454839070638,225.1310831705729,0.3785858585858586,10.635578314463297,21.963008721669514,0.04354904354904354,4.4295278787612915,8.00616455078125,0.0,4.494989951451619,8.078125,0.0,4.368143041928609,7.853078206380208,0.0,4.527161717414856,8.089100201924643,0.0,4.72342054049174,8.46817429860433,0.0,4.52316677570343,8.217039108276367,0.0,4.4516327778498335,7.97157605489095,0.0,4.393954714139302,7.793276945749919,0.0,4.394327680269877,7.763888676961263,0.0,4.636425097783406,8.204516569773356,0.0,4.459299643834432,8.012911001841227,0.0,4.46491007010142,7.83374818166097,0.0,4.328719854354858,7.864880402882894,0.0,4.368144750595093,7.8432291348775225,0.0,4.459784825642903,7.960713704427083,0.0,4.407503008842468,7.8370208740234375,0.0,4.462422688802083,7.88433837890625,0.0,225.1310831705729,215.52033233642578,2.3333333333333335,0.09333333333333332
2025-03-01 12:00:00,sample_data/synthetic_test/phase_01/synthetic_20250301_120000.tif,synthetic_test,48,ok,12.288368860880533,7.74737548828125,13.237682978312174,184.5982920328776,254.0694376627604,0.03374368532051596,7.508851925532023,11.285951932271322,0.0,52.42694981892904,203.97501627604166,0.3427350427350428,8.29048458735148,11.995880126953125,0.0041876046901172526,7.659514904022217,11.697866757710775,0.0,7.554465373357137,11.30569060643514,0.0,7.720077832539876,11.765096028645834,0.0,75.62257893880208,233.46893819173178,0.47676767676767673,15.516926447550455,47.75518353780111,0.05453805453805454,7.702541828155518,11.705031394958496,0.0,7.677524566650391,11.59375,0.0,7.4956605434417725,11.371083577473959,0.0,7.802684942881267,11.766052405039469,0.0,8.040034453074137,12.185040473937988,0.0,7.775508801142375,11.798695882161459,0.0,7.679055690765381,11.619016806284586,0.0,7.54035758972168,11.33186419804891,0.0,7.5739413897196455,11.333370208740234,0.0,7.7586894035339355,11.775349934895834,0.0,7.607535123825073,11.389916896820068,0.0,7.608446439107259,11.37194792429606,0.0,7.378623406092326,11.380114873250326,0.0,7.459914127985637,11.262146949768066,0.0,7.546471277872722,11.268224080403646,0.0,7.50744366645813,11.232620239257812,0.0,7.5739946365356445,11.411234537760416,0.0,233.46893819173178,218.72197723388672,2.6666666666666665,0.10666666666666667
2025-03-01 12:05:00,sample_data/synthetic_test/phase_01/synthetic_20250301_120500.tif,synthetic_test,49,ok,16.329145113627117,11.491292317708334,17.252957979838055,190.9755655924479,259.9817708333333,0.03734039596514461,11.12928851445516,14.94506867726644,0.0,48.74863815307617,187.48395792643228,0.31324786324786325,11.834694544474283,15.622828165690104,0.0033500837520938024,11.35079574584961,15.382756551106771,0.0,11.184803009033203,15.011725743611654,0.0,11.422158559163412,15.587146123250326,0.0,93.36759694417317,241.28856913248697,0.5777777777777778,20.848644892374676,84.90308634440105,0.0695970695970696,11.552494049072266,15.651373227437338,0.0,11.379203637441,15.393208821614584,0.0,11.254052321116129,15.120218912760416,0.0,11.884911060333252,15.902379353841146,0.004889975550122249,11.845057646433512,16.07477029164632,0.0,11.560911496480307,15.572058041890463,0.0,11.462667147318522,15.387805302937826,0.0,11.176398754119873,15.041796684265137,0.0,11.284984906514486,15.198568026224772,0.0,11.44974692662557,15.49738343556722,0.0,11.355411211649576,15.269515037536621,0.0,11.225706259409586,14.973355611165365,0.0,10.927175045013428,14.99757162729899,0.0,11.114638805389404,14.959710439046225,0.0,11.208912372589111,15.095270792643229,0.0,11.183613141377768,14.998667399088541,0.0,11.123562018076578,15.039479573567709,0.0,241.28856913248697,214.38626352945963,3.0,0.12
2025-03-01 12:10:00,sample_data/synthetic_test/phase_01/synthetic_20250301_121000.tif,synthetic_test,50,ok,19.994220733642578,14.932271321614584,20.968404134114582,192.5555877685547,267.1163330078125,0.04070822502329687,14.559906641642252,18.49253749847412,0.0,41.27827072143555,158.41863759358725,0.2602564102564103,15.070531845092773,18.945963541666668,0.002512562814070352,14.850488344828287,18.864744822184246,0.0,14.54001267751058,18.31719462076823,0.0,14.821242014567057,18.989579518636067,0.0,108.62706756591797,245.37885538736978,0.6751515151515152,25.85159746805827,114.779052734375,0.08180708180708181,15.197315216064453,19.173423131306965,0.0,14.823180198669434,18.80206298828125,0.0,14.71905517578125,18.58984883626302,0.0,18.08481280008952,52.14118035634359,0.03178484107579462,15.453063329060873,19.568215052286785,0.0011876484560570072,15.137896855672201,19.13158353169759,0.0,14.860713640848795,18.809277216593426,0.0,14.549056053161621,18.534541447957356,0.0,14.791435241699219,18.695833524068195,0.0,14.994285583496094,19.09201653798421,0.0,14.896159489949545,18.80251471201579,0.0,14.530621210734049,18.229353586832683,0.0,14.279104550679525,18.158993085225422,0.0,14.486189206441244,18.514958381652832,0.0,14.735263188680014,18.713973999023438,0.0,14.58853816986084,18.434666951497395,0.0,14.432065963745117,18.359578450520832,0.0,245.37885538736978,204.7281290690104,3.3333333333333335,0.13333333333333333
2025-03-01 12:15:00,sample_data/synthetic_test/phase_01/synthetic_20250301_121500.tif,synthetic_test,51,ok,23.094628651936848,17.8680419921875,24.230737686157227,196.57577514648438,272.26735432942706,0.0436019422237481,17.520211855570476,21.552775065104168,0.00043010752688172043,33.232194900512695,120.51128641764323,0.197008547008547,17.86628595987956,21.935536702473957,0.0016750418760469012,17.78320376078288,21.79904556274414,0.0008525149190110828,17.487167358398438,21.275351842244465,0.0008460236886632825,17.73951466878255,21.819454193115234,0.00040799673602610713,116.50746154785156,242.9859619140625,0.7317171717171718,30.255887985229492,136.38089752197266,0.09401709401709402,18.31688404083252,22.341756184895832,0.0,17.742027918497723,21.740437825520832,0.0,17.629352569580078,21.564676920572918,0.0004084967320261438,28.908023198445637,129.19343249003092,0.08435207823960882,19.102555592854817,22.903588612874348,0.009501187648456057,18.200767199198406,22.344716389973957,0.0007955449482895784,17.683617909749348,21.545820871988933,0.0,17.43826675415039,21.38110860188802,0.0,17.817294438680012,21.788028081258137,0.0,18.043572425842285,22.164754231770832,0.00038182512409316535,17.890225728352863,21.968127568562824,0.0007908264136022143,17.35754617055257,21.071439743041992,0.0003935458480913026,17.194181124369305,20.96670977274577,0.0,17.34132957458496,21.323644002278645,0.0,17.72295570373535,21.78278096516927,0.00038491147036181676,17.493066151936848,21.34308369954427,0.0,17.24345811208089,21.173594156901043,0.0,248.35770161946616,212.47437286376953,3.6666666666666665,0.14666666666666664
2025-03-01 12:20:00,sample_data/synthetic_test/phase_01/synthetic_20250301_122000.tif,synthetic_test,52,ok,25.49357795715332,20.140604654947918,26.678117116292317,199.15154520670572,277.31337483723956,0.04783625157356091,19.778065363566082,23.957275390625,0.0008602150537634409,27.38036855061849,79.23988596598308,0.13290598290598293,20.17030652364095,24.222422281901043,0.004187604690117253,19.972788492838543,23.959604263305664,0.0017050298380221656,19.77795155843099,23.602734247843426,0.0012690355329949238,19.959295908610027,24.029874801635742,0.0016319869441044424,114.7545394897461,231.9434051513672,0.7628282828282829,32.88304456075033,140.72134908040366,0.09808709808709809,20.669130325317383,24.732145309448242,0.00458906967042136,19.963672002156574,23.892374674479168,0.0004060089321965083,19.94670804341634,23.927530924479168,0.0012254901960784314,44.39338684082031,209.07343546549478,0.16340668296658517,23.325192133585613,25.861848831176758,0.028107680126682504,20.5336176554362,24.754894892374676,0.0059665871121718375,19.86012585957845,23.696862538655598,0.000392156862745098,19.75166130065918,23.536540985107422,0.0003996802557953637,20.226693471272785,24.256337483723957,0.002325581395348837,20.32581392923991,24.562842051188152,0.0057273768613974796,20.212811787923176,24.30242919921875,0.0035587188612099647,19.595468521118164,23.33018430074056,0.0011806375442739079,19.45405642191569,23.20108477274577,0.0007680491551459293,19.526097615559895,23.457106908162434,0.0015432098765432098,19.954397201538086,23.958567301432293,0.003079291762894534,19.772815704345703,23.57184346516927,0.001924557351809084,19.35153071085612,23.225697835286457,0.001128668171557562,250.85725911458334,223.22580210367838,4.333333333333333,0.17333333333333334
2025-03-01 12:25:00,sample_data/synthetic_test/phase_01/synthetic_20250301_122500.tif,synthetic_test,53,ok,27.07671356201172,21.611979166666668,28.283145904541016,203.63475036621094,278.8862711588542,0.05278990305229944,21.233208338419598,25.367002487182617,0.0038709677419354843,23.89526621500651,48.13419977823893,0.07222222222222224,21.745983123779297,25.810323079427082,0.008793969849246231,21.459760665893555,25.57790692647298,0.008525149190110827,21.168921788533527,25.13871955871582,0.002538071065989848,21.299205144246418,25.418237050374348,0.003671970624235002,106.97609202067058,220.6944376627604,0.7644444444444444,33.43379338582357,136.55069224039713,0.10297110297110297,22.095631281534832,26.243851979573567,0.01251564455569462,21.400170008341473,25.204874674479168,0.0016240357287860333,21.404456456502277,25.422531127929688,0.004493464052287582,60.74994786580404,255.61882527669272,0.23920130399348002,28.121605555216473,40.934691747029625,0.06215360253365004,22.052087148030598,26.263858795166016,0.01392203659506762,21.31040891011556,25.184244791666668,0.001568627450980392,21.243855158487957,24.922442118326824,0.0015987210231814548,21.77532450358073,25.80938212076823,0.005426356589147287,21.87446657816569,26.15258026123047,0.012982054219167621,21.761805216471355,25.852331797281902,0.008699090549624358,21.12629572550456,24.8104985555013,0.0015741833923652105,20.82096989949544,24.704303741455078,0.0019201228878648233,21.020219167073567,24.827809015909832,0.004629629629629629,21.34111722310384,25.30145263671875,0.005388760585065436,21.211065928141277,25.126088460286457,0.004234026173979985,20.687239329020183,24.517130533854168,0.003386004514672686,255.61882527669272,238.15663146972656,4.333333333333333,0.17333333333333334
2025-03-01 12:30:00,sample_data/synthetic_test/phase_01/synthetic_20250301_123000.tif,synthetic_test,54,ok,27.686456044514973,22.192708333333332,28.833325068155926,203.92114766438803,280.5989583333333,0.055389343927281044,21.8079408009847,25.880804697672527,0.005591397849462366,22.33323860168457,30.28743616739909,0.03076923076923079,22.3896484375,26.267578125,0.010887772194304859,22.12407112121582,26.256074905395508,0.011508951406649618,21.62904230753581,25.631343205769856,0.002961082910321489,21.80638376871745,26.009028752644856,0.004487964096287225,95.8605244954427,211.08472188313803,0.7272727272727272,31.921171188354492,115.87222290039062,0.10052910052910052,22.610423405965168,26.679614384969074,0.015853149770546516,21.910851796468098,25.770833333333332,0.0048721071863581,21.999548594156902,25.960500081380207,0.004493464052287582,74.2300631205241,257.56163024902344,0.3162184189079055,32.48764101664225,89.95125897725423,0.09065716547901821,22.675564448038738,26.788411458333332,0.018297533810660304,21.91487693786621,25.771020253499348,0.0027450980392156863,21.81529998779297,25.446448008219402,0.0019984012789768186,22.333672205607098,26.32973861694336,0.007751937984496124,22.59873390197754,26.840967178344727,0.019091256204658263,22.36075274149577,26.32115936279297,0.011466982997232108,21.757139205932617,25.38262939453125,0.0027548209366391185,21.32488505045573,25.24176025390625,0.002304147465437788,21.6959285736084,25.64685885111491,0.006944444444444444,21.858457565307617,25.878697713216145,0.007698229407236336,21.76141611735026,25.70574951171875,0.006158583525789068,21.192524592081707,25.081817626953125,0.004138449962377728,257.56163024902344,234.32317606608072,4.333333333333333,0.17333333333333334
2025-03-01 12:35:00,sample_data/synthetic_test/phase_01/synthetic_20250301_123500.tif,synthetic_test,55,ok,27.307486216227215,21.794270833333332,28.46234130859375,203.77814737955728,280.5112711588542,0.053721778082953225,21.36328887939453,25.437758763631184,0.005161290322580645,21.44090525309245,25.745746612548828,0.008974358974358993,21.92615254720052,25.794718424479168,0.007537688442211056,21.816741307576496,25.964433034261067,0.011082693947144076,21.172049204508465,25.176219304402668,0.002538071065989848,21.47936185201009,25.667195002237957,0.004079967360261114,85.27029418945312,208.12484741210938,0.6614141414141415,29.815702438354492,95.61538950602214,0.09320309320309321,22.171074549357098,26.140722910563152,0.011681268251981644,21.453144073486328,25.356770833333332,0.005278116118554607,21.558757781982422,25.438796997070312,0.004084967320261438,83.32656606038411,257.6819814046224,0.38101059494702527,35.415931701660156,142.7257512410482,0.1072842438638163,22.42347462972005,26.479949951171875,0.015513126491646776,21.556007385253906,25.467697779337566,0.0027450980392156863,21.367385864257812,25.119752883911133,0.0015987210231814548,21.838229497273762,25.77288055419922,0.006201550387596899,22.172309239705402,26.190462748209637,0.01374570446735395,21.969321568806965,25.79980532328288,0.009094503756425464,21.356401443481445,25.031506220499676,0.0019677292404565133,20.912722905476887,24.764322916666668,0.0019201228878648238,21.394372940063477,25.461312611897785,0.005401234567901234,21.468639373779297,25.509114583333332,0.0050038491147036184,21.30188242594401,25.356770833333332,0.004234026173979985,20.879632314046223,24.788604736328125,0.003386004514672686,257.6819814046224,232.90341440836588,4.0,0.16
2025-03-01 12:40:00,sample_data/synthetic_test/phase_01/synthetic_20250301_124000.tif,synthetic_test,56,ok,25.957454681396484,20.457438151041668,27.012854258219402,201.33275349934897,279.9470621744792,0.0494711200483921,19.979342778523762,23.9138921101888,0.002150537634408602,20.253883997599285,24.229204177856445,0.0017094017094017278,20.517889658610027,24.292984008789062,0.002512562814070352,20.465113321940105,24.354947408040363,0.004262574595055414,19.962066650390625,23.94348907470703,0.001269035532994924,20.270580927530926,24.331257502237957,0.0020399836801305543,76.54647572835286,207.83003743489584,0.574949494949495,27.416725158691406,76.42937469482422,0.07936507936507936,20.806002934773762,24.663639704386394,0.003754693366708386,20.052382787068684,24.1085205078125,0.004060089321965083,20.204722722371418,24.047744750976562,0.0008169934640522876,87.2974116007487,254.73833719889322,0.44376528117359415,36.55532455444336,182.7599080403646,0.11203483768804434,21.11988067626953,25.151770273844402,0.007557677008750994,20.289687474568684,24.19546063741048,0.0015686274509803923,19.985898971557617,23.744885126749676,0.0003996802557953637,20.41613833109538,24.271038055419922,0.0031007751937984496,20.69200897216797,24.661303838094074,0.006491027109583811,20.595530827840168,24.4342778523763,0.003954132068011071,19.978761037190754,23.67915407816569,0.0015741833923652105,19.644376754760742,23.427473704020183,0.0007680491551459293,20.104148228963215,24.27589734395345,0.0023148148148148147,20.090925852457683,24.120442708333332,0.002694380292532718,19.981505076090496,23.921885172526043,0.001924557351809084,19.68361473083496,23.64385986328125,0.001128668171557562,254.73833719889322,231.28418731689453,4.0,0.16
2025-03-01 12:45:00,sample_data/synthetic_test/phase_01/synthetic_20250301_124500.tif,synthetic_test,57,ok,23.771750768025715,18.2977294921875,24.794966379801433,201.8748575846354,279.4644368489583,0.04597250151225333,17.790751457214355,21.633771260579426,0.0,18.22642993927002,22.129426956176758,0.0,18.3998867670695,22.326187133789062,0.0,18.264092763264973,22.092615127563477,0.0004262574595055414,17.99236297607422,21.946711858113606,0.0,18.154255231221516,22.09722836812337,0.0008159934720522189,70.56290690104167,212.15331013997397,0.5022222222222222,25.027187983194988,65.28309377034505,0.06796906796906797,18.52788321177165,22.428991953531902,0.00041718815185648727,17.852339426676433,21.915812174479168,0.0008120178643930166,18.152286529541016,22.071629842122395,0.0004084967320261438,86.04860941569011,253.64393107096353,0.47881010594947027,36.49599075317383,188.99010213216147,0.12074425969912905,18.796316464742024,22.791298548380535,0.002386634844868735,18.164438247680664,22.17181396484375,0.000392156862745098,17.835026741027832,21.80564244588216,0.0,18.22104295094808,22.001232147216797,0.0007751937984496124,18.382792472839355,22.242375055948894,0.0,18.40811316172282,22.392435709635418,0.0003954132068011066,17.807625770568848,21.548799514770508,0.0,17.53793207804362,21.281909942626953,0.00038402457757296467,17.8962615331014,21.984542846679688,0.0,17.93050734202067,21.852864583333332,0.0,17.925482114156086,21.847432454427082,0.0,17.67408847808838,21.561604817708332,0.0003762227238525207,253.64393107096353,232.89862060546875,4.0,0.16
2025-03-01 12:50:00,sample_data/synthetic_test/phase_01/synthetic_20250301_125000.tif,synthetic_test,58,ok,20.78203582763672,15.4539794921875,21.825178782145183,197.53856404622397,276.3871663411458,0.043994310657707585,14.969054539998373,18.79757308959961,0.0,15.378438631693522,19.410750071207683,0.0,15.531993548075357,19.458994547526043,0.0,15.463063875834147,19.249715487162273,0.0,15.229679107666016,19.226868629455566,0.0,15.33709971110026,19.22969118754069,0.0,64.47785313924153,210.1711883544922,0.4424242424242424,21.695690155029297,49.40399169921875,0.05982905982905983,15.576521237691244,19.623498916625977,0.0,15.017508824666342,19.0616455078125,0.0,15.343442598978678,19.336817423502605,0.0,80.83188120524089,244.5711415608724,0.48736756316218416,35.83078384399414,191.38916524251303,0.1381631037212985,15.695071856180826,19.75572967529297,0.0,15.304447809855143,19.38425127665202,0.0,15.033804257710775,19.007561047871906,0.0,15.405804634094238,19.23252550760905,0.0,15.522378921508789,19.557641983032227,0.0,15.505634625752768,19.568204879760742,0.0,15.054445584615072,18.89749749501546,0.0,14.716294288635254,18.482300758361816,0.0,15.024335543314615,19.03736686706543,0.0,15.153209368387857,19.000447591145832,0.0,15.107186317443848,18.955067952473957,0.0,14.990755081176758,18.88018798828125,0.0,244.5711415608724,227.37116495768228,4.0,0.16
2025-03-01 12:55:00,sample_data/synthetic_test/phase_01/synthetic_20250301_125500.tif,synthetic_test,59,ok,17.218986829121906,12.059041341145834,18.305224418640137,193.39156087239584,273.8324788411458,0.04195072506416858,11.653973897298178,15.586639404296875,0.0,11.887114842732748,16.03320821126302,0.0,12.092766761779785,16.107432047526043,0.0,12.09292984008789,16.04473082224528,0.0,11.81151294708252,15.74228318532308,0.0,11.971417109171549,15.866841316223145,0.0,56.31244023640951,205.84722900390625,0.38585858585858585,17.23563289642334,31.913021405537922,0.05087505087505088,12.079342206319174,16.322542508443195,0.0,11.641784191131592,15.6710205078125,0.0,11.966519673665365,15.955729166666666,0.0,76.24890899658203,237.35083516438803,0.4837000814995925,34.81251653035482,193.70680236816406,0.15558194774346792,12.148735364278158,16.271018981933594,0.0,11.929518699645996,15.927842458089193,0.0,11.69077984491984,15.689640045166016,0.0,12.112104098002115,16.059912363688152,0.0,12.158040046691895,16.13438351949056,0.0,12.026096026102701,16.079760869344074,0.0,11.806621233622232,15.655655860900879,0.0,11.386616230010986,15.161067644755045,0.0,11.635947863260904,15.523007074991861,0.0,11.865309397379557,15.71331787109375,0.0,11.733213424682617,15.611531575520834,0.0,11.738323211669922,15.690104166666666,0.0,237.35083516438803,221.59903208414713,3.6666666666666665,0.14666666666666664
2025-03-01 13:00:00,sample_data/synthetic_test/phase_01/synthetic_20250301_130000.tif,synthetic_test,60,ok,13.287460009256998,8.3194580078125,14.315633138020834,188.2370402018229,269.3680419921875,0.039661909199404904,8.084354559580484,12.1632932027181,0.0,8.06066115697225,12.170968691507975,0.0,8.308461348215738,12.163848876953125,0.0,8.34638770421346,12.321150779724121,0.0,8.062905311584473,11.940812428792318,0.0,8.289937178293863,12.201224644978842,0.0,44.7782096862793,187.9211883544922,0.3244444444444445,12.027741114298502,17.64270846048991,0.0407000407000407,8.337201277414957,12.646081606547037,0.0,8.019031524658203,11.956624348958334,0.0,8.227087020874023,12.167958577473959,0.0,73.8529790242513,235.08409118652344,0.4816625916870416,33.25009346008301,196.36936950683594,0.17022961203483766,8.386351585388184,12.522823333740234,0.0,8.265666007995605,12.192686080932617,0.0,8.001074314117432,11.844071388244629,0.0,8.39318577448527,12.319604555765787,0.0,8.328139305114746,12.230542182922363,0.0,8.254878203074137,12.17828400929769,0.0,8.222318808237711,12.14185365041097,0.0,7.722326596577962,11.591705163319906,0.0,8.030251820882162,11.908205032348633,0.0,8.232991377512613,12.035593668619791,0.0,8.046571890513102,11.895823160807291,0.0,8.095196723937988,11.954203287760416,0.0,235.08409118652344,217.95372263590494,3.3333333333333335,0.13333333333333333
2025-03-01 13:05:00,sample_data/synthetic_test/phase_01/synthetic_20250301_130500.tif,synthetic_test,61,ok,9.583539485931396,4.842041015625,10.311792055765787,181.5206298828125,263.3802083333333,0.03645756698873576,4.862191438674927,8.53673267364502,0.0,4.666233936945598,8.292720794677734,0.0,4.872143904368083,8.358062744140625,0.0,4.9285902579625445,8.60836378733317,0.0,4.7969737847646075,8.280877908070883,0.0,4.91567047437032,8.453657944997152,0.0,31.96719233194987,160.76024373372397,0.2557575757575758,7.253834168116252,9.953035672505697,0.0293040293040293,4.949804385503133,8.805891672770182,0.0,4.730669220288594,8.271728515625,0.0,4.874820788701375,8.430338541666666,0.0,71.40495300292969,234.0249226888021,0.47229013854930724,30.54987907409668,195.30913798014322,0.17695961995249407,4.961309909820557,8.583500226338705,0.0,4.93909486134847,8.439351399739584,0.0,4.713161071141561,8.260431925455729,0.0,4.975532968839009,8.600376605987549,0.0,4.880901535352071,8.231591701507568,0.0,4.841357270876567,8.323087692260742,0.0,4.894606788953145,8.40644105275472,0.0,4.559906880060832,8.05021858215332,0.0,4.793705304463704,8.227347691853842,0.0,4.8511741161346436,8.361317952473959,0.0,4.753706336021423,8.220499674479166,0.0,4.777950922648112,8.261942545572916,0.0,234.0249226888021,215.23882548014322,3.0,0.12
2025-03-01 13:10:00,sample_data/synthetic_test/phase_01/synthetic_20250301_131000.tif,synthetic_test,62,ok,7.282154083251953,3.0382080078125,8.1529541015625,168.70325724283853,249.19877115885416,0.03241944185590269,3.126853624979655,6.727876663208008,0.0,3.0645695527394614,6.500086625417073,0.0,3.174168109893799,6.66534423828125,0.0,3.184918999671936,6.76682726542155,0.0,3.220386028289795,6.585691452026367,0.0,3.161038319269816,6.5856038729349775,0.0,21.030866940816242,123.08943684895833,0.1898989898989899,4.4876969655354815,7.743200778961182,0.018315018315018316,3.243384599685669,6.850337505340576,0.0,3.0933917760849,6.464436848958333,0.0,3.1478148301442466,6.6221923828125,0.0,65.8442776997884,226.29368591308594,0.44539527302363485,27.51037851969401,185.5840810139974,0.17656373713380838,3.1883367697397866,6.6661802927653,0.0,3.2074334621429443,6.6160664558410645,0.0,2.977473338445028,6.3684916496276855,0.0,3.212645173072815,6.7072774569193525,0.0007751937984496124,3.1680829922358194,6.521679719289144,0.00038182512409316535,3.172786831855774,6.637919108072917,0.0,3.1193315585454306,6.624584833780925,0.0,2.903428872426351,6.227039655049642,0.0,3.1515068213144937,6.546878973642985,0.0,3.1413506666819253,6.59808349609375,0.0,3.0794134537378945,6.4718017578125,0.0,3.121657371520996,6.488271077473958,0.0,226.29368591308594,205.93888346354166,3.0,0.12
2025-03-01 13:15:00,sample_data/synthetic_test/phase_01/synthetic_20250301_131500.tif,synthetic_test,63,ok,6.8738218943278,3.4140625,8.221525192260742,148.3929443359375,235.21439615885416,0.027416744322919216,3.431813398996989,6.914937337239583,0.0,3.527677297592163,7.060033321380615,0.0,3.6332360903422036,7.309651692708333,0.0,3.5454506476720176,7.192460060119629,0.0,3.6836474736531577,7.105629603068034,0.0,3.5874081452687583,7.0833455721537275,0.0,13.907057762145996,85.02327346801758,0.12606060606060607,4.207009315490723,7.7589030265808105,0.008547008547008548,3.589512268702189,7.071146488189697,0.0,3.5081793864568076,6.943603515625,0.0,3.506615241368612,7.027801513671875,0.0,56.73920694986979,208.05087280273438,0.39894050529747355,24.750510533650715,167.4536336263021,0.16706254948535235,3.5304402510325112,7.09653917948405,0.0,3.5828255812327066,7.142435550689697,0.0,3.3452061812082925,6.7437113126118975,0.0,3.708673437436422,7.143747806549072,0.002325581395348837,3.6667969624201455,7.172379652659099,0.001145475372279496,3.586032191912333,7.16832701365153,0.0,3.4688366651535034,6.900699933369954,0.0,3.377072334289551,6.499776363372803,0.0,3.5705180962880454,6.942006587982178,0.0,3.5615618228912354,7.065968831380208,0.0,3.419775048891703,6.90692138671875,0.0,3.5678375562032065,7.110249837239583,0.0,208.05087280273438,187.75225321451822,3.0,0.12
2025-03-01 13:20:00,sample_data/synthetic_test/phase_01/synthetic_20250301_132000.tif,synthetic_test,64,ok,7.7877936363220215,5.314249674479167,10.106087366739908,116.54971313476562,222.22566731770834,0.022463092844180684,5.196416934331258,8.976656277974447,0.0,5.382669130961101,9.370784600575766,0.0,5.550089677174886,9.541219075520834,0.0,5.435021082560222,9.394830385843912,0.0,5.422674894332886,9.218133767445883,0.0,5.372234344482422,9.289241472880045,0.0,10.413805961608887,48.55019505818685,0.07353535353535354,5.748851855595906,9.841479460398356,0.002849002849002849,5.497774759928386,9.31029462814331,0.0,5.2818177541097,9.153645833333334,0.0,5.337186177571614,9.20965576171875,0.0,45.13280995686849,177.41290791829428,0.34678076609616953,22.21050262451172,139.44874318440756,0.14964370546318287,5.4429746468861895,9.491926829020182,0.0,5.415701150894165,9.356589476267496,0.0,5.093505382537842,8.795577843983969,0.0,5.526707808176677,9.303544044494629,0.0027131782945736434,5.4958178997039795,9.570109049479166,0.0015273004963726614,5.415011485417684,9.428918520609537,0.0,5.321576754252116,9.0720583597819,0.0,5.151578028996785,8.606191317240397,0.0,5.386919577916463,9.14961576461792,0.0,5.422542572021484,9.259989420572916,0.0,5.258927345275879,9.241546630859375,0.0,5.353473981221517,9.246541341145834,0.0,177.41290791829428,158.43082555135092,2.6666666666666665,0.10666666666666667
2025-03-01 13:25:00,sample_data/synthetic_test/phase_01/synthetic_20250301_132500.tif,synthetic_test,65,ok,8.797000885009766,7.1866455078125,11.815275192260742,81.88385772705078,221.47306315104166,0.0174440466264489,7.085692087809245,10.941314697265625,0.0,7.164272785186768,11.446181297302246,0.0,7.345656236012776,11.416453043619791,0.0,7.321842988332112,11.397017478942871,0.0,7.1044027010599775,10.971722602844238,0.0,7.2090373039245605,11.294970512390137,0.0,9.087595303853353,24.534024874369305,0.031919191919191924,7.495069662729899,11.642968813578287,0.000407000407000407,7.3960808118184405,11.361608823140463,0.0,6.978830973307292,10.9696044921875,0.0,7.258130709330241,11.230697631835938,0.0,33.45881017049154,140.5793202718099,0.28402607986960066,19.892597834269207,109.7375005086263,0.12668250197941408,7.32907231648763,11.51030445098877,0.0,7.265005588531494,11.350825627644857,0.0,6.912866115570068,10.79939047495524,0.0,7.374798774719238,11.368011474609375,0.001937984496124031,7.218189716339111,11.330541928609213,0.001145475372279496,7.2000017166137695,11.275634765625,0.0,7.227133433024089,11.004504521687826,0.0,7.009315808614095,10.581855456034342,0.0,7.2116462389628095,11.04289976755778,0.0,7.17545747756958,11.126749674479166,0.0,7.089154243469238,11.227650960286459,0.0,7.047100067138672,10.965504964192709,0.0,140.5793202718099,125.1584103902181,2.3333333333333335,0.09333333333333334
2025-03-01 13:30:00,sample_data/synthetic_test/phase_01/synthetic_20250301_133000.tif,synthetic_test,66,ok,9.34760570526123,8.2491455078125,12.701578776041666,50.92440096537272,225.23177083333334,0.013438618863112461,8.234397570292154,12.065789858500162,0.0,8.207807223002115,12.324552536010742,0.0,8.347477595011393,12.28582763671875,0.0,8.439484119415283,12.395455042521158,0.0,8.02876885732015,11.869474411010742,0.0,8.265840689341227,12.296695709228516,0.0,8.820358276367188,13.185766537984213,0.009696969696969697,8.618515809377035,13.017358462015787,0.0,8.532007376352945,12.640352249145508,0.0,7.984969298044841,11.84375,0.0,8.39889129002889,12.272577921549479,0.0,25.39906183878581,118.83231608072917,0.22249388753056235,18.376131057739258,92.4654057820638,0.10768012668250197,8.544091383616129,12.749625523885092,0.0,8.30880610148112,12.240681648254395,0.0,8.020190874735514,11.963016510009766,0.0,8.393258889516195,12.556237856547037,0.0015503875968992248,8.22324307759603,12.371687571207682,0.0007636502481863308,8.207828203837076,12.157641410827637,0.0,8.290865103403727,12.183492024739584,0.0,7.985019048055013,11.701733589172363,0.0,8.199548721313477,11.998944282531738,0.0,8.11275831858317,12.067494710286459,0.0,8.182969888051352,12.173624674479166,0.0,7.977289358774821,11.82183837890625,0.0,118.83231608072917,105.64886093139648,2.0,0.08
2025-03-01 13:35:00,sample_data/synthetic_test/phase_01/synthetic_20250301_133500.tif,synthetic_test,67,ok,9.441974322001139,8.378458658854166,12.759724934895834,42.21667035420736,233.98527018229166,0.011591217486553203,8.405411720275879,12.292352358500162,0.0,8.236639181772867,12.25060749053955,0.0,8.447812716166178,12.459859212239584,0.0,8.571443557739258,12.534375190734863,0.0,8.155025800069174,12.089078903198242,0.0,8.488329887390137,12.51995817820231,0.0,8.566775639851889,12.861287434895834,0.0,8.780064582824707,13.165364583333334,0.0,8.63530445098877,12.70094362894694,0.0,8.191310246785482,11.997395833333334,0.0,8.578827540079752,12.50042724609375,0.0,24.650794347127277,132.85263061523438,0.1911165444172779,18.56228510538737,97.19382222493489,0.10015835312747425,8.780978202819824,13.13980515797933,0.0,8.441852728525797,12.33279005686442,0.0,8.24972677230835,12.246692657470703,0.0,8.588476498921713,12.617114067077637,0.002325581395348837,8.392763296763102,12.539249420166016,0.0007636502481863308,8.3471573193868,12.290193557739258,0.0,8.36107842127482,12.315523147583008,0.0,8.053285121917725,11.779346783955893,0.0,8.228604793548584,11.990106264750162,0.0,8.211171309153238,12.099609375,0.0,8.302383581797281,12.198140462239584,0.0,8.027586460113525,11.872812906901041,0.0,132.85263061523438,115.02322642008464,2.0,0.08
2025-03-01 13:40:00,sample_data/synthetic_test/phase_01/synthetic_20250301_134000.tif,synthetic_test,68,ok,9.074159940083822,7.572916666666667,11.952946027119955,67.40429496765137,243.20402018229166,0.012751974103683358,7.5428667068481445,11.479514757792154,0.0,7.387299060821533,11.294872283935547,0.0,7.597818215688069,11.615005493164062,0.0,7.720302899678548,11.644848823547363,0.0,7.378840605417888,11.40984312693278,0.0,7.7090145746866865,11.74877897898356,0.0,7.935328006744385,11.950894991556803,0.00404040404040404,8.005030155181885,12.264583269755045,0.000407000407000407,7.749210357666016,11.741308212280273,0.0,7.4813001950581866,11.363728841145834,0.0,7.701481024424235,11.523208618164062,0.0,31.553958257039387,174.1968994140625,0.2041564792176039,21.167579650878906,129.0058135986328,0.11282660332541566,8.011224746704102,12.313375155131022,0.0,7.593249479929606,11.416996320088705,0.0,7.566871643066406,11.499141375223795,0.0,7.790297667185466,11.681900978088379,0.0031007751937984496,7.700823624928792,11.85451634724935,0.001145475372279496,7.570108095804851,11.58575439453125,0.0,7.427872021993001,11.392451922098795,0.0,7.279399712880452,10.978506724039713,0.0,7.291103521982829,11.072731653849283,0.0,7.47245724995931,11.378041585286459,0.0,7.510019143422444,11.441619873046875,0.0,7.20448652903239,11.086140950520834,0.0,174.1968994140625,151.60135650634766,2.0,0.08
2025-03-01 13:45:00,sample_data/synthetic_test/phase_01/synthetic_20250301_134500.tif,synthetic_test,69,ok,8.173606077829996,5.873250325520833,10.325341860453287,111.04135386149089,255.732666015625,0.016168849216080566,5.825385332107544,9.781785170237223,0.0,5.766999324162801,9.79233201344808,0.0,5.8374449412028,9.881495157877604,0.0,6.008297046025594,9.908650875091553,0.0,5.773296435674031,9.717655658721924,0.0,5.9904632568359375,9.9994748433431,0.0,7.721297423044841,11.039249738057455,0.014545454545454547,6.4251400629679365,10.214855829874674,0.002442002442002442,6.056942542394002,9.932356516520182,0.0,5.882034778594971,9.775187174479166,0.0,5.9131442705790205,9.710479736328125,0.0,41.79865964253744,216.69976298014322,0.25101874490627546,25.83587137858073,171.49060567220053,0.14212193190815517,6.291741847991943,10.351454893747965,0.0,5.873170773188273,9.650901476542154,0.0,5.963188886642456,9.734121640523275,0.0,6.149173895517985,9.927634716033936,0.002325581395348837,6.120035330454509,10.184911886850992,0.001145475372279496,5.917288939158122,9.925512790679932,0.0,5.683594385782878,9.455310026804606,0.0,5.6908243497212725,9.368229230244955,0.0,5.618366718292236,9.428198178609213,0.0,5.843068599700928,9.711171468098959,0.0,5.845550298690796,9.8250732421875,0.0,5.632911602656047,9.521677652994791,0.0,216.69976298014322,194.09518432617188,2.0,0.08
2025-03-01 13:50:00,sample_data/synthetic_test/phase_01/synthetic_20250301_135000.tif,synthetic_test,70,ok,7.149426460266113,3.8203125,8.197737693786621,159.96043395996094,269.4930826822917,0.02079552699985286,3.8485302527745566,7.383866310119629,0.0,3.8979331652323403,7.61677344640096,0.0,3.84408970673879,7.5384063720703125,0.0,4.0039002895355225,7.527109781901042,0.0,3.859989325205485,7.372495651245117,0.0,3.930654009183248,7.470487276713054,0.0,9.861804803212484,47.969800313313804,0.03838383838383839,5.564320087432861,8.161120573679606,0.01098901098901099,4.022784312566121,7.582096258799235,0.0,3.871512214342753,7.378499348958333,0.0,3.8756858507792153,7.2773183186848955,0.0,51.239874521891274,235.70893351236978,0.3027709861450693,31.76980717976888,209.81059773763022,0.1777513855898654,4.137811899185181,7.727215607961019,0.0,3.8850476344426474,7.261515299479167,0.0,3.946141084035238,7.342244466145833,0.0,4.16392199198405,7.714093208312988,0.0011627906976744186,4.1506279309590655,7.873437404632568,0.0007636502481863308,3.950990835825602,7.528910477956136,0.0,3.757311979929606,7.1138224601745605,0.0,3.7742896477381387,7.117143789927165,0.0,3.7310285568237305,7.237109343210856,0.0,3.872262795766195,7.365895589192708,0.0,3.895609656969706,7.513651529947917,0.0,3.7603183587392173,7.27777099609375,0.0,235.70893351236978,222.759765625,2.3333333333333335,0.09333333333333334
2025-03-01 13:55:00,sample_data/synthetic_test/phase_01/synthetic_20250301_135500.tif,synthetic_test,71,ok,7.150922139485677,2.915771484375,7.508170445760091,190.5171864827474,282.295166015625,0.024850000817434232,3.0149519046147666,6.438553810119629,0.0,3.052482525507609,6.600577672322591,0.0,2.9460901816685996,6.594828287760417,0.0,3.0569020907084146,6.401228745778401,0.0,2.9510185718536377,6.220503807067871,0.0,3.0486010313034058,6.42847474416097,0.0,15.621263186136881,120.61736106872559,0.0694949494949495,7.649083773295085,11.976212660471598,0.02686202686202686,3.0379993120829263,6.5836710929870605,0.0,3.0329126914342246,6.442708333333333,0.0,3.058116833368937,6.5392710367838545,0.0,57.1508420308431,244.3881581624349,0.3321108394458028,37.27285639444987,231.67906188964844,0.2058590657165479,3.2047932942708335,6.765291213989258,0.0,3.006132404009501,6.378300031026204,0.0,2.983297824859619,6.321710109710693,0.0,3.218979279200236,6.832104523976644,0.0003875968992248062,3.142144759496053,6.750349839528401,0.0003818251240931655,2.9926064014434814,6.436299800872803,0.0,2.96154793103536,6.284143129984538,0.0,2.965792695681254,6.288897673288981,0.0,2.9839661916097007,6.4786458015441895,0.0,3.0214027563730874,6.365468343098958,0.0,2.9772746165593467,6.360890706380208,0.0,2.905592759450277,6.299702962239583,0.0,244.3881581624349,238.03361002604166,2.6666666666666665,0.10666666666666665
2025-03-01 14:00:00,sample_data/synthetic_test/phase_01/synthetic_20250301_140000.tif,synthetic_test,72,ok,8.996113300323486,4.131917317708333,9.005729039510092,207.27108764648438,287.8819580078125,0.029362237807968344,4.2142958243687945,7.66684357325236,0.0,4.1148451169331866,7.63294251759847,0.0,4.1420438687006635,7.7703806559244795,0.0,4.141034682591756,7.584810256958008,0.0,4.102654457092285,7.423516750335693,0.0,4.130241910616557,7.514428456624349,0.0,24.96411641438802,195.7687505086263,0.11151515151515151,14.357702096303305,64.72456375757854,0.05616605616605617,4.150469064712524,7.673079331715901,0.0,4.201809366544087,7.819417317708333,0.0,4.270648241043091,7.829203287760417,0.0,59.94488016764323,236.31953938802084,0.3573757131214344,41.30889383951823,231.91763305664062,0.22565320665083136,4.352968851725261,8.04518206914266,0.0,4.197829604148865,7.671523094177246,0.0,4.07018256187439,7.594542344411214,0.0,4.2428797880808515,8.033188819885254,0.0,4.192821582158406,7.759212176005046,0.0,4.112269798914592,7.563317934672038,0.0,4.143520911534627,7.520609696706136,0.0,4.170268098513286,7.551347891489665,0.0,4.1193037033081055,7.638838609059651,0.0,4.176727056503296,7.576812744140625,0.0,4.0866347551345825,7.437703450520833,0.0,3.9745776653289795,7.314036051432292,0.0,239.53455607096353,236.4197540283203,3.3333333333333335,0.13333333333333333
2025-03-01 14:05:00,sample_data/synthetic_test/phase_01/synthetic_20250301_140500.tif,synthetic_test,73,ok,12.565188725789389,7.255167643229167,12.647233009338379,215.63004557291666,294.2126871744792,0.03343306031029803,7.1918496290842695,10.964056332906088,0.0,7.105984290440877,11.001909097035727,0.0,7.162445942560832,10.993916829427084,0.0,7.130046447118123,11.027144273122152,0.0,7.057250579198201,10.681884765625,0.0,7.051061709721883,10.84167448679606,0.0,36.41028086344401,242.7178751627604,0.15515151515151515,25.194737752278645,144.89557202657065,0.0936100936100936,7.295995791753133,11.27325439453125,0.0,7.217133363087972,11.339396158854166,0.0,7.264639139175415,11.075307210286459,0.0,61.61141586303711,236.69038899739584,0.3687856560717197,44.269476572672524,226.93057250976562,0.23832145684877273,7.474558432896932,11.469419320424398,0.0,7.21614654858907,11.175089518229166,0.0,7.066767533620198,10.914323012034098,0.0,7.18403156598409,11.284651597340902,0.0,7.261067628860474,11.0986328125,0.0,7.0801247755686445,10.975703875223795,0.0,7.062428712844849,10.78691021601359,0.0,7.089270114898682,10.853867530822754,0.0,6.989036877950032,10.875782012939453,0.0,7.134972174962361,10.868916829427084,0.0,7.08031169573466,10.757151285807291,0.0,6.866021712621053,10.631093343098959,0.0,248.59170532226562,242.7052001953125,3.6666666666666665,0.14666666666666667
2025-03-01 14:10:00,sample_data/synthetic_test/phase_01/synthetic_20250301_141000.tif,synthetic_test,74,ok,16.66967487335205,11.006062825520834,16.695475578308105,220.0251668294271,299.1024576822917,0.03791259993133552,10.793478806813559,14.65042527516683,0.0,10.762002150217691,14.684585571289062,0.0,10.977564652760824,14.700520833333334,0.0,10.900766531626383,14.843780199686686,0.0,10.732400894165039,14.550650914510092,0.0,10.669641812642416,14.497570673624674,0.0,47.97871398925781,251.22152709960938,0.20646464646464646,37.56432787577311,223.41443379720053,0.1387871387871388,11.191675504048666,15.180013020833334,0.0,10.88754399617513,15.092000325520834,0.0,10.916738192240397,14.772776285807291,0.0,62.11327362060547,228.06609090169272,0.38101059494702527,45.51423263549805,218.11760965983072,0.24465558194774348,11.233975569407145,15.263507207234701,0.0,10.858301639556885,14.94235642751058,0.0,10.762491861979166,14.755681673685709,0.0,10.91054360071818,14.978619575500488,0.0,11.075345834096273,14.953841209411621,0.0,10.84539763132731,14.861804326375326,0.0,10.665707111358643,14.417008399963379,0.0,10.510849316914877,14.395229975382486,0.0,10.476831754048666,14.36523691813151,0.0,10.794796784718832,14.610443115234375,0.0,10.743864377339682,14.511484781901041,0.0,10.448643525441488,14.213775634765625,0.0,252.3635457356771,247.31775919596353,4.0,0.16
2025-03-01 14:15:00,sample_data/synthetic_test/phase_01/synthetic_20250301_141500.tif,synthetic_test,75,ok,20.53667958577474,14.5086669921875,20.504321416219074,226.56089782714844,304.5113118489583,0.041394869782725975,14.158249219258627,17.965531667073567,0.0,14.288727760314941,18.14156723022461,0.0,14.575563112894693,18.23266092936198,0.0,14.459418614705404,18.505584716796875,0.0,14.187113761901855,17.971691767374676,0.0,14.24803098042806,18.096337636311848,0.0,58.41273880004883,260.95139567057294,0.25818181818181823,49.66712443033854,254.86382039388022,0.18884818884818885,14.800663948059082,18.841296513875324,0.0,14.312352180480957,18.2821044921875,0.0,14.40104897816976,18.238057454427082,0.0,62.28735224405924,229.30781046549478,0.37082314588427057,46.15814971923828,213.2317911783854,0.24188440221694377,14.814106623331705,18.848791758219402,0.0003977724741447892,14.318215688069662,18.412748336791992,0.0,14.266403516133627,18.199870427449543,0.0,14.51293659210205,18.49052556355794,0.0,14.671422322591146,18.694279034932453,0.0,14.448973655700684,18.50388177235921,0.0,14.171641031901041,17.933223088582356,0.0,13.756909370422363,17.67270787556966,0.0,13.887990633646647,17.838324864705402,0.0,14.304394404093424,18.193145751953125,0.0,14.195854504903158,17.947916666666668,0.0,13.856940587361654,17.620900472005207,0.0,262.0934143066406,257.90760803222656,4.0,0.16
2025-03-01 14:20:00,sample_data/synthetic_test/phase_01/synthetic_20250301_142000.tif,synthetic_test,76,ok,23.78894869486491,17.564249674479168,23.8145751953125,231.6473388671875,308.0598958333333,0.04438667909166707,17.110148747762043,20.91979217529297,0.00043010752688172043,17.358429590861004,21.116442998250324,0.0,17.592796961466473,21.278879801432293,0.0,17.51817258199056,21.544516881306965,0.0008525149190110828,17.242196400960285,21.070124944051106,0.0,17.389487266540527,21.256591796875,0.0,65.72298812866211,262.44480387369794,0.30303030303030304,59.87712860107422,263.37241617838544,0.23850223850223848,17.87062390645345,21.709798177083332,0.0,17.283896764119465,21.066813151041668,0.0,17.47634442647298,21.519755045572918,0.0008169934640522876,61.9052988688151,224.52799479166666,0.35289323553382235,46.46674728393555,210.42520141601562,0.23515439429928742,17.950926780700684,21.931844075520832,0.0007955449482895784,17.391611735026043,21.372723897298176,0.0,17.27997875213623,21.11303456624349,0.0,17.57426420847575,21.671181360880535,0.0007751937984496124,17.745484352111816,21.844092051188152,0.0003818251240931655,17.585881233215332,21.672644297281902,0.0,17.23151175181071,21.04538091023763,0.0007870916961826052,16.67945925394694,20.568790435791016,0.00038402457757296467,16.96768347422282,20.913883209228516,0.00038580246913580245,17.343245188395183,21.312510172526043,0.0,17.143699645996094,20.991984049479168,0.00038491147036181676,16.837700208028156,20.460072835286457,0.0,264.8674723307292,262.9086100260417,4.0,0.16
2025-03-01 14:25:00,sample_data/synthetic_test/phase_01/synthetic_20250301_142500.tif,synthetic_test,77,ok,26.2839838663737,19.934895833333332,26.4609375,231.61859130859375,310.8914794921875,0.04824496869226871,19.404490788777668,23.262760798136394,0.0008602150537634409,19.81350326538086,23.818639119466145,0.0034188034188034374,19.95758120218913,23.789510091145832,0.002931323283082077,19.959145228068035,24.1747252146403,0.0038363171355498722,19.642079035441082,23.410585403442383,0.00042301184433164127,19.75885772705078,23.707128524780273,0.0016319869441044424,70.71469116210938,265.38454182942706,0.3434343434343434,67.75342051188152,266.1750793457031,0.2901912901912902,20.23058827718099,24.157466888427734,0.0037546933667083854,19.639923731486004,23.495646158854168,0.00243605359317905,19.87127431233724,23.76476542154948,0.002859477124183007,60.839202880859375,222.6520792643229,0.33088834555827223,47.387271881103516,208.06417846679688,0.2276326207442597,20.454599380493164,24.438875198364258,0.005568814638027049,19.788220087687176,23.639310836791992,0.000784313725490196,19.59913698832194,23.39862887064616,0.0011990407673860913,19.8684565226237,24.024348576863606,0.001937984496124031,20.198041280110676,24.423966725667317,0.0026727758686521576,20.037892659505207,24.007190068562824,0.0023724792408066422,19.557161331176758,23.38975779215495,0.0007870916961826052,18.992551803588867,22.89959971110026,0.001152073732718894,19.3994197845459,23.374766031901043,0.0011574074074074073,19.584583282470703,23.514546712239582,0.0007698229407236335,19.444963455200195,23.310353597005207,0.0011547344110854503,19.219172795613606,22.891489664713543,0.0003762227238525207,267.6701354980469,265.7798105875651,4.0,0.16
2025-03-01 14:30:00,sample_data/synthetic_test/phase_01/synthetic_20250301_143000.tif,synthetic_test,78,ok,27.91233189900716,21.510416666666668,28.201571146647137,232.72327677408853,313.90625,0.05306783069302074,20.92114766438802,24.834802627563477,0.0017204301075268817,21.528872807820637,25.674665451049805,0.010256410256410275,21.58972104390462,25.489573160807293,0.007118927973199331,21.56369972229004,25.668704986572266,0.008098891730605287,21.16387367248535,24.919565836588543,0.0012690355329949238,21.288461049397785,25.248278935750324,0.004079967360261113,75.54923756917317,266.10779825846356,0.38181818181818183,74.48853302001953,272.41344197591144,0.3426943426943427,21.75316619873047,25.764498392740887,0.007926574885273258,21.26276206970215,25.2178955078125,0.005684125050751117,21.398922602335613,25.197494506835938,0.006535947712418301,57.312034606933594,216.69926961263022,0.29869600651996736,47.39792124430338,205.96954345703125,0.21615201900237527,22.1215337117513,26.140366236368816,0.013922036595067624,21.31777572631836,25.226035435994465,0.004705882352941177,21.049370447794598,24.845457712809246,0.0015987210231814548,21.474664052327473,25.687163670857746,0.008914728682170543,21.838300069173176,26.051041920979817,0.010309278350515464,21.61394437154134,25.61153221130371,0.007512850929221035,21.10307439168294,24.976216634114582,0.0035419126328217238,20.554797490437824,24.316003799438477,0.0019201228878648233,21.016019185384113,25.028669993082683,0.004629629629629629,21.03497060139974,24.836802164713543,0.003464203233256351,20.964087804158527,24.926442464192707,0.001924557351809084,20.80724334716797,24.503255208333332,0.0015048908954100827,272.41344197591144,269.2606201171875,4.0,0.16
2025-03-01 14:35:00,sample_data/synthetic_test/phase_01/synthetic_20250301_143500.tif,synthetic_test,79,ok,28.622248967488606,22.170125325520832,29.115267435709637,232.9544423421224,316.709228515625,0.05658279791390782,21.673831303914387,25.645034154256184,0.002150537634408602,22.691251118977863,26.496050516764324,0.017948717948717968,22.498626708984375,26.466135660807293,0.015075376884422112,22.18824068705241,26.290189743041992,0.010230179028132993,21.666189829508465,25.441870371500652,0.0029610829103214886,21.945748647054035,25.981950124104817,0.0065279477764177835,81.5894266764323,265.6070861816406,0.4185858585858586,81.68226369222005,277.96446736653644,0.3956043956043956,22.42313003540039,26.522050221761067,0.013350020859407593,21.978178024291992,25.973103841145832,0.008932196508323184,21.953392664591473,25.749130249023438,0.007761437908496732,50.31396357218424,197.35283915201822,0.2563162184189079,44.82744471232096,190.92450968424478,0.19833729216152018,22.781982421875,26.891690572102863,0.02068416865552904,21.89781125386556,25.818692525227863,0.007058823529411766,21.630545298258465,25.49878438313802,0.0023980815347721825,22.306651433308918,26.47798029581706,0.01317829457364341,22.52937189737956,26.763029098510742,0.016800305460099276,22.250071843465168,26.22124481201172,0.011071569790431,21.74843152364095,25.67655881245931,0.005116096025186934,21.263795216878254,25.031418482462566,0.0019201228878648233,21.749174118041992,25.792675654093426,0.006944444444444444,21.67673174540202,25.490000406901043,0.005773672055427253,21.64974085489909,25.578999837239582,0.0023094688221709007,21.424826939900715,25.197509765625,0.002633559066967645,277.96446736653644,271.78577677408856,4.0,0.16
2025-03-01 14:40:00,sample_data/synthetic_test/phase_01/synthetic_20250301_144000.tif,synthetic_test,80,ok,28.34615135192871,21.905354817708332,28.866154352823894,234.46016947428384,315.9626871744792,0.055340297873036105,21.59385808308919,25.491034189860027,0.002150537634408602,24.393553415934246,26.793071746826172,0.029914529914529937,23.473278045654297,26.366526285807293,0.02512562814070352,21.763888041178387,25.822294235229492,0.008525149190110827,21.215168635050457,25.0841490427653,0.0029610829103214886,21.743825276692707,25.855538686116535,0.005711954304365561,86.1602071126302,266.32948811848956,0.4412121212121212,87.62173970540364,279.4010314941406,0.43223443223443225,22.19061342875163,26.14496676127116,0.01084689194826867,21.67058499654134,25.4921875,0.006902151847340641,21.53325653076172,25.475911458333332,0.006127450980392156,41.42953364054362,165.3230997721354,0.20089649551752242,39.43561681111654,163.35182189941406,0.16547901821060965,22.46016502380371,26.45067087809245,0.01670644391408115,21.646345138549805,25.6825008392334,0.006274509803921568,21.278565724690754,25.027631759643555,0.001199040767386091,22.117478052775066,26.357885996500652,0.013565891472868219,22.213673273722332,26.43334134419759,0.014891179839633445,21.93039894104004,25.96125094095866,0.009094503756425466,21.48741404215495,25.44311587015788,0.005116096025186934,21.099562962849934,24.820302963256836,0.0011520737327188942,21.521759033203125,25.467802047729492,0.006172839506172839,21.478015263875324,25.319224039713543,0.0050038491147036184,21.47507095336914,25.333119710286457,0.0015396458814472675,21.06184260050456,24.913218180338543,0.002257336343115124,279.4010314941406,272.8652598063151,4.0,0.16
2025-03-01 14:45:00,sample_data/synthetic_test/phase_01/synthetic_20250301_144500.tif,synthetic_test,81,ok,27.066443761189777,20.684895833333332,27.603474934895832,230.21733601888022,314.2534586588542,0.051024245099481745,20.503912607828777,24.414382298787434,0.0012903225806451613,27.540354410807293,67.5967305501302,0.04871794871794874,26.141199747721355,65.54081217447917,0.04564489112227806,20.517065684000652,24.557816823323567,0.004262574595055414,19.98246701558431,23.914973576863606,0.0021150592216582064,20.606507619222004,24.69042205810547,0.00326397388820889,85.69683837890625,261.1440887451172,0.4432323232323232,89.5553487141927,274.5939127604167,0.4436304436304436,21.066809336344402,24.88958740234375,0.006675010429703796,20.3902161916097,24.1805419921875,0.0036540803897685743,20.2788143157959,24.42145284016927,0.0024509803921568627,32.45038159688314,119.55890401204427,0.14588427057864714,32.43068250020345,122.29058074951172,0.12628661916072842,21.172961552937824,25.125614166259766,0.007955449482895784,20.46898078918457,24.385416666666668,0.0023529411764705885,20.04927635192871,23.7482484181722,0.0007993605115907274,20.79607582092285,24.966410954793293,0.006589147286821705,20.993399302164715,25.158357620239258,0.007254677357770141,20.687097549438477,24.59015719095866,0.003954132068011071,20.26100222269694,24.18288230895996,0.0023612750885478157,20.00453249613444,23.75881004333496,0.00038402457757296483,20.337114334106445,24.231266657511394,0.002700617283950617,20.395051956176758,24.322713216145832,0.0023094688221709007,20.376862208048504,24.101776123046875,0.0007698229407236337,19.7924009958903,23.645182291666668,0.001128668171557562,274.5939127604167,267.8690007527669,4.666666666666667,0.18666666666666665
2025-03-01 14:50:00,sample_data/synthetic_test/phase_01/synthetic_20250301_145000.tif,synthetic_test,82,ok,24.927196502685547,18.626749674479168,25.42431640625,225.54764811197916,312.861083984375,0.04700246865139699,18.38059933980306,22.268733978271484,0.00043010752688172043,31.87841033935547,142.93862597147623,0.07649572649572652,31.328819274902344,141.31815592447916,0.07747068676716919,18.539480845133465,22.541900634765625,0.0012787723785166241,18.041256586710613,21.966336568196613,0.00042301184433164127,18.557883262634277,22.482438405354817,0.0008159934720522189,80.00059254964192,250.11856587727866,0.43111111111111117,85.98663075764973,262.1450551350911,0.44037444037444035,19.018694559733074,22.856958389282227,0.0012515644555694619,18.305904388427734,22.216145833333332,0.0004060089321965083,18.303164800008137,22.265213012695312,0.0004084967320261438,24.91065279642741,73.58838907877605,0.09413202933985332,25.6859556833903,77.08298238118489,0.08669833729216152,18.983997344970703,22.833349863688152,0.0007955449482895796,18.369890213012695,22.390161514282227,0.0,18.063052813212078,21.780622482299805,0.0,18.617371877034504,22.68699582417806,0.0015503875968992248,18.924856821695965,23.024845123291016,0.00038182512409316535,18.602859179178875,22.504662831624348,0.0003954132068011066,18.175015131632488,22.014392852783203,0.0,17.95966402689616,21.73950958251953,0.0,18.27840455373128,22.18710772196452,0.0,18.408432642618816,22.449900309244793,0.0,18.334006627400715,22.016916910807293,0.0,17.79618485768636,21.666666666666668,0.0,262.97447713216144,259.650873819987,5.0,0.19999999999999998
2025-03-01 14:55:00,sample_data/synthetic_test/phase_01/synthetic_20250301_145500.tif,synthetic_test,83,ok,22.10727882385254,15.848103841145834,22.508153915405273,225.39869181315103,310.9487711588542,0.04512236990534111,15.549004872639975,19.475505193074543,0.0,35.57766596476237,217.45135498046875,0.10384615384615387,37.735819498697914,220.16170247395834,0.11599664991624792,15.840862909952799,19.781571706136067,0.0,15.45264752705892,19.309232076009113,0.0,15.775279998779297,19.582446416219074,0.0,71.448974609375,238.02394104003906,0.4117171717171717,78.89583587646484,252.21934509277344,0.42938542938542934,16.19128195444743,20.072904586791992,0.0,15.563474337259928,19.494791666666668,0.0,15.689970970153809,19.587905883789062,0.0,18.736641883850098,40.014504750569664,0.05215973920130401,19.71121056874593,42.8210334777832,0.05542359461599366,15.96239980061849,19.888668060302734,0.0,15.589117685953775,19.613723119099934,0.0,15.410259882609049,19.321208953857422,0.0,15.837149302164713,19.76937484741211,0.0,16.111097017923992,20.199308395385742,0.0,15.82589022318522,19.77220853169759,0.0,15.424008051554361,19.277075449625652,0.0,15.200678507486979,18.968029657999676,0.0,15.501082102457682,19.50904146830241,0.0,15.607147534688314,19.710103352864582,0.0,15.540703773498535,19.226338704427082,0.0,15.139490127563477,19.011952718098957,0.0,260.29193115234375,255.88440704345703,5.0,0.19999999999999998
2025-03-01 15:00:00,sample_data/synthetic_test/phase_01/synthetic_20250301_150000.tif,synthetic_test,84,ok,18.604325612386067,12.521687825520834,18.912508010864258,225.3295440673828,307.4079996744792,0.043274968528781856,12.25951894124349,16.212227821350098,0.0,36.4402961730957,242.60882059733072,0.12435897435897438,42.44944636027018,257.3643798828125,0.15201005025125627,12.548820813496908,16.447890281677246,0.0,12.272515614827475,16.13804308573405,0.0,12.44849936167399,16.31944179534912,0.0,61.555789947509766,230.14199829101562,0.38303030303030305,69.20557530721028,242.3126017252604,0.4110704110704111,12.75947125752767,16.77984619140625,0.0,12.290889739990234,16.152791341145832,0.0,12.43702507019043,16.213551839192707,0.0,13.675431569417318,19.576356887817383,0.023227383863080705,14.411860148111979,21.37601153055827,0.030087094220110844,12.4046630859375,16.34726397196452,0.0,12.291999816894531,16.45902919769287,0.0,12.203373908996582,16.179485321044922,0.0,12.519118944803873,16.461446126302082,0.0,12.683258374532064,16.766308784484863,0.0,12.505201975504557,16.557820320129395,0.0,12.083709398905436,15.853381474812826,0.0,11.892141977945963,15.636519432067871,0.0,12.180616696675619,16.27422269185384,0.0,12.232666969299316,16.322499593098957,0.0,12.238683064778646,16.104176839192707,0.0,11.901016235351562,15.768025716145834,0.0,257.3643798828125,251.6664250691732,4.333333333333333,0.17333333333333334
2025-03-01 15:05:00,sample_data/synthetic_test/phase_01/synthetic_20250301_150500.tif,synthetic_test,85,ok,14.553389549255371,8.822021484375,14.837337176005045,218.08111063639322,296.5850830078125,0.04026681053509245,8.614182154337565,12.561784108479818,0.0,33.8435312906901,225.85111490885416,0.13931623931623935,43.99324289957682,253.60700480143228,0.18216080402010051,8.839443683624268,12.720733642578125,0.0,8.731279214223227,12.543768246968588,0.0,8.80173889795939,12.772046089172363,0.0,51.37717310587565,222.29460652669272,0.3373737373737374,57.759848276774086,229.86457316080728,0.36955636955636956,8.886242866516113,12.904129981994629,0.0,8.682745138804117,12.418416341145834,0.0,8.748355070749918,12.523000081380209,0.0,9.303432623545328,13.602343559265137,0.00774246128769358,9.695584297180176,13.955916086832682,0.011480601741884403,8.648388544718424,12.693099021911621,0.0,8.65998919804891,12.732206026713053,0.0,8.58077081044515,12.477095603942871,0.0,8.800879001617432,12.717901547749838,0.0,8.86054531733195,12.835221608479818,0.0,8.766295274098715,12.827103614807129,0.0,8.45943021774292,12.167704264322916,0.0,8.299201647440592,12.055607159932455,0.0,8.51736847559611,12.498645146687826,0.0,8.551146984100342,12.534077962239584,0.0,8.626114050547281,12.514109293619791,0.0,8.356837590535482,12.160603841145834,0.0,253.60700480143228,243.4138971964518,4.0,0.16
2025-03-01 15:10:00,sample_data/synthetic_test/phase_01/synthetic_20250301_151000.tif,synthetic_test,86,ok,10.579536279042562,5.239583333333333,10.75572935740153,204.28338114420572,288.1519368489583,0.03676819199895368,5.164046923319499,8.743052164713541,0.0,29.24070167541504,200.5243377685547,0.1495726495726496,42.66670608520508,241.4275105794271,0.20812395309882747,5.298141320546468,8.839410463968912,0.0,5.333627382914226,9.030391693115234,0.0,5.3194271723429365,9.023087660471598,0.0,42.13930638631185,212.6913096110026,0.2832323232323232,46.38370132446289,217.01050821940103,0.31420431420431416,5.289251248041789,9.01177978515625,0.0,5.2295909722646075,8.7960205078125,0.0,5.23587981859843,8.738505045572916,0.0,5.532345692316691,9.429931640625,0.00040749796251020597,5.72078005472819,9.547408103942871,0.001979414093428345,5.234457890192668,8.909529685974121,0.0,5.20452896753947,8.952530860900879,0.0,5.162038405736287,8.635650634765625,0.0,5.260918935139974,8.877721945444742,0.0,5.2693281173706055,8.827767054239908,0.0,5.219907363255818,8.888749281565348,0.0,5.067756573359172,8.43784205118815,0.0,4.973080158233643,8.41299025217692,0.0,5.1407796541849775,8.835935592651367,0.0,5.144290447235107,8.733296712239584,0.0,5.211326281229655,8.838521321614584,0.0,5.0613930225372314,8.610453287760416,0.0,241.4275105794271,229.21900939941406,4.0,0.16
2025-03-01 15:15:00,sample_data/synthetic_test/phase_01/synthetic_20250301_151500.tif,synthetic_test,87,ok,7.986641883850098,3.1371663411458335,8.319612661997477,186.85421752929688,280.7239583333333,0.03313878398482842,3.1604855060577393,6.429089228312175,0.0,24.510114034016926,175.17637634277344,0.1495726495726496,39.960618336995445,228.86890665690103,0.22319932998324957,3.2568414211273193,6.6977864901224775,0.0,3.3534162839253745,6.906915346781413,0.0,3.2946364879608154,6.91161314646403,0.0,35.07977104187012,201.03607686360678,0.2347474747474748,37.30643781026205,204.40416971842447,0.2555962555962556,3.2763256231943765,6.751041730244954,0.0,3.244435469309489,6.8055419921875,0.0,3.1883904933929443,6.555124918619792,0.0,3.3906968434651694,7.128106594085693,0.0,3.5296932061513266,7.310689290364583,0.0,3.32074769337972,6.814528306325276,0.0,3.2236448923746743,6.672713279724121,0.0,3.243809779485067,6.62789519627889,0.0,3.281538486480713,6.701710859934489,0.0,3.236424287160238,6.6555501619974775,0.0,3.162890354792277,6.628332614898682,0.0,3.1542981465657554,6.46794859568278,0.0,3.116615374883016,6.4990010261535645,0.0,3.1322898070017495,6.550628821055095,0.0,3.2190792560577393,6.618937174479167,0.0,3.215573708216349,6.573750813802083,0.0,3.1208084424336753,6.54644775390625,0.0,228.86890665690103,216.63653818766275,4.0,0.16
2025-03-01 15:20:00,sample_data/synthetic_test/phase_01/synthetic_20250301_152000.tif,synthetic_test,88,ok,7.337255795796712,3.2291666666666665,8.10607099533081,166.71721394856772,275.5026041666667,0.02928049438422679,3.269202629725138,6.523988723754883,0.0,20.449549357096355,142.97356669108072,0.13418803418803418,36.33284250895182,218.7271728515625,0.22319932998324957,3.3335150877634683,6.807409763336182,0.0,3.3892895380655923,6.961901982625325,0.0,3.4564874172210693,7.111083984375,0.0,30.08116849263509,188.4598642985026,0.197979797979798,30.460933049519856,184.46591186523438,0.20757020757020753,3.418550411860148,6.980208396911621,0.0,3.378904342651367,6.957438151041667,0.0,3.284667730331421,6.870442708333333,0.0,3.459044933319092,7.0197733243306475,0.0,3.600331703821818,7.364235560099284,0.0,3.4630373318990073,6.87424103418986,0.0,3.3387603759765625,6.772786458333333,0.0,3.3645819822947183,6.8221659660339355,0.0,3.4019670486450195,6.953749497731526,0.0,3.3812716801961265,6.896704196929932,0.0,3.313530524571737,6.7713907559712725,0.0,3.2289276123046875,6.666044235229492,0.0,3.271967649459839,6.584452152252197,0.0,3.2415057023366294,6.654612382253011,0.0,3.3099629878997803,6.692281087239583,0.0,3.3568758169809976,6.607167561848958,0.0,3.2036158243815103,6.763458251953125,0.0,218.7271728515625,204.62335713704428,4.0,0.16
2025-03-01 15:25:00,sample_data/synthetic_test/phase_01/synthetic_20250301_152500.tif,synthetic_test,89,ok,8.141199906667074,5.0390625,9.818416436513266,139.3227106730143,264.1787923177083,0.024424935013978123,4.996655702590942,8.604711850484213,0.0,17.03845723470052,104.77923838297527,0.10641025641025643,31.813594818115234,199.74716186523438,0.20016750418760468,5.075481653213501,8.985390186309814,0.0,5.0709309577941895,8.822751998901367,0.0,5.251693964004517,9.231754461924234,0.0,26.188143412272137,169.2583262125651,0.16484848484848486,24.923826853434246,156.38658142089844,0.1648351648351648,5.148768266042073,9.0716921488444,0.0,5.235636472702026,8.970458984375,0.0,5.015073299407959,8.864369710286459,0.0,5.253862778345744,9.053908189137777,0.0,5.407326936721802,9.490551948547363,0.0,5.184030930201213,9.002473990122477,0.0,5.0677720705668134,8.806555112202963,0.0,5.021770000457764,8.89156707127889,0.0,5.222860813140869,9.228328386942545,0.0,5.200339158376058,9.169799963633219,0.0,5.092851161956787,8.908345540364584,0.0,4.923987627029419,8.693904876708984,0.0,4.889394362767537,8.555932521820068,0.0,4.909116506576538,8.665236632029215,0.0,4.990713834762573,8.7254638671875,0.0,5.039752086003621,8.633880615234375,0.0,4.825088739395142,8.568369547526041,0.0,199.74716186523438,185.21395619710287,4.0,0.16
2025-03-01 15:30:00,sample_data/synthetic_test/phase_01/synthetic_20250301_153000.tif,synthetic_test,90,ok,9.107258160909018,7.017374674479167,11.653475125630697,103.72610219319661,252.71354166666666,0.019062566416531788,6.886401176452637,10.737418492635092,0.0,14.486037254333496,65.34331385294597,0.07863247863247864,26.26508967081706,164.32618204752603,0.16331658291457285,7.010051409403483,11.152504285176596,0.0,6.973298072814941,10.763507207234701,0.0,7.217710018157959,11.339062372843424,0.0,22.463367462158203,138.3968709309896,0.1280808080808081,19.689431190490723,111.2722562154134,0.12535612535612534,7.038928667704265,11.139721870422363,0.0,7.138454914093018,11.082438151041666,0.0,6.932704607645671,10.908640543619791,0.0,7.259362856547038,11.162131627400717,0.0,7.402341524759929,11.587675094604492,0.0,7.034127235412598,11.099424362182617,0.0,6.90264352162679,10.924790382385254,0.0,6.825936635335286,10.914093017578125,0.0,7.083896319071452,11.160099347432455,0.0,7.112197558085124,11.08334986368815,0.0,7.062804063161214,11.14593505859375,0.0,6.881201267242432,10.834375063578287,0.0,6.724487940470378,10.508103370666504,0.0,6.858792940775554,10.730676333109537,0.0,6.830479621887207,10.757354736328125,0.0,6.926033020019531,10.688140869140625,0.0,6.743025779724121,10.5792236328125,0.0,164.32618204752603,151.3615264892578,4.0,0.16
2025-03-01 15:35:00,sample_data/synthetic_test/phase_01/synthetic_20250301_153500.tif,synthetic_test,91,ok,9.603614807128906,8.1944580078125,12.65953795115153,68.89191436767578,251.82291666666666,0.014615724164990926,8.016391595204672,11.857545852661133,0.0,14.525110562642416,55.88720830281576,0.06752136752136753,20.274904251098633,111.75479125976562,0.11934673366834174,8.26128069559733,12.383809089660645,0.0,8.10145092010498,11.957426071166992,0.0,8.29763921101888,12.320857683817545,0.0,18.22275384267171,93.9524434407552,0.09414141414141415,16.693939526875813,80.38820521036784,0.09727309727309726,8.271756331125895,12.322444915771484,0.0,8.306515534718832,12.3680419921875,0.0,8.087144056955973,11.9229736328125,0.0,8.524766286214193,12.412723541259766,0.0,8.653714021046957,12.819303512573242,0.0,8.172187010447184,12.33385435740153,0.0,8.058616161346436,12.046246210734049,0.0,7.949889659881592,12.077079137166342,0.0,8.16403834025065,12.118707338968912,0.0,8.264705975850424,12.145841598510742,0.0,8.290757179260254,12.284647623697916,0.0,8.170625686645508,12.047318458557129,0.0,7.895673116048177,11.719527244567871,0.0,8.050600051879883,12.030210177103678,0.0,8.028946876525879,11.858917236328125,0.0,8.131751537322998,11.924041748046875,0.0,7.927712599436442,11.65472412109375,0.0,119.27890014648438,110.36904525756836,4.0,0.16
2025-03-01 15:40:00,sample_data/synthetic_test/phase_01/synthetic_20250301_154000.tif,synthetic_test,92,ok,9.741347630818685,8.4453125,12.805525779724121,58.95935567220052,264.7335205078125,0.01270292804943842,8.20097827911377,11.922654151916504,0.0,17.229580243428547,87.4344113667806,0.07222222222222224,17.397929509480793,87.42578125,0.09589614740368509,8.563029925028482,12.709678014119467,0.0,8.29344383875529,12.073494593302408,0.0,8.378853638966879,12.322582880655924,0.0,14.612119992574057,51.85971768697103,0.06585858585858588,18.60537560780843,97.58158493041992,0.09483109483109481,8.646787961324057,12.66196314493815,0.0,8.496366818745932,12.653645833333334,0.0,8.404949824015299,12.310984293619791,0.0,8.797151247660318,12.627305030822754,0.0,8.922534624735514,13.053000768025717,0.0,8.471986134847006,12.686197916666666,0.0,8.29374090830485,12.2061767578125,0.0,8.218611717224121,12.267895380655924,0.0,8.323186238606771,12.14889113108317,0.0,8.513399124145508,12.381404558817545,0.0,8.528597195943197,12.481371879577637,0.0,8.423907915751139,12.248465855916342,0.0,8.164552370707193,12.069622675577799,0.0,8.288079102834066,12.179691314697266,0.0,8.312441349029541,12.122589111328125,0.0,8.411268552144369,12.218963623046875,0.0,8.231771469116211,11.99261474609375,0.0,119.45522562662761,112.49479293823242,3.6666666666666665,0.14666666666666667
2025-03-01 15:45:00,sample_data/synthetic_test/phase_01/synthetic_20250301_154500.tif,synthetic_test,93,ok,9.462260564168295,7.753458658854167,12.121508916219076,79.34781392415364,281.09375,0.013307829385125964,7.568381309509277,11.376485188802084,0.0,20.803911844889324,141.70171610514322,0.08760683760683763,18.223737716674805,108.94290161132812,0.09338358458961475,7.919231414794922,12.056410789489746,0.0,7.640522797902425,11.558077176411947,0.0,7.513358434041341,11.407812436421713,0.0,12.563858350118002,25.558699289957683,0.05090909090909093,24.1867618560791,156.9578628540039,0.11396011396011395,8.00583585103353,11.982983589172363,0.0,7.846742153167725,11.884562174479166,0.0,7.841516653696696,11.713551839192709,0.0,8.03225819269816,11.895723342895508,0.0,8.115063667297363,12.33083470662435,0.0,7.821346124013265,12.008573214213053,0.0,7.647512753804524,11.517187436421713,0.0,7.569077809651692,11.524348894755045,0.0,7.683627923329671,11.54349136352539,0.0,7.865790367126465,11.85622533162435,0.0,7.783919334411621,11.639505704243978,0.0,7.621329625447591,11.4234619140625,0.0,7.432916641235352,11.292226155598959,0.0,7.64144245783488,11.468436559041342,0.0,7.6479560534159345,11.47784423828125,0.0,7.711390654246013,11.467671712239584,0.0,7.655717055002849,11.452891031901041,0.0,162.1112314860026,149.32978947957358,3.3333333333333335,0.13333333333333333
2025-03-01 15:50:00,sample_data/synthetic_test/phase_01/synthetic_20250301_155000.tif,synthetic_test,94,ok,8.770051956176758,6.190104166666667,10.672224998474121,125.33781433105469,288.3038330078125,0.016561217650040053,6.166087468465169,9.950183232625326,0.0,23.336105982462566,181.68536885579428,0.10512820512820514,23.583742141723633,166.376708984375,0.11976549413735343,6.310702959696452,10.501178105672201,0.0,6.201247056325276,10.04397169748942,0.0,5.894940535227458,9.850146452585856,0.0,13.069280624389648,44.46425755818685,0.05373737373737375,32.09065246582031,216.22254943847656,0.15343915343915343,6.3830498059590655,10.373002052307129,0.0,6.232220967610677,10.060750325520834,0.0,6.3340427080790205,10.217885335286459,0.0,6.258749167124431,10.097939014434814,0.0,6.429865837097168,10.625117619832357,0.0,6.281111876169841,10.347820917765299,0.0,6.1775007247924805,10.085365931193033,0.0,6.081192493438721,10.018768310546875,0.0,6.271841843922933,10.18740208943685,0.0,6.3201680183410645,10.360912958780924,0.0,6.181854406992595,10.146166801452637,0.0,6.038505872090657,9.783695538838705,0.0,5.892662127812703,9.66061814626058,0.0,6.150366465250651,9.90768019358317,0.0,6.113189538319905,9.944854736328125,0.0,6.149837811787923,9.957255045572916,0.0,6.1556822458903,9.928375244140625,0.0,216.22254943847656,203.91698201497397,3.3333333333333335,0.13333333333333333
2025-03-01 15:55:00,sample_data/synthetic_test/phase_01/synthetic_20250301_155500.tif,synthetic_test,95,ok,7.778425693511963,4.1015625,8.529353936513266,173.61833699544272,299.0512288411458,0.02055029672862818,4.213873585065206,7.7511312166849775,0.0,24.521286646525066,198.48104858398438,0.1183760683760684,30.477352778116863,219.93465169270834,0.15033500837520938,4.271090666453044,7.9766256014506025,0.0,4.24761700630188,7.78241761525472,0.0,3.985919157663981,7.716292381286621,0.0,15.013324101765951,93.96320788065593,0.06828282828282829,40.491625467936196,255.3505859375,0.19902319902319898,4.277283986409505,7.949133078257243,0.0,4.1332396268844604,7.511271158854167,0.0,4.246692975362142,7.685567220052083,0.0,4.126784801483154,7.692057132720947,0.0,4.355331977208455,8.197843233744303,0.0,4.244078715642293,7.965808073679606,0.0,4.18479061126709,7.867651462554932,0.0,4.167997678120931,7.781675020853679,0.0,4.287501732508342,7.905786037445068,0.0,4.283687909444173,8.0062255859375,0.0,4.170016686121623,7.932963053385417,0.0,4.103105942408244,7.553043683369954,0.0,3.980964183807373,7.314999580383301,0.0,4.204639434814453,7.591217041015625,0.0,4.1362550258636475,7.722432454427083,0.0,4.161370674769084,7.663187662760417,0.0,4.143957654635112,7.550333658854167,0.0,255.3505859375,240.44613901774088,3.6666666666666665,0.14666666666666667
2025-03-01 16:00:00,sample_data/synthetic_test/phase_01/synthetic_20250301_160000.tif,synthetic_test,96,ok,7.6478034655253095,2.9305419921875,7.632641633351644,211.6970672607422,307.6918538411458,0.025503948207366716,3.0701338847478232,6.47274382909139,0.0,25.357282638549805,205.2177988688151,0.1294871794871795,38.00072034200033,246.82462565104166,0.19095477386934676,3.1045638720194497,6.771038850148519,0.0,3.1216371854146323,6.574306011199951,0.0,2.942927837371826,6.5596923828125,0.0,18.230396270751953,150.53315226236978,0.0884848484848485,50.49487813313802,266.69757080078125,0.25600325600325596,3.142549435297648,6.765986919403076,0.0,2.974408745765686,6.202229817708333,0.0,3.030663251876831,6.402557373046875,0.0,2.956106742223104,6.388856887817383,0.0,3.2071615060170493,6.890506903330485,0.0,3.111270030339559,6.6738810539245605,0.0,3.0707689126332602,6.53444226582845,0.0,3.043372869491577,6.493715286254883,0.0,3.1686480045318604,6.7424600919087725,0.0,3.081066687901815,6.672892411549886,0.0,3.0808866818745932,6.8126749992370605,0.0,3.035313526789347,6.326037724812825,0.0,2.9379310607910156,6.246662457784017,0.0,3.0418405532836914,6.4321064949035645,0.0,3.0048136711120605,6.4949951171875,0.0,3.118734439214071,6.654937744140625,0.0,2.972050150235494,6.310526529947917,0.0,266.69757080078125,256.76109822591144,4.0,0.16
2025-03-01 16:05:00,sample_data/synthetic_test/phase_01/synthetic_20250301_160500.tif,synthetic_test,97,ok,9.32726240158081,3.8194173177083335,8.763362725575766,232.6956532796224,322.1380208333333,0.029738257557179525,3.7633594274520874,7.187774817148845,0.0,26.242843627929688,204.75188700358072,0.12820512820512822,45.027425130208336,258.40622965494794,0.22026800670016752,3.908128261566162,7.487139860788981,0.0,3.8984902699788413,7.311085859934489,0.0,3.8707701365152993,7.4881917635599775,0.0,23.36886151631673,190.9175008138021,0.11232323232323234,63.049336751302086,286.4231872558594,0.315018315018315,3.9673537413279214,7.6148600578308105,0.0,3.811036547025045,7.105021158854167,0.0,3.9032830397288003,7.33636474609375,0.0,3.8786281744639077,7.429219404856364,0.0,4.040040890375773,7.639652411142985,0.0,3.94937793413798,7.5958841641743975,0.0,3.840993801752726,7.313490867614746,0.0,3.9024943510691323,7.27552064259847,0.0,3.948817809422811,7.43243392308553,0.0,3.98266593615214,7.593041896820068,0.0,3.9685829480489097,7.5939249992370605,0.0,3.84941029548645,7.237166404724121,0.0,3.7517057259877524,7.1732228597005205,0.0,3.7945693333943686,7.134080092112224,0.0,3.792684555053711,7.433807373046875,0.0,3.9609814484914145,7.5262451171875,0.0,3.738650600115458,7.184224446614583,0.0,286.4231872558594,272.4147084554036,4.0,0.16
2025-03-01 16:10:00,sample_data/synthetic_test/phase_01/synthetic_20250301_161000.tif,synthetic_test,98,ok,12.769399960835775,6.742146809895833,12.195475260416666,242.6284637451172,328.8229166666667,0.0340706590154822,6.474376360575358,10.30087916056315,0.0,26.24420992533366,185.93834431966147,0.11752136752136755,48.474927266438804,257.4233907063802,0.23199329983249584,6.703324635823567,10.666231155395508,0.0,6.570943276087443,10.314214865366617,0.0,6.672457853953044,10.542024930318197,0.0,31.002745310465496,215.1836700439453,0.14060606060606062,79.95588302612305,292.93499755859375,0.398046398046398,6.766252597173055,10.658435185750326,0.0,6.642353614171346,10.3671875,0.0,6.806483348210652,10.622172037760416,0.0,6.775208870569865,10.615702152252197,0.0,6.922835350036621,10.922291914621988,0.0,6.777079900105794,10.609555880228678,0.0,6.594242652257283,10.381776968638102,0.0,6.654134194056193,10.421468098958334,0.0,6.799009323120117,10.589900652567545,0.0,6.861419439315796,10.777783234914144,0.0,6.8185891310373945,10.641133467356363,0.0,6.586814085642497,10.285782814025879,0.0,6.424617926279704,10.222078323364258,0.0,6.562422911326091,10.275594234466553,0.0,6.592934211095174,10.491099039713541,0.0,6.766923586527507,10.601348876953125,0.0,6.431972583134969,10.187906901041666,0.0,292.93499755859375,275.179194132487,4.0,0.16
2025-03-01 16:15:00,sample_data/synthetic_test/phase_01/synthetic_20250301_161500.tif,synthetic_test,99,ok,16.981056531270344,10.506062825520834,16.206941922505695,249.1473592122396,337.1883544921875,0.03773276439910409,10.086275418599447,14.026048024495443,0.0,25.28436851501465,146.15706380208334,0.10000000000000002,46.82760365804037,237.73872884114584,0.2185929648241206,10.41030756632487,14.301981290181478,0.0,10.10084327061971,13.895981788635254,0.0,10.336203893025717,14.316178321838379,0.0,40.25411033630371,240.57186381022134,0.17010101010101009,100.70138295491536,308.16590372721356,0.4831094831094831,10.523779392242432,14.500870704650879,0.0,10.327059745788574,14.236124674479166,0.0,10.493207454681396,14.47265625,0.0,10.549197673797607,14.582258860270182,0.0,11.602108637491861,15.217443466186523,0.009897070467141725,10.558033466339111,14.450054804484049,0.0,10.272926012674967,14.228476842244467,0.0,10.285758018493652,14.150707880655924,0.0,10.518473943074545,14.469242095947266,0.0,10.593981583913168,14.741146087646484,0.0,10.563909689585367,14.353198369344076,0.0,10.256260871887207,14.1188596089681,0.0,9.946365356445312,13.827156702677408,0.0,10.18821922938029,13.936247189839682,0.0,10.224123477935791,14.220703125,0.0,10.359052817026773,14.187723795572916,0.0,10.021186828613281,13.793813069661459,0.0,308.16590372721356,284.47474670410156,4.0,0.16
2025-03-01 16:20:00,sample_data/synthetic_test/phase_01/synthetic_20250301_162000.tif,synthetic_test,100,ok,20.898347854614258,14.066853841145834,20.124121348063152,253.7203826904297,342.8636881510417,0.041394869782725975,13.669426600138346,17.636889775594074,0.0,23.573078791300457,93.4865010579427,0.08034188034188035,40.588034311930336,198.74740600585938,0.18969849246231155,14.02250607808431,18.10391839345296,0.0,13.55541737874349,17.392057418823242,0.0,13.871938069661459,17.811816533406574,0.0,48.40469741821289,253.31858825683594,0.19636363636363638,118.44932047526042,308.67335001627606,0.5641025641025641,14.212300936381022,18.16511631011963,0.0,13.921630223592123,17.883707682291668,0.0,13.935730934143066,17.822916666666668,0.0,14.364896138509115,18.28244622548421,0.0020374898125509557,20.147859573364258,71.44179153442383,0.04077593032462391,14.296432177225748,18.140828450520832,0.00039777247414479034,13.862908363342285,17.842707951863606,0.0,13.732825915018717,17.616723378499348,0.0,14.09982999165853,18.200231552124023,0.0,14.123509407043457,18.245141983032227,0.0,14.118266741434732,17.933691660563152,0.0,13.840689659118652,17.66755771636963,0.0,13.438927014668783,17.238545735677082,0.0,13.647851626078287,17.516902923583984,0.0,13.745713869730631,17.668843587239582,0.0,13.773449579874674,17.6866455078125,0.0,13.550607681274414,17.299468994140625,0.0,308.67335001627606,283.67107645670575,4.333333333333333,0.17333333333333334
2025-03-01 16:25:00,sample_data/synthetic_test/phase_01/synthetic_20250301_162500.tif,synthetic_test,101,ok,24.291292190551758,17.179728190104168,23.590787887573242,258.67236328125,347.2161051432292,0.04445207383066032,16.818321863810223,20.70625178019206,0.00043010752688172043,22.30206807454427,52.40313720703125,0.05940170940170942,33.459940592447914,144.06510416666666,0.152428810720268,17.149648030598957,21.186010996500652,0.0004262574595055414,16.626426378885906,20.500559488932293,0.0,17.01674238840739,21.034041086832683,0.0,53.713043212890625,256.8987986246745,0.21212121212121215,127.93133799235027,304.88819376627606,0.6161986161986163,17.471455574035645,21.42231051127116,0.0,17.019049644470215,20.8741455078125,0.0,16.86793390909831,20.811187744140625,0.0,18.41261863708496,21.696173350016277,0.008557457212713955,35.12416903177897,171.6850471496582,0.09857482185273159,17.54352347056071,21.49484697977702,0.0007955449482895796,16.98781394958496,21.021392186482746,0.0,16.762044588724773,20.541348775227863,0.0,17.16605567932129,21.353342056274414,0.0,17.216416358947754,21.27672576904297,0.0,17.18056837717692,20.960180918375652,0.0,16.971238136291504,20.719982782999676,0.0003935458480913026,16.505428949991863,20.29217529296875,0.0,16.700790087382,20.593800862630207,0.0,16.912772178649902,20.773447672526043,0.0,16.769540468851726,20.816843668619793,0.0,16.648088455200195,20.4617919921875,0.0,311.9062093098958,292.1799672444661,4.333333333333333,0.17333333333333334
2025-03-01 16:30:00,sample_data/synthetic_test/phase_01/synthetic_20250301_163000.tif,synthetic_test,102,ok,26.99450747172038,19.672770182291668,26.394246419270832,262.73192342122394,352.0676676432292,0.048179573953275455,19.291895548502605,23.10366376241048,0.0017204301075268817,21.854806264241535,29.66203435262044,0.038461538461538484,28.043540318806965,90.1414794921875,0.11139028475711893,19.61418279012044,23.77148501078288,0.0025575447570332483,19.024885813395183,22.98305829366048,0.001269035532994924,19.505421320597332,23.528303782145183,0.0016319869441044424,54.83466339111328,248.6803995768229,0.21858585858585858,127.44018809000652,295.26414998372394,0.6491656491656491,20.000845591227215,23.946081797281902,0.002920317062995411,19.505566279093426,23.216145833333332,0.0020300446609825416,19.27394167582194,23.220052083333332,0.0,23.056468963623047,24.508262634277344,0.02159739201303995,55.73491668701172,275.5583038330078,0.17577197149643706,20.0567143758138,24.100130716959637,0.0027844073190135253,19.46522267659505,23.517587661743164,0.00196078431372549,19.202497482299805,22.996001561482746,0.0007993605115907274,19.56386439005534,23.681207021077473,0.0007751937984496124,19.825868606567383,23.7774175008138,0.001145475372279496,19.669925689697266,23.477864583333332,0.0007908264136022138,19.36389923095703,23.0889892578125,0.0015741833923652105,18.939091364542644,22.677327473958332,0.0,19.21998659769694,23.180335998535156,0.00038580246913580245,19.53217061360677,23.358317057291668,0.001539645881447267,19.21277364095052,23.245208740234375,0.0011547344110854505,19.082502365112305,22.98046875,0.0007524454477050414,315.8236490885417,298.0599670410156,4.333333333333333,0.17333333333333334
2025-03-01 16:35:00,sample_data/synthetic_test/phase_01/synthetic_20250301_163500.tif,synthetic_test,103,ok,28.876444498697918,21.355916341145832,28.2183837890625,269.10764567057294,356.8784586588542,0.05267546225906125,20.965158462524414,24.867638905843098,0.0038709677419354834,21.921550750732422,25.743371963500977,0.02094017094017096,24.69337209065755,50.880645751953125,0.06993299832495813,21.30603281656901,25.295113881429035,0.00639386189258312,20.665286382039387,24.63022804260254,0.004230118443316413,21.165765126546223,25.177099227905273,0.004079967360261113,52.5494753519694,235.96770222981772,0.21171717171717175,121.23872375488281,287.9713643391927,0.665038665038665,21.709954579671223,25.702953974405926,0.007926574885273258,21.16773796081543,24.833333333333332,0.005278116118554607,20.954957326253254,24.99371337890625,0.0016339869281045752,27.857380549112957,26.982035954793293,0.0395273023634882,77.06071217854817,329.54547119140625,0.2593032462391132,21.769842783610027,25.888652165730793,0.007955449482895784,21.174415588378906,25.232510884602863,0.005098039215686274,20.897547403971355,24.745389302571613,0.003597122302158273,21.279843012491863,25.366275787353516,0.0027131782945736434,21.659536361694336,25.647022247314453,0.008018327605956471,21.41816012064616,25.234102249145508,0.004744958481613285,20.915364583333332,24.647130966186523,0.0031483667847304214,20.506540934244793,24.319419225056965,0.0007680491551459294,21.05274836222331,24.99759864807129,0.003472222222222222,21.282890955607098,25.12567138671875,0.005388760585065436,20.862698237101238,24.841573079427082,0.002309468822170901,20.718798955281574,24.584625244140625,0.002257336343115124,329.54547119140625,308.7584177652995,4.0,0.16
2025-03-01 16:40:00,sample_data/synthetic_test/phase_01/synthetic_20250301_164000.tif,synthetic_test,104,ok,29.721638361612957,22.154500325520832,29.22705904642741,266.93555704752606,359.6267496744792,0.0562885215884382,21.704465866088867,25.65990384419759,0.006021505376344087,22.063400268554688,26.10953203837077,0.011965811965811984,23.04479153951009,29.904093424479168,0.03768844221105528,22.116469701131184,26.187531153361004,0.008098891730605285,21.559954325358074,25.49216906229655,0.005499153976311337,21.884341557820637,25.766324996948242,0.006119951040391672,47.805694580078125,215.0261993408203,0.20000000000000004,111.00164540608723,277.72406005859375,0.6552706552706553,22.548207600911457,26.699307759602863,0.01376720901126408,22.00371742248535,25.697916666666668,0.007714169711733658,21.795575459798176,25.837473551432293,0.0036764705882352936,31.80406951904297,48.61107317606608,0.06071719641401794,94.99255625406902,333.58644612630206,0.34362628661916067,22.48776372273763,26.55703353881836,0.011535401750198888,22.023448308308918,26.008853912353516,0.00784313725490196,21.71397082010905,25.634045282999676,0.004796163069544364,22.124282836914062,26.07416343688965,0.0050387596899224806,22.528104782104492,26.493213653564453,0.012218403970981291,22.212988535563152,26.069779713948567,0.007908264136022143,21.625345865885418,25.480208079020183,0.004722550177095632,21.249558130900066,25.06867281595866,0.0019201228878648238,21.911855061848957,25.824553807576496,0.005015432098765432,21.910558064778645,25.800130208333332,0.006928406466512702,21.673848470052082,25.555328369140625,0.004618937644341801,21.469383875528973,25.282786051432293,0.004514672686230248,333.58644612630206,305.65525309244794,4.0,0.16
2025-03-01 16:45:00,sample_data/synthetic_test/phase_01/synthetic_20250301_164500.tif,synthetic_test,105,ok,29.584782282511394,22.009521484375,29.274829228719074,265.7490743001302,360.8941243489583,0.05619042947994834,21.495145161946613,25.498518625895183,0.005161290322580645,21.926686604817707,26.057839075724285,0.005982905982906001,22.197503407796223,26.295155843098957,0.016750418760469014,21.966337203979492,25.994853337605793,0.006820119352088662,21.54557164510091,25.40042559305827,0.004230118443316413,21.729939778645832,25.614412943522137,0.004895960832313337,42.93182881673177,190.5284627278646,0.1765656565656566,100.7269795735677,274.7850646972656,0.6202686202686203,22.426341374715168,26.539944966634113,0.01376720901126408,21.917200724283855,25.720499674479168,0.0060901339829476245,21.7066650390625,25.654103597005207,0.004901960784313725,33.690958658854164,86.23596318562825,0.07253463732681338,108.21273549397786,335.8338114420573,0.42042755344418054,22.29637908935547,26.384187698364258,0.011535401750198888,21.925922393798828,25.918755849202473,0.006274509803921568,21.57532246907552,25.49033037821452,0.004796163069544363,21.99250857035319,26.00555992126465,0.0050387596899224806,22.361019134521484,26.373088200887043,0.012982054219167621,21.961710611979168,25.9250005086263,0.007512850929221036,21.450738271077473,25.36346435546875,0.0035419126328217246,21.101399739583332,24.970269521077473,0.0019201228878648238,21.67031987508138,25.60028012593587,0.004629629629629629,21.616917928059895,25.53125,0.005388760585065436,21.58570098876953,25.561838785807293,0.003849114703618168,21.266085306803387,25.074005126953125,0.004138449962377728,335.8338114420573,305.30943806966144,4.0,0.16
2025-03-01 16:50:00,sample_data/synthetic_test/phase_01/synthetic_20250301_165000.tif,synthetic_test,106,ok,28.44771893819173,20.927042643229168,28.582812627156574,261.23926798502606,359.234375,0.05313322543201399,20.485510508219402,24.45093536376953,0.0030107526881720434,20.984548568725586,25.190277099609375,0.0029914529914530103,21.085453033447266,25.057952880859375,0.0054438860971524295,20.82696278889974,24.920819600423176,0.0029838022165387893,20.57330576578776,24.432865778605144,0.0012690355329949244,20.66078249613444,24.61475435892741,0.002855977152182778,38.54521942138672,168.3862762451172,0.15191919191919193,92.05368550618489,274.69496663411456,0.5616605616605618,21.28033701578776,25.34295654296875,0.008760951188986232,20.86008071899414,24.765625,0.0028420625253755584,20.73586146036784,24.643483479817707,0.0032679738562091504,33.383748372395836,120.32359313964844,0.07620211898940506,115.16456858317058,331.30433146158856,0.4901029295328582,21.22364616394043,25.174366633097332,0.005966587112171839,20.879655202229817,24.903584798177082,0.0031372549019607846,20.47369956970215,24.462523142496746,0.001998401278976818,20.93269220987956,24.870503743489582,0.0031007751937984496,21.204240163167317,25.112346013387043,0.006109201985490646,20.821600596110027,24.798165639241535,0.0035587188612099647,20.408362706502277,24.47779146830241,0.002361275088547816,20.026574452718098,23.924788157145183,0.0011520737327188942,20.478387196858723,24.36093521118164,0.0015432098765432098,20.539466222127277,24.491099039713543,0.001539645881447267,20.609394073486328,24.571380615234375,0.002694380292532718,20.13302230834961,24.013448079427082,0.0026335590669676443,331.30433146158856,302.99964904785156,4.0,0.16
2025-03-01 16:55:00,sample_data/synthetic_test/phase_01/synthetic_20250301_165500.tif,synthetic_test,107,ok,26.37409845987956,18.964396158854168,26.406429290771484,260.9473470052083,356.65625,0.04912779766867755,18.626110076904297,22.468823115030926,0.00043010752688172043,19.069267908732098,23.229052861531574,0.00042735042735044584,19.011512120564777,22.956156412760418,0.0016750418760469012,18.796437581380207,22.865189870198567,0.0008525149190110828,18.670090357462566,22.500834147135418,0.0,18.739768981933594,22.724292119344074,0.0008159934720522189,34.178929011027016,149.2621281941732,0.12444444444444447,86.34699249267578,280.95311482747394,0.4997964997964998,19.16184679667155,23.0828857421875,0.002920317062995411,18.843209584554035,22.8367919921875,0.0004060089321965083,18.850093205769856,22.713775634765625,0.0012254901960784314,31.59631856282552,135.43720499674478,0.07416462917685412,116.06758880615234,330.4432373046875,0.5304829770387965,19.299333572387695,23.28934097290039,0.001988862370723947,18.925116856892902,22.93222427368164,0.000392156862745098,18.498950640360516,22.453217188517254,0.0007993605115907267,18.98273213704427,22.93723996480306,0.0007751937984496124,19.181494394938152,23.12084197998047,0.0019091256204658276,18.947736740112305,22.974467595418293,0.00039541320680110717,18.492053985595703,22.59452756245931,0.0003935458480913029,18.1112699508667,21.997521718343098,0.0,18.447709719340008,22.373642603556316,0.0,18.673477172851562,22.602010091145832,0.0,18.691527048746746,22.70159912109375,0.00038491147036181676,18.132266680399578,22.049906412760418,0.00037622272385252035,330.4432373046875,305.69817606608075,4.0,0.16
2025-03-01 17:00:00,sample_data/synthetic_test/phase_01/synthetic_20250301_170000.tif,synthetic_test,108,ok,23.36105728149414,16.21875,23.25330416361491,255.69872538248697,350.9600830078125,0.04629947520721958,15.945684432983398,19.76023801167806,0.0,16.33068625132243,20.35539944966634,0.0,16.176748275756836,20.098297119140625,0.0,16.022912979125977,20.010138193766277,0.0,15.910331090291342,19.767056783040363,0.0,16.054927825927734,19.926375071207683,0.00040799673602610713,28.525419235229492,122.84580993652344,0.10101010101010104,79.34417724609375,276.95641072591144,0.43752543752543754,16.350589752197266,20.356657028198242,0.0,16.03376293182373,20.138020833333332,0.0,16.09049415588379,20.056203206380207,0.0,29.06117884318034,137.41246032714844,0.07620211898940507,113.1229248046875,320.16456095377606,0.5574030087094219,16.625505447387695,20.50900650024414,0.0,16.184518496195476,20.21919123331706,0.0,15.791186014811197,19.74517885843913,0.0,16.33460807800293,20.167578379313152,0.0,16.363436063130695,20.338891983032227,0.0,16.25384457906087,20.22057342529297,0.0,15.794257799784342,19.91700045267741,0.0003935458480913029,15.484904607137045,19.30764325459798,0.0,15.793897946675619,19.685546875,0.0,16.02498149871826,19.928385416666668,0.0,15.844425201416016,19.881083170572918,0.0,15.393763542175293,19.222015380859375,0.0,320.16456095377606,298.56048583984375,4.0,0.16
2025-03-01 17:05:00,sample_data/synthetic_test/phase_01/synthetic_20250301_170500.tif,synthetic_test,109,ok,19.757026036580402,12.932291666666666,19.235766728719074,249.54413859049478,345.9462076822917,0.0436019422237481,12.646057764689127,16.46310265858968,0.0,13.013338724772135,16.90797297159831,0.0,12.888425509134928,16.761932373046875,0.0,12.755283037821451,16.690173467000324,0.0,12.622515360514322,16.36518096923828,0.0,12.767501513163248,16.5152587890625,0.0,21.787097295125324,86.58713404337566,0.07757575757575759,68.5799166361491,264.6520640055339,0.37606837606837606,13.100964864095053,17.076883951822918,0.0,12.735611279805502,16.870646158854168,0.0,12.755674044291178,16.72113037109375,0.0,26.22277069091797,141.6594492594401,0.08068459657701713,112.10452016194661,315.1562194824219,0.5704671417260491,13.251899401346842,17.177496274312336,0.0,12.80677064259847,16.77009042104085,0.0,12.604863484700521,16.52523422241211,0.0,13.041807810465494,16.88498338063558,0.0,13.004818598429361,17.001904487609863,0.0,13.015621503194174,17.00922457377116,0.0,12.567859967549643,16.557287851969402,0.0,12.38293711344401,16.132456461588543,0.0,12.537143071492514,16.4371337890625,0.0,12.71927293141683,16.581390380859375,0.0,12.455939928690592,16.429901123046875,0.0,12.204943656921387,15.925577799479166,0.0,315.1562194824219,289.90414174397785,4.0,0.16
2025-03-01 17:10:00,sample_data/synthetic_test/phase_01/synthetic_20250301_171000.tif,synthetic_test,110,ok,15.779555638631185,9.288167317708334,15.26511255900065,243.8470001220703,343.1302083333333,0.0410188500335148,9.043511549631754,12.82787291208903,0.0,9.267365296681723,13.109474182128906,0.0,9.285308996836344,13.25042724609375,0.0,9.180581092834473,12.946454048156738,0.0,9.018432140350342,12.825276374816895,0.0,9.138798236846924,12.940600395202637,0.0,14.964658737182617,47.875350634256996,0.055757575757575784,53.27587763468424,233.95928446451822,0.3117623117623118,9.502235253651937,13.517435709635416,0.0,9.111580848693848,13.282999674479166,0.0,9.072358926137289,12.965067545572916,0.0,22.94718297322591,147.0933074951172,0.0823145884270579,113.65110270182292,310.73021443684894,0.5882818685669041,9.509576002756754,13.39101537068685,0.0,9.054784297943115,13.017407099405924,0.0,9.083245277404785,12.942429860432943,0.0,9.327426274617514,13.116666475931803,0.0,9.28428316116333,13.244433720906576,0.0,9.398308436075846,13.389184633890787,0.0,9.039837201436361,13.02239990234375,0.0,8.87605349222819,12.623207410176596,0.0,8.912412643432617,12.907757759094238,0.0,9.092200756072998,12.969614664713541,0.0,8.85854403177897,12.77667236328125,0.0,8.76211404800415,12.493062337239584,0.0,310.73021443684894,272.3447494506836,3.6666666666666665,0.14666666666666664
2025-03-01 17:15:00,sample_data/synthetic_test/phase_01/synthetic_20250301_171500.tif,synthetic_test,111,ok,11.846299489339193,5.6510009765625,11.253458976745605,236.62406412760416,335.8203125,0.03783085650759396,5.584864695866902,9.253470738728842,0.0,5.619037230809529,9.1593869527181,0.0,5.702094157536824,9.479176839192709,0.0,5.693982442220052,9.213106155395508,0.0,5.5581034024556475,9.13552443186442,0.0,5.598042885462443,9.254500389099121,0.0,8.977523644765219,20.00939146677653,0.03636363636363638,36.83163515726725,190.4215342203776,0.2425722425722426,5.869346539179484,9.655643781026205,0.0,5.587012767791748,9.4757080078125,0.0,5.5965360800425215,9.19879150390625,0.0,19.384310722351074,144.44857279459634,0.08435207823960882,114.26363881429036,309.0036315917969,0.5894695170229612,5.843554496765137,9.499735514322916,0.0,5.448619922002156,9.072389761606852,0.0,5.626286109288533,9.154817740122477,0.0,5.726099729537964,9.40271790822347,0.0,6.079870859781901,9.595980008443197,0.00420007636502482,5.847538073857625,9.561124642690023,0.0,5.598527590433757,9.420499642690023,0.0,5.450994253158569,9.045155843098959,0.0,5.462756792704265,9.157499313354492,0.0,5.587550004323323,9.27972412109375,0.0,5.4570737679799395,9.0125732421875,0.0,5.402140378952026,8.968312581380209,0.0,309.0036315917969,249.71258290608725,3.3333333333333335,0.13333333333333333
2025-03-01 17:20:00,sample_data/synthetic_test/phase_01/synthetic_20250301_172000.tif,synthetic_test,112,ok,9.01483154296875,3.2812093098958335,8.520304520924887,227.58741760253906,328.6588541666667,0.03410335638497883,3.368925412495931,6.7895181973775225,0.0,3.3682073752085366,6.820890108744304,0.0,3.4438021977742515,7.1199951171875,0.0,3.422330379486084,6.751183986663818,0.0,3.3774071534474692,6.88467009862264,0.0,3.3379194736480713,6.783862431844075,0.0,5.067160765329997,8.091332912445068,0.02020202020202022,23.068259557088215,138.42273457845053,0.17785917785917785,3.528228759765625,7.16790771484375,0.0,3.3422454992930093,6.938395182291667,0.0,3.3251184622446694,6.756937662760417,0.0,16.472578684488933,133.1047108968099,0.08272208638956807,109.5264409383138,305.52170817057294,0.5704671417260491,3.5161615212758384,7.014318943023682,0.0,3.266885201136271,6.697519938151042,0.0,3.418697992960612,6.755898157755534,0.0,3.4689549605051675,6.996553421020508,0.0,4.836791038513184,7.33435074488322,0.01069110347460863,3.4800992012023926,6.890206019083659,0.0,3.363213062286377,6.9204996426900225,0.0,3.2249531745910645,6.753714879353841,0.0,3.23825470606486,6.702732404073079,0.0,3.350039084752401,6.919677734375,0.0,3.3399369716644287,6.753255208333333,0.0,3.293088912963867,6.745676676432292,0.0,305.52170817057294,226.15965779622397,3.0,0.12
2025-03-01 17:25:00,sample_data/synthetic_test/phase_01/synthetic_20250301_172500.tif,synthetic_test,113,ok,7.940928141276042,3.0607503255208335,7.938191890716553,203.91470845540366,312.2916666666667,0.0297055601876829,3.159773826599121,6.663806120554606,0.0,3.291414817174276,6.769140561421712,0.0,3.2431411743164062,6.889322916666667,0.0,3.1778793334960938,6.730480988820394,0.0,3.19047220547994,6.59189240137736,0.0,3.136486291885376,6.683178901672363,0.0,3.8529233932495117,7.245654265085856,0.008484848484848503,14.059715270996094,85.5473861694336,0.11396011396011396,3.3221723238627114,7.118066469828288,0.0,3.1741651693979898,6.592041015625,0.0,3.1599013805389404,6.684885660807292,0.0,14.584831555684408,106.07448069254558,0.08068459657701714,96.86853281656902,288.56871541341144,0.5273159144893113,3.264738162358602,6.796217759450276,0.0,3.1904661655426025,6.618919054667155,0.0,3.229881445566813,6.6946226755778,0.0,3.35290535291036,6.921323776245117,0.0,6.0105814933776855,7.443050225575765,0.019854906452844597,3.1880197525024414,6.463631312052409,0.0,3.0678126017252603,6.585005601247151,0.0,3.0896910031636557,6.559596697489421,0.0,3.076395034790039,6.398362477620442,0.0,3.1699294249216714,6.722188313802083,0.0,3.087282419204712,6.534311930338542,0.0,3.14133087793986,6.592671712239583,0.0,288.56871541341144,197.58064905802408,3.0,0.12
2025-03-01 17:30:00,sample_data/synthetic_test/phase_01/synthetic_20250301_173000.tif,synthetic_test,114,ok,8.435628573099772,4.708333333333333,9.397404193878174,169.18577321370444,295.298583984375,0.025078882403910607,4.73061219851176,8.382291634877523,0.0,4.969385623931885,8.85858154296875,0.0,4.869629780451457,8.711578369140625,0.0,4.749098936716716,8.606292883555094,0.0,4.777114629745483,8.396992842356363,0.0,4.671939055124919,8.418595631917318,0.0,5.066701253255208,8.948942025502523,0.0028282828282828465,9.717787742614746,43.23741499582926,0.06308506308506308,4.951927741368611,9.038366635640463,0.0,4.809309720993042,8.518229166666666,0.0,4.70069694519043,8.486775716145834,0.0,14.007290840148926,74.08464050292969,0.07049714751426245,78.97267532348633,262.8869934082031,0.4714964370546319,4.84039028485616,8.605777899424234,0.0,4.735389232635498,8.381412982940674,0.0,4.792090813318889,8.57230011622111,0.0,4.905896504720052,8.659430185953775,0.0,8.290294329325357,9.371175289154053,0.023291332569683087,4.777692238489787,8.391259988149008,0.0,4.570530732472737,8.088724772135416,0.0,4.613024473190308,8.269921938578287,0.0,4.629693190256755,8.279813766479492,0.0,4.773421208063762,8.515818277994791,0.0,4.5888651212056475,8.36004638671875,0.0,4.602936506271362,8.252604166666666,0.0,262.8869934082031,168.4858169555664,2.6666666666666665,0.10666666666666667
2025-03-01 17:35:00,sample_data/synthetic_test/phase_01/synthetic_20250301_173500.tif,synthetic_test,115,ok,9.26626173655192,6.754353841145833,11.33142121632894,122.64096069335938,282.657958984375,0.020386809881145062,6.6428602536519366,10.498514811197916,0.0,7.035405158996582,11.042620976765951,0.0,6.815513610839844,10.871531168619791,0.0,6.800695737202962,10.92374070485433,0.0,6.7192864418029785,10.489050229390463,0.0,6.613786379496257,10.674650192260742,0.0,7.008673032124837,11.132966995239258,0.0004040404040404225,8.509861946105957,19.10183874766032,0.024827024827024827,6.967646757761638,11.247468948364258,0.0,6.829969565073649,10.7039794921875,0.0,6.7030289967854815,10.641499837239584,0.0,14.165363629659018,49.87852096557617,0.06153219233903832,58.69392776489258,218.92479451497397,0.4049881235154394,6.840334415435791,10.768802642822266,0.0,6.551023642222087,10.483134269714355,0.0,6.704311688741048,10.577921549479166,0.0,6.820657571156819,10.77311642964681,0.0,9.633703549702963,11.553125063578287,0.02176403207331042,6.823684056599935,10.703141530354818,0.0,6.509678840637207,10.241227149963379,0.0,6.455659548441569,10.212426821390787,0.0,6.627373377482097,10.577657063802084,0.0,6.763485113779704,10.509541829427084,0.0,6.53981335957845,10.544301350911459,0.0,6.425077438354492,10.234364827473959,0.0,218.92479451497397,134.40165774027506,2.3333333333333335,0.09333333333333334
2025-03-01 17:40:00,sample_data/synthetic_test/phase_01/synthetic_20250301_174000.tif,synthetic_test,116,ok,9.746124903361002,8.066853841145834,12.523592313130697,80.84969075520833,281.8671875,0.015956316314352507,7.921802520751953,11.856408754984537,0.0,8.415336926778158,12.451562563578287,0.0,8.124447345733643,12.014322916666666,0.0,8.176164468129477,12.230946858723959,0.0,8.008493264516195,11.91326904296875,0.0,7.920833428700765,11.934904098510742,0.0,8.35161860783895,12.401033401489258,0.0,8.66622257232666,12.810876528422037,0.005698005698005698,8.30063803990682,12.430989583333334,0.0,8.146217187245687,12.085896809895834,0.0,8.000672181447348,11.921885172526041,0.0,14.437084515889486,31.605866114298504,0.04930725346373269,42.64943059285482,185.5949961344401,0.32779097387173395,8.29445250829061,12.21413771311442,0.0,7.832498073577881,11.82274595896403,0.0,7.987860202789307,11.755855560302734,0.0,8.070048650105795,12.059662183125814,0.0,10.172966003417969,13.036458333333334,0.02023673157693776,8.228347301483154,12.223551750183105,0.0,7.906063874562581,11.576639811197916,0.0,7.669469833374023,11.492708524068197,0.0,7.996119976043701,11.961793899536133,0.0,8.013838450113932,11.753041585286459,0.0,7.970160325368245,11.871754964192709,0.0,7.64548937479655,11.421661376953125,0.0,185.5949961344401,108.60043112436931,1.6666666666666667,0.06666666666666667
2025-03-01 17:45:00,sample_data/synthetic_test/phase_01/synthetic_20250301_174500.tif,synthetic_test,117,ok,9.959288597106934,8.459228515625,12.826546351114908,65.8440653483073,299.7994791666667,0.013700197819085451,8.33547306060791,12.291145960489908,0.0,8.743273735046387,12.710949579874674,0.0,8.490527788798014,12.308390299479166,0.0,8.585888862609863,12.637414614359537,0.0,8.337034543355307,12.3037109375,0.0,8.339595794677734,12.381770769755045,0.0,8.70145320892334,12.810229301452637,0.0,8.781487464904785,12.862325032552084,0.0,8.607645670572916,12.61736265818278,0.0,8.4806915918986,12.298583984375,0.0,8.405438423156738,12.377593994140625,0.0,14.134261767069498,22.397865931193035,0.04115729421352895,39.923163096110024,197.4602305094401,0.2850356294536817,8.770525296529135,12.724891980489096,0.0,8.333631833394369,12.361077944437662,0.0,8.340907096862793,12.117409388224283,0.0,8.50203005472819,12.484171867370605,0.0,10.570475578308105,13.357144991556803,0.021382206949217258,8.628122965494791,12.661397616068522,0.0,8.376875241597494,12.202685356140137,0.0,8.072876453399658,11.92791748046875,0.0,8.394606272379557,12.297080357869467,0.0,8.265596389770508,11.942047119140625,0.0,8.457558631896973,12.370890299479166,0.0,8.067992210388184,11.882395426432291,0.0,197.4602305094401,109.92904822031657,1.3333333333333333,0.05333333333333334
2025-03-01 17:50:00,sample_data/synthetic_test/phase_01/synthetic_20250301_175000.tif,synthetic_test,118,ok,9.845441500345865,7.904541015625,12.273608525594076,88.82528940836589,316.8975830078125,0.013634803080092203,7.839872519175212,11.795825322469076,0.0,8.015374342600504,12.046844164530436,0.0,7.938772042592366,11.6085205078125,0.0,8.009796460469564,11.929254213968912,0.0,7.705743630727132,11.727221488952637,0.0,7.818917592366536,11.876904169718424,0.0,8.016101996103922,12.123266537984213,0.0,8.223160107930502,12.248002052307129,0.0,7.903463840484619,11.935754458109537,0.0,7.867186705271403,11.764729817708334,0.0,7.9265085856119795,11.845703125,0.0,12.640535990397135,13.859694163004557,0.031784841075794636,50.449029286702476,243.5807851155599,0.28780680918448137,8.163715362548828,12.21674378712972,0.0,7.898725668589274,11.939904848734537,0.0,7.7242841720581055,11.433724085489908,0.0,7.984390576680501,11.949552536010742,0.0,10.666630427042643,13.014241536458334,0.024054982817869414,8.046404043833414,12.041593551635742,0.0,7.830086708068848,11.681331316630045,0.0,7.683292388916016,11.555950800577799,0.0,7.865362485249837,11.697880109151205,0.0,7.657166004180908,11.524088541666666,0.0,7.892160256703694,11.768025716145834,0.0,7.557240804036458,11.424702962239584,0.0,243.5807851155599,128.72023963928223,1.0,0.04
2025-03-01 17:55:00,sample_data/synthetic_test/phase_01/synthetic_20250301_175500.tif,synthetic_test,119,ok,9.286425272623697,6.450520833333333,10.885587692260742,140.9394760131836,328.2508544921875,0.016283290009318746,6.416968981424968,10.303035418192545,0.0,6.394391377766927,10.365321477254232,0.0,6.526346206665039,10.277567545572916,0.0,6.55131991704305,10.43851121266683,0.0,6.229384581247966,10.15322462717692,0.0,6.421959241231282,10.426546096801758,0.0,6.509588082631429,10.54322083791097,0.0,7.062064329783122,10.726041475931803,0.00407000407000407,6.397292613983154,10.552506446838379,0.0,6.41936715443929,10.415771484375,0.0,6.538980484008789,10.478953043619791,0.0,10.141632080078125,11.935233434041342,0.02526487367563164,70.65849177042644,292.7198181152344,0.3543151227236738,6.626255353291829,10.681379954020182,0.0,6.473417441050212,10.469213803609213,0.0,6.270603974660237,10.010255813598633,0.0,6.52921183904012,10.451058069864908,0.0,9.570700963338217,11.581079165140787,0.02290950744558992,6.529866695404053,10.51788330078125,0.0,6.352620442708333,10.181148211161295,0.0,6.328414599100749,10.168879826863607,0.0,6.463366985321045,10.302954037984213,0.0,6.2865645090738935,10.227864583333334,0.0,6.376448631286621,10.270843505859375,0.0,6.155717849731445,10.075937906901041,0.0,292.7198181152344,152.3598896662394,1.0,0.04
2025-03-01 18:00:00,sample_data/synthetic_test/phase_02/synthetic_20250301_180000.tif,synthetic_test,120,ok,8.342482884724935,4.3680419921875,8.802596092224121,191.64447530110678,336.9479166666667,0.020174276979417,4.393574396769206,7.950777053833008,0.0,4.331732193628947,8.084623018900553,0.0,4.532625118891398,8.148640950520834,0.0,4.500506401062012,8.040966669718424,0.0,4.265445629755656,7.783203125,0.0,4.3937327067057295,8.082796255747477,0.0,4.394191900889079,8.029858271280924,0.0,8.22862195968628,35.107824643452965,0.02442002442002442,4.483589808146159,8.412573019663492,0.0,4.4153463045756025,8.1119384765625,0.0,4.5530392328898115,8.214406331380209,0.0,7.000551859537761,9.048885027567545,0.01915240423797883,92.07648468017578,314.8632405598958,0.43626286619160726,4.555964072545369,8.320294062296549,0.0,4.452163378397624,8.186537742614746,0.0,4.34160049756368,7.833880583445231,0.0,4.486204624176025,8.23119306564331,0.0,7.155158360799153,9.390600681304932,0.020236731576937762,4.516532262166341,8.126216570536295,0.0,4.378618319829305,7.862841924031575,0.0,4.378237009048462,7.924613157908122,0.0,4.449856678644816,8.052099545796713,0.0,4.425063769022624,8.222015380859375,0.0,4.338605244954427,7.832478841145833,0.0,4.2365296681722,7.796213785807292,0.0,314.8632405598958,175.35120232899985,1.3333333333333333,0.05333333333333334
2025-03-01 18:05:00,sample_data/synthetic_test/phase_02/synthetic_20250301_180500.tif,synthetic_test,121,ok,8.107972780863443,2.9713541666666665,7.6286295255025225,234.8105214436849,348.0677083333333,0.024702862654699426,3.022779623667399,6.520239035288493,0.0,3.0993663469950357,6.701190153757731,0.0,3.1804490089416504,6.774078369140625,0.0,3.1273881594340005,6.58701769510905,0.0,2.9244725704193115,6.189992268880208,0.0,3.1076154708862305,6.608667214711507,0.0,3.110443433125814,6.567700068155925,0.0,15.264605363210043,122.12109565734863,0.06064306064306065,3.1716691652933755,6.828902085622151,0.0,3.1170530319213867,6.600667317708333,0.0,3.1916375954945884,6.737192789713542,0.0,4.736738999684651,7.442895571390788,0.013447432762836204,110.02662404378255,322.84764607747394,0.5174188440221694,3.2520227432250977,6.8649007479349775,0.0,3.0944162209828696,6.653124968210856,0.0,3.0566023190816245,6.4635599454243975,0.0,3.127325455347697,6.808420976003011,0.0,5.054044167200725,7.6465169588724775,0.017563955708285606,3.191817839940389,6.7239705721537275,0.0,3.120044469833374,6.502608299255371,0.0,3.0200639565785727,6.423120021820068,0.0,3.1321802139282227,6.58958117167155,0.0,3.0850093364715576,6.643452962239583,0.0,3.060766061147054,6.441843668619792,0.0,2.9743255774180093,6.324869791666667,0.0,322.84764607747394,222.65980021158853,1.6666666666666667,0.06666666666666667
2025-03-01 18:10:00,sample_data/synthetic_test/phase_02/synthetic_20250301_181000.tif,synthetic_test,122,ok,9.661428769429525,3.5712076822916665,8.58141279220581,258.73175048828125,359.771728515625,0.029460329916458222,3.5181268056233725,7.007564067840576,0.0,3.724859873453776,7.255890051523845,0.0,3.756908893585205,7.33160400390625,0.0,3.6822996139526367,7.398754755655925,0.0,3.423332929611206,6.827661196390788,0.0,3.617816607157389,7.140600681304932,0.0,3.67657740910848,7.139420509338379,0.0,30.785730361938477,223.8896687825521,0.12372812372812374,3.7359201113382974,7.2456339200337725,0.0,3.6750195821126304,7.142333984375,0.0,3.748485485712687,7.365865071614583,0.0,4.5075446764628095,7.818992296854655,0.00774246128769358,121.30699666341145,324.3413492838542,0.579968329374505,3.9298993746439614,7.452327569325765,0.0007955449482895796,3.6370022296905518,7.159413814544678,0.0,3.559121608734131,7.043278217315674,0.0,3.669741233189901,7.431624571482341,0.0,4.761447350184123,7.97045914332072,0.01145475372279496,3.7259883085886636,7.286458492279053,0.0,3.714756727218628,7.048628807067871,0.0,3.6082003116607666,7.042669773101807,0.0,3.6400601069132485,7.126802444458008,0.0,3.6703744729359946,7.304494222005208,0.0,3.645761171976725,7.084442138671875,0.0,3.491448163986206,6.791035970052083,0.0,324.6178792317708,274.1155090332031,2.0,0.08
2025-03-01 18:15:00,sample_data/synthetic_test/phase_02/synthetic_20250301_181500.tif,synthetic_test,123,ok,13.05712858835856,6.269124348958333,11.734716892242432,276.1212565104167,367.0642496744792,0.03343306031029804,6.086429595947266,9.92456865310669,0.0,6.341518958409627,10.043416500091553,0.0,6.391320784886678,10.231343587239584,0.0,6.318569978078206,10.283060709635416,0.0,5.904930750528972,9.680066108703613,0.0,6.173001925150554,10.041292508443197,0.0,6.32870626449585,10.143595377604166,0.0,53.38893953959147,313.80564371744794,0.19820919820919822,6.432078043619792,10.092696189880371,0.0008343763037129745,6.256417433420817,9.965250651041666,0.0,6.376311858495076,10.172505696614584,0.0,6.734835147857666,10.820630073547363,0.003259983700081518,124.93588765462239,325.0292561848958,0.6116389548693587,6.766543944676717,10.508518695831299,0.003182179793158315,6.224382479985555,9.997695128122965,0.0,6.132718006769816,9.938958803812662,0.0,6.276708205540975,10.109692573547363,0.0,6.714018901189168,10.502587954203287,0.005345551737304315,6.292826096216838,10.157031218210856,0.0,6.255617141723633,9.87969970703125,0.0,6.179431756337483,9.88284715016683,0.0,6.218271493911743,10.050164858500162,0.0,6.165185530980428,9.950551350911459,0.0,6.158365249633789,10.047749837239584,0.0,5.995368878046672,9.618723551432291,0.0,334.07314046223956,319.4174499511719,2.0,0.08
2025-03-01 18:20:00,sample_data/synthetic_test/phase_02/synthetic_20250301_182000.tif,synthetic_test,124,ok,17.324398676554363,10.019978841145834,15.824137369791666,281.01898193359375,371.3420003255208,0.03753658018212435,9.702766100565592,13.71743138631185,0.0,9.914837519327799,13.760052363077799,0.0,10.125928084055582,14.169484456380209,0.0,10.0043576558431,14.121358553568522,0.0,9.583320299784342,13.50973129272461,0.0,9.774785677591959,13.788004557291666,0.0,10.009815692901611,14.070841471354166,0.0,78.61683909098308,338.6404724121094,0.2905982905982906,10.604471842447916,14.272298494974772,0.0037546933667083854,9.860497315724691,13.736083984375,0.0,10.005827903747559,14.035990397135416,0.0,10.196542104085287,14.371557553609213,0.0008149959250203934,123.09299723307292,319.7582499186198,0.6250989707046714,10.793401877085367,14.402193387349447,0.005966587112171839,9.836005210876465,13.673114458719889,0.0,9.789082368214926,13.83187484741211,0.0,9.991652806599935,13.842157363891602,0.0,10.15428384145101,14.205883661905924,0.0003818251240931665,9.980458895365397,13.992114384969076,0.0,9.776137987772623,13.576236724853516,0.0,9.771341641743978,13.60833740234375,0.0,9.831495761871338,13.833184560139975,0.0,9.82157071431478,13.837697347005209,0.0,9.671165784200033,13.656890869140625,0.0,9.564405759175619,13.336161295572916,0.0,338.6404724121094,329.19936116536456,2.0,0.08
2025-03-01 18:25:00,sample_data/synthetic_test/phase_02/synthetic_20250301_182500.tif,synthetic_test,125,ok,25.950468063354492,13.755208333333334,62.791672706604004,287.4899393717448,396.0998128255208,0.07667533146958327,13.239063580830893,17.25190798441569,0.0,13.528292020161947,17.47952683766683,0.0,14.062172253926596,17.950714111328125,0.005025125628140704,46.59002240498861,61.837504386901855,0.26555839727195224,32.660046895345054,60.49557304382324,0.16032148900169205,13.439593950907389,17.405216217041016,0.0,13.714742660522461,17.875699679056805,0.0,103.38527933756511,354.6330159505208,0.387057387057387,55.71183554331461,63.245819409688316,0.3166458072590738,38.39239056905111,61.315958658854164,0.19650832318311004,13.552579879760742,17.561391194661457,0.0,13.793259302775065,17.9599707921346,0.0,119.13388061523438,323.01153564453125,0.6203483768804434,14.601855278015137,18.19869613647461,0.007159904534606206,13.34609572092692,17.1953862508138,0.0,13.399874051411947,17.354630788167317,0.0,13.693271001180014,17.551127115885418,0.0,13.829245567321777,17.73609987894694,0.0,13.65831216176351,17.660888671875,0.0,13.213791847229004,17.171468098958332,0.0,13.171956698099772,17.02423890431722,0.0,13.39934508005778,17.36078707377116,0.0,13.38715648651123,17.385854085286457,0.0,13.192458788553873,17.1571044921875,0.0,13.130115509033203,16.963541666666668,0.0,354.6330159505208,338.82227579752606,3.3333333333333335,0.13333333333333333
2025-03-01 18:30:00,sample_data/synthetic_test/phase_02/synthetic_20250301_183000.tif,synthetic_test,126,ok,38.432504653930664,17.059895833333332,153.25380643208823,291.86951700846356,476.8663330078125,0.11571599064855231,16.35168997446696,20.345051447550457,0.0,16.791158358256023,20.76042874654134,0.0,17.88769245147705,21.222218831380207,0.010050251256281407,115.7006041208903,153.97248967488608,0.53154305200341,74.64545313517253,150.74786376953125,0.32148900169204736,16.660676956176758,20.54515775044759,0.0,17.004613876342773,21.241845448811848,0.0,123.74564870198567,357.4235432942708,0.4835164835164835,141.37840525309244,157.24199040730795,0.6282853566958698,91.38477675120036,152.8819580078125,0.3930166463662201,16.619167645772297,20.756062825520832,0.0,16.991584459940594,21.14056968688965,0.0,113.31437174479167,316.07729085286456,0.6120348376880443,17.685208002726238,21.43781344095866,0.006762132060461418,16.44601599375407,20.335880915323894,0.0,16.522350947062176,20.434843063354492,0.0,16.858964284261067,20.88010851542155,0.0,17.07308546702067,21.012312571207683,0.0,16.89050833384196,20.918961842854817,0.0,16.302619616190594,20.36424954732259,0.0,16.138991673787434,20.033727645874023,0.0,16.518962542215984,20.426098505655926,0.0,16.58485507965088,20.536234537760418,0.0,16.4112065633138,20.288838704427082,0.0,16.241806348164875,20.072031656901043,0.0,357.4235432942708,336.7504170735677,4.666666666666667,0.18666666666666665
2025-03-01 18:35:00,sample_data/synthetic_test/phase_02/synthetic_20250301_183500.tif,synthetic_test,127,ok,48.73526509602865,19.7421875,228.3813934326172,297.61412556966144,551.7847493489584,0.1543806300783102,18.91431935628255,22.793408075968426,0.0,19.46375783284505,23.326271692911785,0.0012820512820513007,21.00279490152995,23.779734293619793,0.017169179229480736,173.20226287841797,230.56103006998697,0.797527706734868,109.56327056884766,226.03262837727866,0.4826565143824027,19.284186681111652,23.094636917114258,0.00040799673602610713,19.681235631306965,23.87952423095703,0.0012121212121212306,138.7738469441732,368.2008056640625,0.571021571021571,213.31334431966147,235.55769856770834,0.9374217772215269,135.46941375732422,228.94010416666666,0.5895249695493301,19.11775080362956,23.16448974609375,0.0004084967320261438,19.569979349772137,23.77369753519694,0.0028524857375713305,109.74120076497395,316.16651407877606,0.5870942201108472,19.986976623535156,24.005277633666992,0.007557677008750995,19.03546905517578,22.972713470458984,0.001568627450980392,18.970666249593098,22.8136412302653,0.0007993605115907267,19.252954483032227,23.2972838083903,0.0003875968992248062,19.651479085286457,23.714054107666016,0.002290950744558993,19.424645741780598,23.36609713236491,0.0015816528272044287,18.833419799804688,23.038204193115234,0.0011806375442739083,18.48736000061035,22.30569012959798,0.0,18.94048245747884,22.750185012817383,0.00038580246913580245,19.092506408691406,22.95050048828125,0.0007698229407236335,19.0223388671875,22.922526041666668,0.00038491147036181676,18.668904622395832,22.462453206380207,0.00037622272385252035,368.2008056640625,342.18365987141925,6.0,0.24
2025-03-01 18:40:00,sample_data/synthetic_test/phase_02/synthetic_20250301_184000.tif,synthetic_test,128,ok,52.194723765055336,21.535603841145832,244.92446899414062,304.4713948567708,593.834228515625,0.15884382101459937,20.881223678588867,24.729870478312176,0.0030107526881720434,21.248088836669922,25.064219156901043,0.005128205128205147,22.897831598917644,25.650624593098957,0.02135678391959799,186.00670369466147,247.32062276204428,0.798380221653879,117.7477544148763,242.47098286946616,0.48392554991539766,21.119696935017902,24.902799606323242,0.004079967360261114,21.566062927246094,25.716137568155926,0.009696969696969716,150.0368906656901,373.3753662109375,0.6503866503866503,230.82677205403647,253.65987141927084,0.9361702127659575,145.51261393229166,245.41666666666666,0.5911490052781162,20.90627670288086,24.888010660807293,0.004901960784313725,21.37865702311198,25.59504763285319,0.009779951100244516,105.27965545654297,313.59938557942706,0.5506730007917656,21.603932062784832,25.739896774291992,0.009546539379474943,20.912840525309246,24.882529576619465,0.00392156862745098,20.759835561116535,24.58404541015625,0.002797761790567545,20.975413640340168,24.888981501261394,0.0034883720930232558,21.385159810384113,25.607128779093426,0.01145475372279496,21.212391535441082,25.16503079732259,0.006722024515618822,20.68273099263509,24.849552154541016,0.0019677292404565133,20.223554611206055,23.98143704732259,0.0011520737327188942,20.62679163614909,24.448383967081707,0.0019290123456790122,20.795909245808918,24.621500651041668,0.003079291762894534,20.818506240844727,24.723073323567707,0.002694380292532718,20.336957931518555,24.149749755859375,0.0015048908954100823,373.3753662109375,343.4873758951823,6.0,0.24
2025-03-01 18:45:00,sample_data/synthetic_test/phase_02/synthetic_20250301_184500.tif,synthetic_test,129,ok,48.73181915283203,22.456624348958332,201.94880167643228,308.96262613932294,562.2934163411459,0.16116533424885968,21.950814565022785,25.799409866333008,0.0055913978494623665,22.061928431193035,25.819010416666668,0.007264957264957283,23.559633255004883,26.510416666666668,0.026381909547738693,153.92550150553384,203.63340759277344,0.798380221653879,99.2481918334961,199.6047617594401,0.48434856175972923,22.042747497558594,25.859561920166016,0.006119951040391672,22.53464953104655,26.590787887573242,0.015757575757575776,161.66050720214844,378.4521891276042,0.7207977207977208,193.6731719970703,219.36613972981772,0.9353358364622445,121.44744618733723,201.95833333333334,0.5919610231425091,21.8122984568278,25.7352294921875,0.005718954248366014,22.34286053975423,26.497519810994465,0.014669926650366765,96.41039530436198,304.83319091796875,0.48772763262074426,22.525566736857098,26.641483942667644,0.01511535401750199,21.85718599955241,25.828102747599285,0.004705882352941177,21.61945406595866,25.477630615234375,0.0031974420463629087,21.935370763142902,25.831138610839844,0.007751937984496124,22.270483652750652,26.535945256551106,0.01641848033600611,22.160423278808594,26.146341959635418,0.011466982997232108,21.677953084309895,25.73871676127116,0.004722550177095632,21.183945337931316,24.919665654500324,0.0019201228878648238,21.582272211710613,25.460564931233723,0.0030864197530864196,21.704167048136394,25.66339111328125,0.004618937644341801,21.709414800008137,25.624125162760418,0.004618937644341801,21.14809290568034,24.991129557291668,0.0022573363431151235,378.4521891276042,341.64269002278644,6.0,0.24
2025-03-01 18:50:00,sample_data/synthetic_test/phase_02/synthetic_20250301_185000.tif,synthetic_test,130,ok,44.133480072021484,22.4288330078125,157.88023122151694,305.3379414876302,518.7552083333334,0.16057678159792044,21.91069793701172,25.710529963175457,0.0055913978494623665,22.02427355448405,25.971079508463543,0.005982905982906001,24.787385940551758,35.779093424479164,0.04020100502512563,120.87197621663411,159.0751749674479,0.798380221653879,79.77845255533855,155.66817728678384,0.4839255499153976,21.94535764058431,25.828645706176758,0.006935944512443897,22.46586736043294,26.54113006591797,0.01616161616161618,172.3796844482422,371.90260823567706,0.7712657712657713,155.63353220621744,213.37663777669272,0.9345014601585314,96.44717152913411,157.70402018229166,0.5923670320747056,21.74081548055013,25.733489990234375,0.006944444444444445,22.457829157511394,26.577913284301758,0.013039934800326017,80.10193252563477,272.9147593180339,0.4148851939825812,22.58306884765625,26.602555592854817,0.013922036595067624,21.852815628051758,25.77049954732259,0.004313725490196078,21.599651336669922,25.43330256144206,0.002797761790567545,21.993380228678387,25.85584767659505,0.007751937984496124,22.20940653483073,26.46092923482259,0.016800305460099276,22.170578638712566,26.228361129760742,0.010280743376828787,21.714574813842773,25.653893788655598,0.00590318772136954,21.17949867248535,24.91879717508952,0.002304147465437788,21.635020573933918,25.63850275675456,0.003472222222222222,21.715811411539715,25.638671875,0.004618937644341801,21.625741322835285,25.500213623046875,0.004234026173979985,21.061914443969727,24.900624593098957,0.0018811136192626032,371.90260823567706,324.7325948079427,6.333333333333333,0.25333333333333335
2025-03-01 18:55:00,sample_data/synthetic_test/phase_02/synthetic_20250301_185500.tif,synthetic_test,131,ok,38.473707834879555,21.450520833333332,112.97569020589192,298.5148417154948,473.790771484375,0.15523076168522243,20.797388712565105,24.61781374613444,0.0025806451612903226,21.091849009195965,25.003662109375,0.002136752136752155,29.943609873453777,94.37781778971355,0.07035175879396983,86.95206197102864,113.51375834147136,0.7855924978687127,59.39466094970703,110.78025309244792,0.47377326565143824,20.968380610148113,24.924121220906574,0.00326397388820889,21.464831670125324,25.48853365580241,0.007676767676767695,177.04863993326822,360.9430440266927,0.7891737891737892,116.25937906901042,217.74044799804688,0.932415519399249,70.49387868245442,112.4835205078125,0.5907429963459196,20.79560661315918,24.84698486328125,0.0024509803921568627,21.555758794148762,25.58989651997884,0.00611246943765283,60.77656555175781,222.09417215983072,0.32541567695962,21.6795654296875,25.698384602864582,0.0111376292760541,20.902933756510418,24.733396530151367,0.00196078431372549,20.62815539042155,24.444347381591797,0.0007993605115907267,21.063339869181316,24.956337610880535,0.004651162790697674,21.228612899780273,25.402921676635742,0.007636502481863307,21.18935775756836,25.260738372802734,0.005140371688414393,20.67942174275716,24.629675547281902,0.0051160960251869355,20.24146016438802,24.00564193725586,0.0011520737327188942,20.67731285095215,24.723451614379883,0.0019290123456790122,20.774485905965168,24.565765380859375,0.002309468822170901,20.61154301961263,24.552947998046875,0.001924557351809084,20.142614364624023,23.825297037760418,0.000752445447705041,360.9430440266927,304.1133575439453,6.666666666666667,0.26666666666666666
2025-03-01 19:00:00,sample_data/synthetic_test/phase_02/synthetic_20250301_190000.tif,synthetic_test,132,ok,31.937227249145508,19.473063151041668,68.19634437561035,290.3629659016927,429.0381673177083,0.11738355649288017,18.8117733001709,22.548274358113606,0.0,19.26687240600586,23.32037353515625,0.0,40.86625099182129,200.36348470052084,0.11683417085427135,52.529314041137695,67.47236824035645,0.5225916453537937,38.1964906056722,65.57113265991211,0.31218274111675126,19.13582992553711,23.0578130086263,0.0012239902080783307,19.594750722249348,23.642520904541016,0.0016161616161616346,171.53519185384116,344.4881896972656,0.7871387871387872,76.15220769246419,221.01716105143228,0.6554025865665415,43.719295501708984,66.48262532552083,0.3934226552984166,19.081507364908855,23.050120035807293,0.0016339869281045752,19.690751393636067,23.837426503499348,0.0012224938875305808,43.28604062398275,163.4323527018229,0.24307205067300078,19.770214716593426,23.758668899536133,0.0035799522673031054,19.08184878031413,22.876444498697918,0.0011764705882352942,18.780229568481445,22.64027277628581,0.0003996802557953631,19.28889338175456,23.25120226542155,0.0003875968992248062,19.43399429321289,23.575659434000652,0.002672775868652158,19.32318941752116,23.245227177937824,0.00039541320680110717,18.742475509643555,22.633740107218426,0.0023612750885478166,18.43185869852702,22.221075693766277,0.00038402457757296483,18.777140935262043,22.69233576456706,0.0007716049382716049,18.89914321899414,22.616109212239582,0.0007698229407236338,18.748786290486652,22.724812825520832,0.0,18.39575703938802,22.065745035807293,0.0,349.4649149576823,306.31443786621094,6.0,0.24000000000000002
2025-03-01 19:05:00,sample_data/synthetic_test/phase_02/synthetic_20250301_190500.tif,synthetic_test,133,ok,26.187719345092773,16.743896484375,37.23176129659017,288.4967956542969,398.7039794921875,0.0805172723854366,16.182337443033855,20.046349843343098,0.0,16.61115328470866,20.557470957438152,0.0,54.69505818684896,298.8695576985677,0.16834170854271358,29.20476786295573,35.527997970581055,0.26300085251491906,22.697160402933758,34.24527931213379,0.15143824027072758,16.46208127339681,20.29879633585612,0.0,16.92321268717448,20.913891474405926,0.0,157.90465291341147,333.8868001302083,0.768009768009768,48.32401784261068,211.42645772298178,0.37880684188569047,24.50659116109212,34.552042643229164,0.19650832318311004,16.550404866536457,20.502604166666668,0.0,16.9348243077596,21.119067509969074,0.0,29.53025245666504,105.83744430541992,0.15954077593032465,16.921488761901855,21.076505661010742,0.00119331742243437,16.546522458394367,20.400056838989258,0.0,16.201473871866863,20.09339777628581,0.0,16.857527414957683,20.93088976542155,0.0,16.858343442281086,20.80847994486491,0.0,16.700870196024578,20.532019297281902,0.0,16.23307005564372,20.04650052388509,0.0,15.947138468424479,19.82542546590169,0.0,16.17794958750407,20.096036911010742,0.0,16.296077728271484,20.033843994140625,0.0,16.172046343485516,20.219614664713543,0.0,15.958269755045572,19.71051025390625,0.0,346.14300537109375,319.9764912923177,5.0,0.20000000000000004
2025-03-01 19:10:00,sample_data/synthetic_test/phase_02/synthetic_20250301_191000.tif,synthetic_test,134,ok,21.267701466878254,13.421834309895834,20.039241154988606,283.3719787597656,380.640625,0.04505697516634787,13.026920636494955,16.910046259562176,0.0,13.373103459676107,17.29698085784912,0.0,66.11143366495769,341.8053487141927,0.21566164154103853,17.41004753112793,18.091219266255695,0.020460358056265986,13.136959711710611,16.933746655782063,0.0,13.135854085286459,16.965112686157227,0.0,13.629338264465332,17.65383307139079,0.0,139.20936838785806,321.0806376139323,0.7338217338217339,32.56688563028971,202.21092224121094,0.10596579057154777,13.100709279378256,16.918375651041668,0.0,13.366116205851236,17.334218343098957,0.0,13.559133529663086,17.80461057027181,0.0,19.130069096883137,56.645834604899086,0.08709422011084718,13.44907283782959,17.649817148844402,0.0,13.384932200113932,17.4617125193278,0.0,13.019346237182617,16.88906256357829,0.0,13.698925336201986,17.91318162282308,0.0,13.680901845296225,17.569759051005047,0.0,13.401647567749023,17.200077692667644,0.0,13.183478991190592,16.89962927500407,0.0,12.838943481445312,16.76493549346924,0.0,13.111666679382324,16.962443351745605,0.0,13.137978235880533,16.871744791666668,0.0,13.035898208618164,17.252400716145832,0.0,12.896068572998047,16.873504638671875,0.0,341.8053487141927,331.4429931640625,3.6666666666666665,0.14666666666666667
2025-03-01 19:15:00,sample_data/synthetic_test/phase_02/synthetic_20250301_191500.tif,synthetic_test,135,ok,17.296360969543457,9.824625651041666,16.008845647176106,275.6687418619792,374.2231038411458,0.04206516585740677,9.464496930440268,13.396952311197916,0.0,9.761884212493896,13.529488245646158,0.0,71.31586456298828,332.59507242838544,0.254606365159129,17.06057294209798,15.304167111714682,0.03239556692242115,9.592133522033691,13.402929623921713,0.0,9.500897884368896,13.343229293823242,0.0,9.97923501332601,14.058520634969076,0.0,118.6737543741862,318.3111877441406,0.6642246642246642,28.442073822021484,189.9550323486328,0.10596579057154777,9.620793660481771,13.636271158854166,0.0,9.766357262929281,13.841583251953125,0.0,9.87844975789388,13.985129992167154,0.0,11.740383307139078,24.805668512980144,0.03365003958828187,9.623991330464682,13.787296613057455,0.0,9.826366742451986,14.015533129374186,0.0,9.52483065923055,13.216218948364258,0.0,9.951117992401123,14.043302853902182,0.0,10.051171143849691,13.829329490661621,0.0,9.707290172576904,13.611942927042643,0.0,9.647360642751059,13.389395713806152,0.0,9.333026885986328,13.291719754536947,0.0,9.616682370503744,13.49557113647461,0.0,9.636050860087076,13.320963541666666,0.0,9.503800710042318,13.787994384765625,0.0,9.425102392832438,13.415822347005209,0.0,334.0591735839844,325.453130086263,3.3333333333333335,0.13333333333333333
2025-03-01 19:20:00,sample_data/synthetic_test/phase_02/synthetic_20250301_192000.tif,synthetic_test,136,ok,13.077269236246744,6.121500651041667,11.845654169718424,261.51918029785156,363.4809163411458,0.03858289600601632,5.889238754908244,9.606945991516113,0.0,6.118510882059733,9.759635289510092,0.0,69.0296745300293,315.7447916666667,0.2805695142378559,16.62788263956706,31.92563597361247,0.04390451832907075,6.0390134652455645,9.651830832163492,0.0,5.972431580225627,9.617203712463379,0.0,6.374184767405192,10.215291182200113,0.0,97.89816538492839,311.96239217122394,0.5698005698005698,23.264734268188477,168.69451904296875,0.10429703796412182,6.005882978439331,9.759562174479166,0.0,6.19007682800293,9.98980712890625,0.0,6.171284993489583,10.089190800984701,0.0,6.633930126825969,10.808290799458822,0.0059382422802850355,5.952158768971761,9.782588640848795,0.0,6.2123706340789795,10.265533447265625,0.0,5.98408301671346,9.589483737945557,0.0,6.116546789805095,9.97213363647461,0.0,6.3432051340738935,10.073429425557455,0.0,6.046619176864624,9.878027439117432,0.0,5.997270266215007,9.5537961324056,0.0,5.852299769719441,9.667274951934814,0.0,6.0764100551605225,9.729353904724121,0.0,6.130495389302571,9.613077799479166,0.0,5.9824245770772295,10.033416748046875,0.0,5.905923525492351,9.638682047526041,0.0,320.43089803059894,313.8535919189453,3.3333333333333335,0.13333333333333333
2025-03-01 19:25:00,sample_data/synthetic_test/phase_02/synthetic_20250301_192500.tif,synthetic_test,137,ok,9.710205078125,3.501708984375,8.702937761942545,240.84957885742188,350.3081868489583,0.03452842218843494,3.471893310546875,6.917370637257894,0.0,3.6044803460439048,7.049074172973633,0.0,60.72459157307943,289.9019063313802,0.29061976549413737,16.325985590616863,74.1021556854248,0.054134697357203755,3.5522793928782144,6.839330832163493,0.0,3.511857748031616,6.756616274515788,0.0,3.828976313273112,7.415470282236735,0.0,79.0037956237793,299.6688944498698,0.46113146113146114,18.378065427144367,139.34417215983072,0.09553608677513559,3.5291553338368735,7.021728515625,0.0,3.644134759902954,7.103281656901042,0.0,3.6644157568613687,7.208909034729004,0.0,3.727994362513224,7.547583262125651,0.0,3.5069761276245117,7.022562662760417,0.0,3.6713318824768066,7.338240623474121,0.0,3.520989974339803,6.8924479484558105,0.0,3.5557167530059814,7.193532466888428,0.0,3.73255189259847,7.219791730244954,0.0,3.599670648574829,7.1598836580912275,0.0,3.4785779317220054,6.855208079020183,0.0,3.4639867146809897,7.0317667325337725,0.0,3.6042362054189048,7.127980550130208,0.0,3.6427903175354004,7.056203206380208,0.0,3.529099623362223,7.0731201171875,0.0,3.467238982518514,6.822265625,0.0,299.6688944498698,294.785400390625,3.6666666666666665,0.14666666666666667
2025-03-01 19:30:00,sample_data/synthetic_test/phase_02/synthetic_20250301_193000.tif,synthetic_test,138,ok,8.205449740091959,3.009521484375,7.922900517781575,212.6370849609375,339.2057291666667,0.03031046152337045,3.058418114980062,6.505029201507568,0.0,3.2020660241444907,6.770646095275879,0.0,49.88861592610677,259.3743591308594,0.2772194304857622,16.783370971679688,114.2959493001302,0.06308610400682012,3.1180999279022217,6.489322821299235,0.0,3.0882840951283774,6.3297119140625,0.0,3.4097363154093423,7.0040202140808105,0.0,63.47901916503906,277.8857421875,0.3711843711843712,14.931655565897623,104.75328699747722,0.08093450146015853,3.0059080918629966,6.4739990234375,0.0,3.1627821127573648,6.542317708333333,0.0,3.1296465396881104,6.744716326395671,0.0,3.253176291783651,7.006349881490071,0.0,3.123631159464518,6.649458885192871,0.0,3.1927642822265625,6.726715087890625,0.0,3.039144436518351,6.604852199554443,0.0,3.1447436809539795,6.812902927398682,0.0,3.1856821378072104,6.735400517781575,0.0,3.1803433895111084,6.6650309562683105,0.0,3.035698572794596,6.406852086385091,0.0,3.075251579284668,6.575738430023193,0.0,3.149596929550171,6.632462501525879,0.0,3.1662108103434243,6.593098958333333,0.0,3.0188117027282715,6.446370442708333,0.0,3.1109421253204346,6.398213704427083,0.0,277.8857421875,268.6300506591797,4.0,0.16
2025-03-01 19:35:00,sample_data/synthetic_test/phase_02/synthetic_20250301_193500.tif,synthetic_test,139,ok,8.489429155985514,4.473063151041667,9.17429224650065,177.31458536783853,326.3932291666667,0.025732829793843087,4.509109417597453,8.132796128590902,0.0,4.65697964032491,8.311779657999674,0.0,39.592323303222656,221.54191080729166,0.2412060301507538,17.64039357503255,130.58851114908853,0.06862745098039215,4.494826475779216,8.198663393656412,0.0,4.42551310857137,8.005403518676758,0.0,4.834585189819336,8.622933069864908,0.0,51.225650787353516,251.33504231770834,0.29751729751729755,13.189975102742514,67.11355082194011,0.06508135168961202,4.4013346036275225,8.151936848958334,0.0,4.555659532546997,8.121083577473959,0.0,4.534419298171997,8.275760650634766,0.0,4.703760147094727,8.615055402119955,0.0,4.509118556976318,8.226540247599283,0.0,4.511011838912964,8.185178438822428,0.0,4.420044501622518,8.102976481119791,0.0,4.589362064997355,8.454687595367432,0.0,4.5712277094523115,8.3458251953125,0.0,4.621864636739095,8.194108009338379,0.0,4.428536574045817,8.022322654724121,0.0,4.476030747095744,8.171384493509928,0.0,4.558780988057454,8.165925979614258,0.0,4.556092898050944,8.141265869140625,0.0,4.313294569651286,7.878255208333333,0.0,4.459733088811238,8.01409912109375,0.0,251.33504231770834,236.4384765625,4.0,0.16
2025-03-01 19:40:00,sample_data/synthetic_test/phase_02/synthetic_20250301_194000.tif,synthetic_test,140,ok,9.377792994181315,6.541666666666667,11.202425320943197,133.21046193440756,309.9487711588542,0.02090996779309105,6.463410377502441,10.28888734181722,0.0,6.636339028676351,10.768837292989096,0.0,30.05544090270996,175.25174967447916,0.18634840871021777,17.897798538208008,108.52698262532552,0.0690537084398977,6.478104750315349,10.510937690734863,0.0,6.426003615061442,10.449845314025879,0.0,6.862108071645101,10.99217955271403,0.0,40.20570945739746,216.20335896809897,0.23972323972323972,12.456923802693685,35.94367281595866,0.050062578222778466,6.4028669993082685,10.348103841145834,0.0,6.545933087666829,10.366750081380209,0.0,6.541386445363362,10.58774185180664,0.0,6.896493752797444,11.067242304484049,0.0,6.4917599360148115,10.469972928365072,0.0,6.540739377339681,10.542476018269857,0.0,6.429231484731038,10.448718388875326,0.0,6.5167717933654785,10.504642804463705,0.0,6.6698252360026045,10.696337699890137,0.0,6.6246711413065595,10.473559697469076,0.0,6.392731825510661,10.212573369344076,0.0,6.406014919281006,10.317421277364096,0.0,6.546344916025798,10.279282569885254,0.0,6.537358442942302,10.215484619140625,0.0,6.266154130299886,10.124582926432291,0.0,6.3620374997456866,10.233927408854166,0.0,216.20335896809897,195.72755432128906,3.6666666666666665,0.14666666666666667
2025-03-01 19:45:00,sample_data/synthetic_test/phase_02/synthetic_20250301_194500.tif,synthetic_test,141,ok,9.847975730895996,7.950520833333333,12.451570828755697,86.68970998128255,303.2534586588542,0.01602171105334576,7.7607448895772295,11.530545870463053,0.0,7.925948778788249,12.068906466166178,0.0,22.544806162516277,125.05686442057292,0.13609715242881074,16.62555472056071,72.52636082967122,0.060528559249786874,7.90727965037028,11.886987368265787,0.0,7.89461628595988,12.044628779093424,0.0,8.259076913197836,12.382959047953287,0.0,29.193389256795246,158.83392842610678,0.1754171754171754,12.996299107869467,20.150357882181805,0.044221944096787646,7.8828301429748535,11.717000325520834,0.0,7.936352094014485,11.794484456380209,0.0,8.040431340535482,11.996099789937338,0.0,8.401098092397055,12.585298538208008,0.0,7.993570327758789,12.031901359558105,0.0,7.995515664418538,12.066853523254395,0.0,7.8884382247924805,11.790307680765787,0.0,7.88265593846639,11.919126510620117,0.0,8.205374081929525,12.258512179056803,0.0,8.032599608103434,11.96954345703125,0.0,7.8150634765625,11.598087628682455,0.0,7.695264975229899,11.637221018473307,0.0,7.962578137715657,11.821748733520508,0.0,7.915970802307129,11.680104573567709,0.0,7.7276387214660645,11.581837972005209,0.0,7.656260172526042,11.650380452473959,0.0,158.83392842610678,141.94539642333984,3.0,0.12000000000000001
2025-03-01 19:50:00,sample_data/synthetic_test/phase_02/synthetic_20250301_195000.tif,synthetic_test,142,ok,9.91352367401123,8.4609375,12.885587692260742,58.67023213704427,310.1380208333333,0.012866414896921544,8.194106419881185,11.907625198364258,0.0,8.312014897664389,12.496740659077963,0.0,20.450817108154297,116.88845825195312,0.10971524288107204,14.293269793192545,38.30779902140299,0.04859335038363172,8.40727710723877,12.375451723734537,0.0,8.463691711425781,12.474471092224121,0.0,8.705965995788574,12.825146357218424,0.0,21.48950703938802,111.23603820800781,0.1277981277981278,15.148358345031738,37.6923615137736,0.04755944931163955,8.446977297465006,12.264729817708334,0.0,8.469647725423178,12.40625,0.0,8.671015739440918,12.754766782124838,0.0,8.92566204071045,13.079557100931803,0.0,8.613370895385742,12.762575467427572,0.0,8.59114933013916,12.758866310119629,0.0,8.449862162272135,12.375777244567871,0.0,8.47242800394694,12.38437302907308,0.0,8.758557319641113,12.724658012390137,0.0,8.469866434733072,12.611621220906576,0.0,8.305936177571615,12.01007080078125,0.0,8.080467383066813,11.90163548787435,0.0,8.451711336771647,12.299163818359375,0.0,8.387836774190268,12.296854654947916,0.0,8.360896428426107,12.251322428385416,0.0,8.162972450256348,12.042958577473959,0.0,136.1617685953776,114.06224822998047,2.6666666666666665,0.10666666666666667
2025-03-01 19:55:00,sample_data/synthetic_test/phase_02/synthetic_20250301_195500.tif,synthetic_test,143,ok,9.838469505310059,8.030354817708334,12.436458587646484,75.5448735555013,335.0893961588542,0.012801020157928293,7.735474586486816,11.523929913838705,0.0,7.906502723693848,11.82938035329183,0.0,26.42759895324707,164.61870320638022,0.12102177554438863,12.359725952148438,17.81822903951009,0.04049445865302643,7.946573257446289,11.9306640625,0.0,8.024330457051596,11.914583206176758,0.0,8.244375864664713,12.282787958780924,0.0,20.990718841552734,119.47086079915364,0.10907610907610908,19.235183715820312,95.74167982737224,0.06174384647476011,7.974008083343506,11.8775634765625,0.0,8.064695835113525,12.085296630859375,0.0,8.312867800394693,12.412860234578451,0.0,8.400047461191813,12.649102846781412,0.0,8.181768099466959,12.259971300760904,0.0,8.168724536895752,12.292844772338867,0.0,8.001430670420328,11.914145787556967,0.0,8.136861801147461,12.0570437113444,0.0,8.272903124491373,12.269303321838379,0.0,7.988211631774902,12.020288149515787,0.0,7.907212098439534,11.630497296651205,0.0,7.609746932983398,11.364748001098633,0.0,8.016319115956625,11.838018735249838,0.0,7.952377160390218,11.934010823567709,0.0,7.99054479598999,11.89715576171875,0.0,7.770340283711751,11.656463623046875,0.0,167.65265401204428,142.16141001383463,2.6666666666666665,0.10666666666666667
2025-03-01 20:00:00,sample_data/synthetic_test/phase_02/synthetic_20250301_200000.tif,synthetic_test,144,ok,9.516783078511557,6.673583984375,11.121354420979818,135.7536646525065,354.9670003255208,0.015580296565141335,6.4741387367248535,10.324450810750326,0.0,6.662959257761638,10.484011014302572,0.0,37.204532623291016,245.7625935872396,0.15326633165829148,12.138741493225098,17.43566068013509,0.04092071611253197,6.598836898803711,10.611163457234701,0.0,6.695502122243245,10.485750198364258,0.0,6.840172131856282,10.810237566630045,0.0,28.137775421142578,188.78907267252603,0.12942612942612944,23.377829869588215,170.2170155843099,0.08218606591572798,6.594972292582194,10.645792643229166,0.0,6.705443700154622,10.6475830078125,0.0,6.943018913269043,11.020129521687826,0.0,6.913076559702556,11.152474085489908,0.0,6.780759493509929,10.810339291890463,0.0,6.743559201558431,10.869366645812988,0.0,6.579882939656575,10.517569859822592,0.0,6.825127919514974,10.586800257364908,0.0,6.850828965504964,10.836824417114258,0.0,6.642874081929524,10.655615170796713,0.0,6.601038138071696,10.413313865661621,0.0,6.294219334920247,9.97177537282308,0.0,6.632522424062093,10.325126012166342,0.0,6.570647398630778,10.507354736328125,0.0,6.690018494923909,10.633270263671875,0.0,6.434927463531494,10.277994791666666,0.0,245.7625935872396,217.39246114095053,3.0,0.12
2025-03-01 20:05:00,sample_data/synthetic_test/phase_02/synthetic_20250301_200500.tif,synthetic_test,145,ok,8.83675734202067,4.589396158854167,9.075870990753174,209.43590799967447,371.7447509765625,0.019781908545457517,4.545765479405721,8.160046418507894,0.0,4.7512476444244385,8.331001917521158,0.0,47.75832875569662,299.19920857747394,0.19472361809045227,13.868821144104004,52.22214953104655,0.05029838022165387,4.592589775721232,8.283666928609213,0.0,4.788995345433553,8.521687507629395,0.0,4.813479661941528,8.545491536458334,0.0,39.08038139343262,268.7907002766927,0.16727716727716727,26.66244633992513,227.3697052001953,0.10387984981226532,4.634079694747925,8.410563151041666,0.0,4.672496159871419,8.434682210286459,0.0,4.860726912816365,8.630212624867758,0.0,4.8204169273376465,8.762197176615397,0.0,4.756610075632731,8.43422238032023,0.0,4.713494857152303,8.584023157755533,0.0,4.56144118309021,8.29914124806722,0.0,4.772087335586548,8.413002649943033,0.0,4.83877428372701,8.634749412536621,0.0,4.660965283711751,8.294775327046713,0.0,4.639182408650716,8.305765787760416,0.0,4.393825133641561,7.842743078867595,0.0,4.652205228805542,8.185731887817383,0.0,4.573812087376912,8.194427490234375,0.0,4.703818957010905,8.495249430338541,0.0,4.515555461247762,8.305124918619791,0.0,300.83849080403644,284.11158243815106,3.3333333333333335,0.13333333333333333
2025-03-01 20:10:00,sample_data/synthetic_test/phase_02/synthetic_20250301_201000.tif,synthetic_test,146,ok,8.564524332682291,3.0008544921875,7.651904424031575,257.68959554036456,382.0347086588542,0.02437588895973319,3.115342855453491,6.5333251953125,0.0,3.2168745199839273,6.626039822896321,0.0,55.51440175374349,319.5310363769531,0.23073701842546068,16.59397315979004,110.16811498006184,0.061381074168797956,3.1468985875447593,6.660447120666504,0.0,3.2786378860473633,6.899470806121826,0.0,3.274015506108602,6.785961786905925,0.0,51.263909657796226,316.99053955078125,0.21611721611721613,30.556748072306316,252.32186381022134,0.12849395077179807,3.1842379570007324,6.693562825520833,0.0,3.157679478327433,6.618906656901042,0.0,3.267916202545166,6.878106753031413,0.0,3.2563485304514566,6.885186990102132,0.0,3.228602568308512,6.727113723754883,0.0,3.1004985173543296,6.7147135734558105,0.0,3.0989201068878174,6.710113366444905,0.0,3.203278144200643,6.5449198087056475,0.0,3.2802065213521323,6.753320376078288,0.0,3.1334139506022134,6.584794044494629,0.0,3.137628714243571,6.6397705078125,0.0,2.969324509302775,6.2694010734558105,0.0,3.1387081940968833,6.572582880655925,0.0,3.0742990175882974,6.501078287760417,0.0,3.180372953414917,6.753692626953125,0.0,3.0271849632263184,6.48785400390625,0.0,325.7822672526042,318.2607879638672,3.6666666666666665,0.14666666666666664
2025-03-01 20:15:00,sample_data/synthetic_test/phase_02/synthetic_20250301_201500.tif,synthetic_test,147,ok,9.906662623087565,3.3341878255208335,8.217350323994955,283.1316833496094,390.2934163411458,0.029067961482498735,3.3963560263315835,6.755574544270833,0.0,3.514655669530233,6.936486879984538,0.0,60.9716542561849,321.4361979166667,0.26088777219430487,19.509783426920574,164.88876342773438,0.07075873827791986,3.4287800788879395,6.997005144755046,0.0,3.51920223236084,7.127099514007568,0.0,3.5388872623443604,7.052270253499349,0.0,64.86161931355794,339.35207112630206,0.26902726902726903,37.637682596842446,275.8792673746745,0.15978306216103463,3.4963696797688804,6.8741455078125,0.0,3.4028035004933677,6.982177734375,0.0,3.4971203804016113,7.220314343770345,0.0,3.5046729246775308,7.100695768992106,0.0,3.5449744860331216,6.981821695963542,0.0,3.4533190727233887,7.028000990549724,0.0,3.4672399361928306,7.0659769376118975,0.0,3.521164814631144,6.983231703440349,0.0,3.558330853780111,6.944995244344075,0.0,3.3502219518025718,6.7611083984375,0.0,3.3657704989115396,6.883862495422363,0.0,3.215801159540812,6.544274806976318,0.0,3.430870612462362,6.943269729614258,0.0,3.4219786326090493,6.811625162760417,0.0,3.401390473047892,6.92034912109375,0.0,3.326010227203369,6.697906494140625,0.0,339.35207112630206,330.3941345214844,4.0,0.16
2025-03-01 20:20:00,sample_data/synthetic_test/phase_02/synthetic_20250301_202000.tif,synthetic_test,148,ok,13.103737831115723,5.8203125,11.090454260508219,293.82220458984375,399.2456868489583,0.03367829058152272,5.7146867116292315,9.29289960861206,0.0,5.874066511789958,9.536661783854166,0.0,62.717088063557945,317.68511962890625,0.26716917922948075,21.555409113566082,168.0135040283203,0.07374254049445865,5.812072515487671,9.527400652567545,0.0,5.837842226028442,9.567211945851644,0.0,5.963969866434733,9.756420771280924,0.0,81.37108103434245,351.8164876302083,0.34147334147334146,49.03677495320638,303.9647725423177,0.19899874843554444,5.828600804011027,9.463541666666666,0.0,5.757510264714559,9.554901123046875,0.0,5.841597159703572,9.726564248402914,0.0,5.943339268366496,9.82443634668986,0.0,5.904312451680501,9.601503531138102,0.0,5.840717871983846,9.573148568471273,0.0,5.816242694854736,9.56949249903361,0.0,5.942202568054199,9.597829341888428,0.0,5.959436337153117,9.578841209411621,0.0,5.728067398071289,9.384708722432455,0.0,5.702683766682942,9.464664777119955,0.0,5.496780872344971,9.007889747619629,0.0,5.737539609273274,9.451361020406088,0.0,5.7435314655303955,9.345906575520834,0.0,5.6880409717559814,9.497172037760416,0.0,5.631831725438436,9.141682942708334,0.0,351.8164876302083,339.5154774983724,4.0,0.16
2025-03-01 20:25:00,sample_data/synthetic_test/phase_02/synthetic_20250301_202500.tif,synthetic_test,149,ok,17.346095085144043,9.526041666666666,15.175341924031576,303.4137268066406,406.498291015625,0.03773276439910409,9.265917301177979,12.996700286865234,0.0,9.45453135172526,13.209739367167154,0.0,58.74873606363932,298.2823486328125,0.25,22.323940912882488,126.3146858215332,0.06862745098039215,9.293527762095133,13.16135056813558,0.0,9.362913608551025,13.24791685740153,0.0,9.67302942276001,13.759195645650228,0.0,101.52199300130208,364.1358133951823,0.4163614163614164,63.03148396809896,331.2277119954427,0.244889445139758,9.31236457824707,13.190104166666666,0.0,9.300012588500977,13.222890218098959,0.0,9.54656728108724,13.519475936889648,0.0,10.209999084472656,13.990463892618815,0.005146476642913698,9.855694770812988,13.578065872192383,0.0027844073190135266,9.466582616170248,13.375413258870443,0.0,9.302228132883707,13.18259080251058,0.0,9.587767601013184,13.458620389302572,0.0,9.664512952168783,13.596207618713379,0.0,9.34369150797526,13.274637858072916,0.0,9.228637059529623,13.201310475667318,0.0,8.96333932876587,12.685585657755533,0.0,9.264864444732666,13.157088279724121,0.0,9.269280592600504,13.068349202473959,0.0,9.219945907592773,13.203348795572916,0.0,9.185581684112549,12.944193522135416,0.0,364.1358133951823,350.1053721110026,4.0,0.16
2025-03-01 20:30:00,sample_data/synthetic_test/phase_02/synthetic_20250301_203000.tif,synthetic_test,150,ok,21.546868642171223,13.169270833333334,19.230541865030926,311.2914326985677,413.9600830078125,0.04136217241322935,12.846929232279459,16.664563179016113,0.0,13.110648155212402,16.89826488494873,0.0,49.78880182902018,256.0759684244792,0.2102177554438861,21.86094093322754,71.05290794372559,0.05839727195225917,12.803671518961588,16.56988302866618,0.0,12.91207218170166,16.90257994333903,0.0,13.399825731913248,17.593741416931152,0.0,121.5617904663086,370.54137166341144,0.48962148962148966,75.71690241495769,347.0436604817708,0.28035043804755944,12.935876846313477,16.8828125,0.0,12.967277844746908,16.744588216145832,0.0,13.29971981048584,17.185208638509113,0.0,17.933091799418133,47.50536982218424,0.02850356294536817,15.603951454162598,17.943354924519856,0.013922036595067624,13.02842934926351,16.943331082661945,0.0,12.814293225606283,16.750482241312664,0.0,13.180325190226236,17.103556632995605,0.0,13.35671615600586,17.356966018676758,0.0,13.131735483805338,17.085144360860188,0.0,12.803828557332357,16.744799931844074,0.0,12.502269744873047,16.242053667704266,0.0,12.882166226704916,16.76307773590088,0.0,12.875908215840658,16.797739664713543,0.0,12.86902904510498,16.82489013671875,0.0,12.712814331054688,16.547932942708332,0.0,370.54137166341144,358.7925160725911,4.0,0.16
2025-03-01 20:35:00,sample_data/synthetic_test/phase_02/synthetic_20250301_203500.tif,synthetic_test,151,ok,25.23843510945638,16.416666666666668,22.783137639363606,317.7734375,420.279541015625,0.04420684355943564,16.0787140528361,19.947294235229492,0.0,16.38261318206787,20.140092213948567,0.0,39.736603418986,195.8858846028646,0.16876046901172534,21.36652946472168,36.45628039042155,0.04390451832907075,15.946998914082846,19.810160319010418,0.0,16.11204210917155,20.112638473510742,0.0,16.681085268656414,20.913890838623047,0.0,133.96790313720703,369.76898193359375,0.533984533984534,83.46663920084636,350.33592732747394,0.3045473508552357,16.22683842976888,20.110270182291668,0.0,16.25246779123942,19.99566650390625,0.0,16.666629155476887,20.64124933878581,0.00040749796251020597,30.66135056813558,147.82889684041342,0.06571654790182106,24.04128138224284,61.68839073181152,0.03579952267303103,16.184479395548504,19.979150772094727,0.0,15.950257619222006,19.835359573364258,0.0,16.32253074645996,20.268225351969402,0.0,16.626391728719074,20.576391220092773,0.0,16.444729804992676,20.41639455159505,0.0,15.994856516520182,19.874821345011394,0.0,15.686285018920898,19.490161259969074,0.0,16.12682596842448,20.105710983276367,0.0,16.15250873565674,20.141916910807293,0.0,16.13624668121338,19.939666748046875,0.0,15.797739664713541,19.637125651041668,0.0,369.76898193359375,360.0524546305339,4.333333333333333,0.17333333333333334
2025-03-01 20:40:00,sample_data/synthetic_test/phase_02/synthetic_20250301_204000.tif,synthetic_test,152,ok,28.165751139322918,19.059041341145832,25.778637568155926,320.0682678222656,426.646728515625,0.047378488400608175,18.70124689737956,22.635676701863606,0.0,19.073720296223957,23.001680374145508,0.00042735042735044584,31.914340337117512,129.6065877278646,0.1239530988274707,21.293654759724934,23.838659922281902,0.029838022165387893,18.594859441121418,22.501192092895508,0.0008460236886632825,18.815409342447918,22.746166865030926,0.0,19.34573491414388,23.549128850301106,0.002020202020202039,134.6333491007487,359.44207763671875,0.5584045584045584,84.49258677164714,336.2401631673177,0.31581143095536085,18.89108403523763,22.657999674479168,0.0,18.966663360595703,22.764546712239582,0.0004084967320261438,19.395511627197266,23.5251038869222,0.005297473512632455,47.491808573404946,263.2351328531901,0.1175771971496437,35.42394002278646,160.26758193969727,0.07040572792362769,18.835933685302734,22.604620615641277,0.000392156862745098,18.529921849568684,22.441011428833008,0.0003996802557953631,18.961090723673504,23.104496637980144,0.0011627906976744186,19.282912572224934,23.29200808207194,0.002672775868652158,19.17313575744629,23.230013529459637,0.0007908264136022143,18.627148310343426,22.50260861714681,0.0003935458480913032,18.267679850260418,22.138954798380535,0.0,18.777278900146484,22.748289108276367,0.0007716049382716049,18.86461003621419,22.823333740234375,0.0003849114703618171,18.739824930826824,22.52777099609375,0.0,18.311146418253582,22.179219563802082,0.0,367.8925069173177,357.9861704508464,4.666666666666667,0.18666666666666668
2025-03-01 20:45:00,sample_data/synthetic_test/phase_02/synthetic_20250301_204500.tif,synthetic_test,153,ok,30.2381108601888,20.967041015625,28.1015625,321.75437418619794,430.0573323567708,0.05192342276063891,20.6240234375,24.504345575968426,0.0025806451612903226,20.984959920247395,24.978675842285156,0.003846153846153865,26.671281178792317,72.87742106119792,0.08375209380234507,21.61427942911784,25.023842493693035,0.017476555839727195,20.534358342488606,24.44443957010905,0.0038071065989847713,20.7433656056722,24.587329228719074,0.0016319869441044424,21.24516232808431,25.342350006103516,0.006868686868686888,126.4779764811198,345.48157755533856,0.5665445665445665,80.482421875,315.86020914713544,0.3187317480183563,20.787383397420246,24.5711669921875,0.0028420625253755584,20.898318608601887,24.819671630859375,0.0032679738562091504,21.376858393351238,25.587549209594727,0.011002444987775079,65.52778498331706,350.67649332682294,0.17656373713380838,48.83965047200521,272.48052978515625,0.11575178997613365,20.73601468404134,24.482831319173176,0.001176470588235294,20.42299207051595,24.165437698364258,0.0011990407673860904,20.926746368408203,25.099924723307293,0.003875968992248062,21.169591903686523,25.217350006103516,0.006872852233676977,21.126030604044598,25.255794525146484,0.0055357848952155,20.563418706258137,24.529765446980793,0.0019677292404565137,20.120094299316406,24.09332847595215,0.001536098310291859,20.628887176513672,24.59164873758952,0.0015432098765432098,20.74857012430827,24.637776692708332,0.003464203233256351,20.59503682454427,24.345255533854168,0.0011547344110854503,20.117746988932293,23.924875895182293,0.00037622272385252035,365.9989318847656,357.44683837890625,4.666666666666667,0.18666666666666668
2025-03-01 20:50:00,sample_data/synthetic_test/phase_02/synthetic_20250301_205000.tif,synthetic_test,154,ok,31.387081146240234,22.000895182291668,29.556428909301758,324.31268310546875,432.1102701822917,0.0560105939477169,21.657087961832683,25.585783004760742,0.004301075268817204,21.989356358846027,26.09519386291504,0.007264957264957283,23.722858428955078,38.67796834309896,0.044388609715242895,21.937719345092773,25.878151575724285,0.011508951406649618,21.61520767211914,25.501149495442707,0.00634517766497462,21.782899856567383,25.602628707885742,0.0032639738882088896,22.32376225789388,26.443408330281574,0.010909090909090929,115.76498667399089,336.7996419270833,0.5604395604395603,74.05049387613933,296.3378092447917,0.31080517313308303,21.805131276448567,25.707438151041668,0.006902151847340642,21.875383377075195,25.758046468098957,0.005718954248366014,22.535717010498047,26.73093096415202,0.018744906275468643,80.32665506998698,375.56602986653644,0.23555027711797308,61.7290891011556,345.1604715983073,0.1650755767700875,21.783480326334637,25.54866600036621,0.003137254901960784,21.53315798441569,25.326853434244793,0.003996802557953636,21.96249262491862,26.193823496500652,0.006589147286821705,22.195785522460938,26.321712493896484,0.010309278350515464,22.124640782674152,26.213260650634766,0.007908264136022143,21.589235305786133,25.53490447998047,0.0031483667847304214,21.117865244547527,25.115073521931965,0.002304147465437788,21.567582448323567,25.363840738932293,0.003472222222222222,21.756887435913086,25.554890950520832,0.005773672055427253,21.576974868774414,25.314666748046875,0.002694380292532718,21.10163942972819,24.850453694661457,0.0011286681715575618,375.56602986653644,364.66639709472656,4.333333333333333,0.17333333333333334
2025-03-01 20:55:00,sample_data/synthetic_test/phase_02/synthetic_20250301_205500.tif,synthetic_test,155,ok,31.573795318603516,22.109415690104168,30.69947052001953,325.3114929199219,432.0772705078125,0.05692612029362237,21.6814390818278,25.563542048136394,0.004301075268817204,21.938361485799152,25.97347577412923,0.0068376068376068576,22.297086079915363,26.386952718098957,0.018844221105527654,21.932419459025066,26.03528658548991,0.0059676044330775795,21.660322189331055,25.568953196207683,0.005499153976311337,21.966514587402344,25.886995951334637,0.004079967360261113,22.437897364298504,26.521020253499348,0.01010101010101012,105.76707204182942,328.45374552408856,0.5299145299145299,67.09505844116211,286.59649658203125,0.2895285773884022,21.923023223876953,25.947916666666668,0.007714169711733658,21.917975107828777,25.915150960286457,0.006127450980392157,22.758755366007488,26.88652992248535,0.01915240423797883,90.54463450113933,376.7215881347656,0.28741092636579574,72.07473119099934,360.54600016276044,0.20843277645186953,21.91990343729655,25.797611872355144,0.0035294117647058816,21.692068735758465,25.384761174519856,0.003996802557953636,21.993052800496418,26.110620498657227,0.0069767441860465115,22.235756556193035,26.182641983032227,0.010309278350515464,22.160189310709637,26.062479654947918,0.008699090549624358,21.669426600138348,25.509973526000977,0.0035419126328217246,21.21163495381673,25.246392567952473,0.0030721966205837174,21.552623748779297,25.345239003499348,0.002700617283950617,21.77700360616048,25.616953531901043,0.006543494996150885,21.69849141438802,25.510396321614582,0.004234026173979984,21.199649810791016,24.859792073567707,0.0011286681715575615,376.7215881347656,368.633794148763,4.0,0.16
2025-03-01 21:00:00,sample_data/synthetic_test/phase_02/synthetic_20250301_210000.tif,synthetic_test,156,ok,30.760997772216797,21.250895182291668,29.775325139363606,325.15015665690106,432.8454996744792,0.05401605440842284,20.773244857788086,24.72101656595866,0.002150537634408602,20.924903233846027,24.775533040364582,0.0034188034188034374,21.277140299479168,25.385203043619793,0.005025125628140722,21.14704195658366,25.264917373657227,0.003410059676044331,20.701452891031902,24.662646611531574,0.0025380710659898484,21.230876922607422,25.177262624104817,0.0024479804161566658,21.638469696044922,25.737361272176106,0.005252525252525272,97.64757792154948,330.6106872558594,0.47415547415547415,61.445735931396484,281.0104166666667,0.26074259491030455,20.977405548095703,25.002604166666668,0.0048721071863581,21.00159962972005,25.086822509765625,0.0032679738562091504,22.003745396931965,26.140513737996418,0.013447432762836206,95.32843017578125,375.73618570963544,0.32304038004750596,78.19904073079427,361.98415120442706,0.24264120922832136,21.134650548299152,25.009721120198567,0.003137254901960784,20.931312561035156,24.91578547159831,0.0031974420463629087,21.137732187906902,25.149640401204426,0.004263565891472868,21.362956364949543,25.4132080078125,0.006109201985490646,21.228970845540363,24.981835683186848,0.0039541320680110716,20.792157491048176,24.527604420979817,0.0019677292404565137,20.40631103515625,24.36800765991211,0.0015360983102918587,20.684651056925457,24.49028714497884,0.0023148148148148147,20.866875966389973,24.686625162760418,0.003464203233256352,20.894415537516277,24.804453531901043,0.003079291762894534,20.415388743082683,24.1082763671875,0.0007524454477050409,375.73618570963544,368.86016845703125,4.0,0.16
2025-03-01 21:05:00,sample_data/synthetic_test/phase_02/synthetic_20250301_210500.tif,synthetic_test,157,ok,28.93434715270996,19.527791341145832,27.76490847269694,320.7325744628906,430.4114583333333,0.05009237006882796,19.012543360392254,22.885416666666668,0.00043010752688172043,19.210420608520508,22.960111618041992,0.0,19.63789431254069,23.795583089192707,0.002093802345058645,19.433533986409504,23.38375473022461,0.0,18.86921501159668,22.764322916666668,0.0,19.549022038777668,23.592716852823894,0.0008159934720522189,19.931779861450195,24.028507232666016,0.0012121212121212306,90.36731211344402,327.22865804036456,0.4131054131054131,56.84903208414713,280.16876220703125,0.22736754276178553,19.159724553426106,23.205729166666668,0.0008120178643930166,19.254862467447918,23.419718424479168,0.0008169934640522876,20.216395060221355,24.373327891031902,0.005297473512632455,95.7108154296875,366.54262288411456,0.347980997624703,79.53835042317708,359.76633707682294,0.26571201272871914,19.438289642333984,23.370566685994465,0.001176470588235294,19.26660919189453,23.33769925435384,0.0003996802557953631,19.53390947977702,23.476619720458984,0.0015503875968992248,19.665869394938152,23.6230951944987,0.002672775868652158,19.54486083984375,23.332380930582683,0.0015816528272044287,19.07928721110026,22.81562105814616,0.0007870916961826058,18.708715438842773,22.74476941426595,0.0007680491551459293,19.0662104288737,22.960880279541016,0.00038580246913580245,19.152138392130535,23.076171875,0.001154734411085451,19.21341069539388,23.032745361328125,0.0015396458814472668,18.725095748901367,22.442698160807293,0.0,366.54262288411456,363.15447998046875,4.0,0.16
2025-03-01 21:10:00,sample_data/synthetic_test/phase_02/synthetic_20250301_211000.tif,synthetic_test,158,ok,26.233154296875,17.032999674479168,24.20189603169759,315.3165791829427,424.6927083333333,0.0478199028888126,16.61389382680257,20.371988932291668,0.00043010752688172043,16.94077269236247,20.708231608072918,0.0,17.158950805664062,21.386067708333332,0.0004187604690117438,16.93036429087321,20.908363978068035,0.0,16.390631675720215,20.311086018880207,0.0,16.929895718892414,21.093937555948894,0.0,17.36564763387044,21.416528065999348,0.0,81.80674997965495,326.53697713216144,0.35938135938135934,51.640488942464195,273.5533142089844,0.1964956195244055,16.686233202616375,20.669270833333332,0.0,16.69782829284668,20.793416341145832,0.0,17.500898361206055,21.647342681884766,0.0,94.20577494303386,363.04547119140625,0.36975455265241486,79.02057393391927,355.11151123046875,0.2911694510739857,16.85933780670166,20.786502838134766,0.000392156862745098,16.792542775472004,20.910429000854492,0.0,17.141462643941242,21.124003092447918,0.0,17.198605219523113,21.241682688395183,0.0,17.118624051411945,21.062178293863933,0.0,16.63419024149577,20.455651601155598,0.0,16.31106408437093,20.31629244486491,0.0,16.706936836242676,20.52338218688965,0.00038580246913580245,16.746487617492676,20.623494466145832,0.0,16.763397534688313,20.553802490234375,0.0,16.21590296427409,19.95159912109375,0.0,363.04547119140625,359.0784912109375,4.0,0.16
2025-03-01 21:15:00,sample_data/synthetic_test/phase_02/synthetic_20250301_211500.tif,synthetic_test,159,ok,22.728036244710285,13.919270833333334,20.639249801635742,308.22353108723956,420.5364583333333,0.045776317295273594,13.631219546000162,17.372770309448242,0.0,14.014313697814941,18.006001790364582,0.0,14.009257634480795,18.177530924479168,0.0,13.793559392293295,17.71497408548991,0.0,13.410268465677897,17.380061785380047,0.0,13.652019500732422,17.806437492370605,0.0,14.119972546895346,18.18039544423421,0.0,69.12539800008138,301.98752848307294,0.31013431013431014,43.31781260172526,245.56205240885416,0.16645807259073842,13.6380402247111,17.532145182291668,0.0,13.55136744181315,17.52972412109375,0.0,14.168819427490234,18.22468630472819,0.0,92.58572642008464,365.3064473470052,0.3800475059382422,78.9390640258789,355.3981018066406,0.3086714399363564,13.650394439697266,17.6395362218221,0.0,13.638131459554037,17.56400140126546,0.0,13.996294339497885,18.01987902323405,0.0,14.07699457804362,17.972216924031574,0.0,13.907062530517578,17.94707425435384,0.0,13.53073787689209,17.43073272705078,0.0,13.332427024841309,17.280519485473633,0.0,13.673194567362467,17.536272684733074,0.0,13.792437235514322,17.781911214192707,0.0,13.63995393117269,17.357625325520832,0.0,13.21099885304769,17.128031412760418,0.0,365.3064473470052,360.35227457682294,4.0,0.16
2025-03-01 21:20:00,sample_data/synthetic_test/phase_02/synthetic_20250301_212000.tif,synthetic_test,160,ok,18.66945234934489,10.347208658854166,16.776570955912273,298.2681376139323,409.2387288411458,0.04352019880000654,10.161473115285238,13.928942998250326,0.0,10.468048890431723,14.576532046000162,0.0,10.399839242299398,14.422760009765625,0.0,10.22761058807373,14.14249070485433,0.0,9.981761773427328,14.018082618713379,0.0,10.045049667358398,14.099145571390787,0.0,10.42962153752645,14.40798314412435,0.0,53.1403694152832,262.40651448567706,0.25478225478225475,32.6389528910319,194.77334594726562,0.13600333750521484,10.132922331492106,14.059041341145834,0.0,10.089173952738443,14.028849283854166,0.0,10.401631991068522,14.4693234761556,0.0,91.21852111816406,361.6332295735677,0.38677751385589865,79.5212885538737,351.33872477213544,0.32617342879872707,10.04781405131022,13.997230847676596,0.0,9.978580474853516,13.831900914510092,0.0,10.396546522776285,14.333611806233725,0.0,10.459538777669271,14.35937531789144,0.0003818251240931665,10.411756992340088,14.366581281026205,0.0023724792408066427,9.999964078267416,14.02351442972819,0.0,9.892820517222086,13.80257765452067,0.0,10.132836818695068,14.029868443806967,0.0,10.269582748413086,14.247182210286459,0.0,10.048720200856527,13.920796712239584,0.0,9.878868261973063,13.837656656901041,0.0,361.6332295735677,356.48597717285156,4.0,0.16
2025-03-01 21:25:00,sample_data/synthetic_test/phase_02/synthetic_20250301_212500.tif,synthetic_test,161,ok,18.74306074778239,6.703084309895833,53.960415840148926,291.0580139160156,406.5269368489583,0.07443556165906452,6.446069637934367,10.170503934224447,0.0,6.736919641494751,10.874218781789144,0.0,6.9837799072265625,10.549723307291666,0.005025125628140722,38.07215817769369,52.89965216318766,0.25191815856777494,24.94616969426473,51.94189167022705,0.15143824027072758,6.481405417124431,10.269286950429281,0.0,6.705896298090617,10.685563087463379,0.0,37.698211034139,210.39689127604166,0.20553520553520555,60.787784576416016,169.11632792154947,0.40091781393408427,30.285348415374756,52.5789794921875,0.19650832318311004,6.544460455576579,10.371297200520834,0.0,6.583039999008179,10.571874936421713,0.0,88.50545247395833,362.49462890625,0.37727632620744256,78.48132578531902,353.43810017903644,0.32776451869530626,6.413769245147705,10.27245283126831,0.0,6.3340074221293134,10.092118263244629,0.0,6.699277877807617,10.530686219533285,0.0,6.872986396153768,10.639908949534098,0.002672775868652158,7.3323737780253095,10.637402216593424,0.006326611308817715,6.353813171386719,10.268981774648031,0.0,6.320999066034953,9.968987941741943,0.0,6.466041644414266,10.331561406453451,0.0,6.5074663162231445,10.284271240234375,0.0,6.387317021687825,10.187744140625,0.0,6.3904266357421875,10.246073404947916,0.0,362.49462890625,357.96636454264325,5.0,0.19999999999999998
2025-03-01 21:30:00,sample_data/synthetic_test/phase_02/synthetic_20250301_213000.tif,synthetic_test,162,ok,24.110234260559082,3.9383544921875,137.83436171213785,282.1497090657552,388.4340413411458,0.10590677979956513,3.7099785010019937,7.09558121363322,0.0,3.873887379964193,7.56045929590861,0.0,4.861045042673747,7.517598470052083,0.010050251256281425,100.98976612091064,138.74767462412515,0.5170502983802217,60.80782016118368,135.7376333872477,0.31218274111675126,3.8193002541859946,7.235253810882568,0.0,3.9443532625834146,7.654321352640788,0.0,25.794926325480144,167.39913431803384,0.15750915750915753,133.10621388753256,196.66070048014322,0.6750104297037964,77.13472318649292,137.83589680989584,0.3930166463662201,3.860128084818522,7.355448404947917,0.0,3.8145302136739097,7.604538758595784,0.0,80.9408950805664,347.52960205078125,0.3594615993665875,72.27797190348308,337.5285339355469,0.31861575178997614,3.726552406946818,7.160943508148193,0.0,3.63595183690389,7.118515968322754,0.0,3.950010061264038,7.41632064183553,0.0,4.537354230880737,7.687320868174235,0.005345551737304315,5.879541397094727,7.856327374776204,0.012257809410834321,3.730095148086548,7.262133757273356,0.0,3.6381818850835166,7.01083771387736,0.0,3.7520289421081543,7.326300144195557,0.0,3.718876361846924,7.139109293619792,0.0,3.6826531887054443,7.247416178385417,0.0,3.7333153088887534,7.186848958333333,0.0,347.52960205078125,342.52906799316406,6.0,0.24
2025-03-01 21:35:00,sample_data/synthetic_test/phase_02/synthetic_20250301_213500.tif,synthetic_test,163,ok,29.825255076090496,3.2786458333333335,209.3272501627604,263.18666585286456,378.7803955078125,0.13703467556035118,3.0022542476654053,6.446431636810303,0.0,3.208613554636637,6.86630646387736,0.0,4.657808939615886,6.759114583333333,0.01507537688442211,155.19874318440756,212.1572519938151,0.7813299232736574,92.36215464274089,207.39513142903647,0.47208121827411165,3.0811798572540283,6.554150422414144,0.0,3.182153065999349,6.990079879760742,0.0,18.48604424794515,134.56831868489584,0.12006512006512006,195.74806213378906,229.95150248209634,0.9578639966624948,117.89238739013672,210.46439615885416,0.5895249695493301,2.9969002405802407,6.50042724609375,0.0,3.0957581202189126,6.847116947174072,0.0,70.74685033162434,326.9672139485677,0.3301662707838479,63.37060801188151,315.61549886067706,0.29554494828957834,2.9057881832122803,6.300866603851318,0.0,2.9582324028015137,6.473237991333008,0.0,3.214130163192749,6.7836384773254395,0.0,4.573782364527385,7.118383884429932,0.009163802978235968,6.828100363413493,7.448946317036946,0.017793594306049824,2.9721268812815347,6.4420084953308105,0.0,2.8886271715164185,6.193615754445394,0.0,3.0274318059285483,6.451769987742106,0.0,3.0009430249532065,6.379791259765625,0.0,2.9842401345570884,6.516082763671875,0.0,2.9596967697143555,6.266072591145833,0.0,326.9672139485677,321.2913564046224,7.0,0.28
2025-03-01 21:40:00,sample_data/synthetic_test/phase_02/synthetic_20250301_214000.tif,synthetic_test,164,ok,31.484690984090168,4.550374348958333,226.7649383544922,234.55874633789062,360.3550211588542,0.13355240570896074,4.29612398147583,7.9857462247212725,0.0,4.421799898147583,8.086081822713217,0.0,6.026889006296794,8.176218668619791,0.01507537688442211,168.87325541178384,230.2023468017578,0.7877237851662405,100.86687469482422,224.8208770751953,0.4771573604060914,4.218977212905884,7.802758852640788,0.0,4.407915512720744,8.161792119344076,0.0,14.54690138498942,96.81629816691081,0.08302808302808302,209.39111836751303,234.52692159016928,0.9486858573216521,128.45963541666666,228.07206217447916,0.5895249695493301,4.132513205210368,7.818359375,0.0,4.398116668065389,8.205395539601644,0.0,58.563045501708984,287.84560139973956,0.2969121140142517,52.3573849995931,273.01300048828125,0.2673031026252983,4.075498660405477,7.525418917338054,0.0,4.170851389567058,7.8334245681762695,0.0,4.3842581907908125,7.971242268880208,0.0,6.474104722340901,8.339746157328287,0.012218403970981291,9.43961477279663,8.8953857421875,0.023724792408066426,4.110370238622029,7.727681477864583,0.0,4.014680902163188,7.453047752380371,0.0,4.223125696182251,7.769976774851481,0.0,4.294490496317546,7.8079833984375,0.0,4.22480320930481,7.751536051432292,0.0,4.13719113667806,7.542124430338542,0.0,287.84560139973956,280.42930094401044,7.0,0.28
2025-03-01 21:45:00,sample_data/synthetic_test/phase_02/synthetic_20250301_214500.tif,synthetic_test,165,ok,27.7432123819987,6.668416341145833,184.6411387125651,191.4821573893229,345.8446044921875,0.1281900371115144,6.28080685933431,10.309965133666992,0.0,6.397771676381429,10.297961235046387,0.0,7.763603210449219,10.572906494140625,0.01507537688442211,138.27616373697916,188.10441080729166,0.7757885763000852,83.65136464436848,183.56865946451822,0.4686971235194585,6.21380631128947,10.157470703125,0.0,6.468031724294026,10.474471092224121,0.0,12.480656305948893,54.817522048950195,0.057794057794057795,169.80895487467447,191.26398722330728,0.9399249061326659,105.73572540283203,186.08247884114584,0.5895249695493301,6.212196985880534,10.174936930338541,0.0,6.406492710113525,10.427659034729004,0.0,46.387926737467446,236.4391886393229,0.25336500395882816,41.118475596110024,220.8249053955078,0.2259347653142402,6.11090612411499,9.99366029103597,0.0,6.164389769236247,10.101240793863932,0.0,6.400843143463135,10.422544479370117,0.0,8.410542805989584,10.643391927083334,0.012982054219167621,11.489365895589193,11.159891764322916,0.025701858442071967,6.00476868947347,9.946431477864584,0.0,5.925500472386678,9.708355903625488,0.0,6.1670583089192705,9.878645896911621,0.0,6.242239793141683,10.138712565104166,0.0,6.2376329104105634,10.048858642578125,0.0,6.05282719930013,9.760650634765625,0.0,236.4391886393229,228.63204701741537,6.666666666666667,0.26666666666666666
2025-03-01 21:50:00,sample_data/synthetic_test/phase_02/synthetic_20250301_215000.tif,synthetic_test,166,ok,23.645617802937824,8.191853841145834,141.66266377766928,147.16811879475912,335.3107503255208,0.12325273431752416,7.721731344858806,11.720129330952963,0.0,7.787662982940674,11.60678482055664,0.0,8.90587329864502,12.233286539713541,0.01507537688442211,106.87652842203777,145.0602289835612,0.7634271099744244,65.8177007039388,141.4817148844401,0.46023688663282575,7.722612539927165,11.663379033406576,0.0,8.02568769454956,11.998429298400879,0.0,11.61105728149414,24.00860595703125,0.04354904354904355,130.27306365966797,147.4662297566732,0.934084272006675,82.33667627970378,143.5460205078125,0.5895249695493301,7.900333404541016,11.737202962239584,0.0,7.923725446065267,11.861592610677084,0.0,35.20360247294108,184.92721048990884,0.2090261282660332,31.342122395833332,168.53141021728516,0.18536197295147172,7.766271750132243,11.783373832702637,0.0,7.6655042966206866,11.53118896484375,0.0,7.867250442504883,11.91805648803711,0.0,9.478490829467773,12.344441731770834,0.012982054219167621,11.550966262817383,12.524649937947592,0.024911032028469754,7.546433448791504,11.383231480916342,0.0,7.438157876332601,11.193684895833334,0.0,7.635461489359538,11.479872703552246,0.0,7.717260201772054,11.565989176432291,0.0,7.769276777903239,11.580322265625,0.0,7.5049699147542315,11.267374674479166,0.0,184.92721048990884,176.72931035359701,6.333333333333333,0.25333333333333335
2025-03-01 21:55:00,sample_data/synthetic_test/phase_02/synthetic_20250301_215500.tif,synthetic_test,167,ok,19.175509770711262,8.814249674479166,97.84930928548177,103.21237309773763,343.9643961588542,0.11887128680497655,8.29980723063151,12.245320638020834,0.0,8.419747352600098,12.281670888264975,0.0,9.176835060119629,12.780354817708334,0.014237855946398677,74.47185897827148,100.93680572509766,0.7561807331628304,47.10872014363607,98.61126963297527,0.4538917089678511,8.362604777018229,12.323274930318197,0.0,8.647697766621908,12.750171025594076,0.0,10.739109992980957,14.442920049031576,0.03581603581603582,90.10521825154622,102.79486465454102,0.9311639549436795,58.08394114176432,100.12154134114583,0.5850588712951685,8.648401896158854,12.425364176432291,0.0,8.559314727783203,12.460941314697266,0.0,28.777626673380535,162.19100952148438,0.16627078384798097,26.384253819783527,155.0043462117513,0.14717581543357197,8.48729419708252,12.481782913208008,0.0,8.268572012583414,12.037148157755533,0.0,8.431259155273438,12.510443369547525,0.0,9.821634928385416,13.078125,0.011836578846888128,11.053702672322592,13.063452084859213,0.023724792408066426,8.264148076375326,12.119795799255371,0.0,8.172043959299723,11.981996536254883,0.0,8.299035231272379,12.158335367838541,0.0,8.307838122049967,12.260203043619791,0.0,8.398347536722818,12.348775227864584,0.0,8.117491881052652,11.875447591145834,0.0,165.17281087239584,158.59767786661783,6.0,0.24
2025-03-01 22:00:00,sample_data/synthetic_test/phase_02/synthetic_20250301_220000.tif,synthetic_test,168,ok,14.612401962280273,8.3828125,54.42222595214844,91.34414800008138,369.4991048177083,0.08316575931466315,8.034329096476236,11.889334996541342,0.0,8.190224170684814,12.143359184265137,0.0,8.50945234298706,12.2489013671875,0.009212730318257976,41.0652764638265,56.087415059407554,0.5029838022165388,27.431920051574707,54.94681644439697,0.3016074450084602,8.147137641906738,12.102441787719727,0.0,8.294004281361898,12.318221092224121,0.0,9.270634492238363,13.499259312947592,0.023606023606023607,48.94270292917887,57.26899496714274,0.6203587818105966,32.93723011016846,55.855916341145836,0.3885505481120585,8.329570134480795,12.049489339192709,0.0,8.326438903808594,12.25393263498942,0.0,30.622583389282227,200.74639892578125,0.15241488519398258,30.09178860982259,202.44603220621744,0.14558472553699284,8.164504686991373,12.107694307963053,0.0,7.9972718556722,11.733559290568033,0.0,8.086595058441162,12.062644640604654,0.0,9.82176939646403,12.77013365427653,0.012600229095074456,11.244296709696451,12.991467157999674,0.024120205614867538,8.030399163564047,11.895751953125,0.0,7.988066037495931,11.811124483744303,0.0,8.068660100301107,12.083262125651041,0.0,8.012489000956217,11.889963785807291,0.0,8.033217430114746,11.995463053385416,0.0,7.875386714935303,11.5089111328125,0.0,206.9444580078125,201.59621556599936,4.666666666666667,0.18666666666666665
2025-03-01 22:05:00,sample_data/synthetic_test/phase_02/synthetic_20250301_220500.tif,synthetic_test,169,ok,11.30161190032959,7.049479166666667,24.9305419921875,129.14872614542642,392.6605631510417,0.04973269900436511,6.876149972279866,10.734464327494303,0.0,6.936365286509196,10.859039306640625,0.0,7.115217367808024,10.961151123046875,0.004187604690117272,17.83955717086792,25.360548973083496,0.2510656436487639,13.245290915171305,24.929495811462402,0.15016920473773265,7.066275437672933,11.114591598510742,0.0,7.053192615509033,11.12828795115153,0.0,7.4115878740946455,11.66572634379069,0.011396011396011397,20.434090614318848,25.877751032511394,0.3095536086775135,15.191818714141846,25.2352294921875,0.19204222492894843,7.0120744705200195,10.851572672526041,0.0,7.181643009185791,11.139215151468912,0.0,38.74740982055664,266.4479115804036,0.16389548693586697,41.11918703715006,276.6949920654297,0.17382657120127284,6.9253010749816895,10.803006807963053,0.0,6.843725045522054,10.522361119588217,0.0,6.922088464101155,10.911732991536459,0.0,8.943839232126871,11.568912823994955,0.012600229095074456,11.420122464497885,11.805354754130045,0.02530644523527086,6.867876847585042,10.888639450073242,0.0,6.8030290603637695,10.636063575744629,0.0,6.862155119578044,10.873051007588705,0.0,6.806987126668294,10.7237548828125,0.0,6.776346365610759,10.631306966145834,0.0,6.748164653778076,10.435129801432291,0.0,276.6949920654297,271.5714518229167,3.3333333333333335,0.1333333333333333
2025-03-01 22:10:00,sample_data/synthetic_test/phase_02/synthetic_20250301_221000.tif,synthetic_test,170,ok,9.238964716593424,4.933146158854167,9.464038054148356,201.15436808268228,405.7369791666667,0.019226053264014917,4.946216503779094,8.562060356140137,0.0,4.962388356526692,8.776792526245117,0.0,5.056008577346802,8.8800048828125,0.0,4.950786193211873,8.841508070627848,0.0,4.800180753072103,8.47369384765625,0.0,5.157874504725139,8.954850196838379,0.0,5.167940775553386,9.220833460489908,0.0,5.908529758453369,9.249914328257242,0.004477004477004477,5.903667132059733,9.119169235229492,0.006675010429703796,5.055672327677409,8.767333984375,0.0,5.0226155916849775,8.65277099609375,0.0,5.229193687438965,9.10143248240153,0.0,50.34399922688802,326.23973592122394,0.2019002375296912,58.09030405680338,342.86622111002606,0.23309466984884644,4.979029893875122,8.607167402903238,0.0,4.976561466852824,8.513285160064697,0.0,5.123593807220459,9.062383969624838,0.0,7.0026170412699384,9.522566795349121,0.012218403970981293,10.021222273508707,9.817521095275879,0.02491103202846975,4.9799753824869795,8.847497622172037,0.0,4.877918084462483,8.566050211588541,0.0,4.881951729456584,8.654117902119955,0.0,4.90409779548645,8.624806722005209,0.0,4.852558056513469,8.492411295572916,0.0,4.924469550450643,8.570546468098959,0.0,342.86622111002606,334.552978515625,2.0,0.08
2025-03-01 22:15:00,sample_data/synthetic_test/phase_02/synthetic_20250301_221500.tif,synthetic_test,171,ok,8.985172907511393,3.1692708333333335,7.784350554148356,270.816162109375,415.9973958333333,0.023754638939297343,3.22650678952535,6.609114329020183,0.0,3.268033027648926,6.919327894846599,0.0,3.3740901152292886,7.133697509765625,0.0,3.323564370473226,7.0144979159037275,0.0,3.124436060587565,6.4438802401224775,0.0,3.446828762690226,6.970116933186849,0.0,3.4176881313323975,7.207291920979817,0.0,6.601174990336101,7.6754231452941895,0.01383801383801384,8.214106559753418,17.946590741475422,0.023779724655819776,3.4011100133260093,6.838541666666667,0.0,3.3212660948435464,6.796875,0.0,3.4524077574412027,7.014243761698405,0.0,60.751050313313804,354.0053304036458,0.23713380839271572,75.3566411336263,373.0483093261719,0.2891805887032617,3.3191096782684326,6.796014308929443,0.0,3.2782137393951416,6.522135257720947,0.0,3.4917236963907876,7.1829813321431475,0.0,4.946837981541951,7.622737566630046,0.011072928598701794,7.550295988718669,7.669689814249675,0.023724792408066426,3.3532121181488037,6.938985347747803,0.0,3.1924078464508057,6.5646341641743975,0.0,3.1911495526631675,6.733618100484212,0.0,3.274076461791992,6.748942057291667,0.0,3.2543994585673013,6.618723551432292,0.0,3.241604963938395,6.676442464192708,0.0,373.0483093261719,363.5268198649089,2.3333333333333335,0.09333333333333331
2025-03-01 22:20:00,sample_data/synthetic_test/phase_02/synthetic_20250301_222000.tif,synthetic_test,172,ok,10.211114565531412,3.1779378255208335,8.097900231679281,306.7871907552083,424.5555419921875,0.028463060146811197,3.220973253250122,6.603902180989583,0.0,3.3432650566101074,6.9820332527160645,0.0,3.3921755949656167,7.069447835286458,0.0,3.2658309936523438,6.856207370758057,0.0,3.101550896962484,6.373571554819743,0.0,3.3294963041941323,6.687825520833333,0.0,3.4140449364980063,7.090625127156575,0.0,10.99642276763916,14.900622526804606,0.03133903133903134,17.074137051900227,100.05900319417317,0.05673758865248226,3.3833192189534507,7.001749674479167,0.0,3.3965213298797607,6.775187174479167,0.0,3.3891661167144775,7.031618436177571,0.0,67.95189921061198,360.98779296875,0.2656373713380839,88.58872985839844,379.189208984375,0.33611774065234684,3.3078507582346597,6.7930928866068525,0.0,3.2304964860280356,6.630116621653239,0.0,3.34531831741333,6.914422512054443,0.0,4.344971577326457,7.350186983744304,0.008781977854142803,6.2436478932698565,7.497814814249675,0.021352313167259787,3.3951431115468345,6.916849931081136,0.0,3.271456321080526,6.704443454742432,0.0,3.16060209274292,6.692805926005046,0.0,3.2492337226867676,6.712677001953125,0.0,3.267914295196533,6.801432291666667,0.0,3.2265488306681314,6.802510579427083,0.0,379.189208984375,370.0885009765625,3.0,0.12
2025-03-01 22:25:00,sample_data/synthetic_test/phase_02/synthetic_20250301_222500.tif,synthetic_test,173,ok,13.28958829243978,5.364583333333333,10.622208595275879,323.04665120442706,433.1840006510417,0.032909902398352064,5.39437214533488,8.997998237609863,0.0,5.4726254145304365,9.220208644866943,0.0,5.5572616259257,9.355692545572916,0.0,5.340280453364055,8.961952845255533,0.0,5.156381924947103,8.714534282684326,0.0,5.396528561909993,9.040616989135742,0.0,5.510225375493367,9.15587584177653,0.0,19.853213628133137,95.11086622873943,0.054131054131054124,33.715438524881996,218.91995493570963,0.10680016687526073,5.388931751251221,9.192708333333334,0.0,5.4900674025217695,9.18121337890625,0.0,5.491318464279175,9.187368075052897,0.0,71.27057139078777,357.10805257161456,0.281076801266825,96.18973795572917,375.8583984375,0.37191726332537783,5.299999078114827,9.022865931193033,0.0,5.315421422322591,8.91119384765625,0.0,5.269406795501709,8.907043298085531,0.0,5.900786956151326,9.49636205037435,0.005345551737304315,7.038735866546631,9.4947509765625,0.015816528272044286,5.41377838452657,9.093408425649008,0.0,5.3384848435719805,8.965997536977133,0.0,5.2665112018585205,8.969734827677408,0.0,5.284611940383911,8.943339029947916,0.0,5.2964967886606855,8.930989583333334,0.0,5.2148598829905195,8.903645833333334,0.0,375.8583984375,370.0474599202474,3.6666666666666665,0.14666666666666664
2025-03-01 22:30:00,sample_data/synthetic_test/phase_02/synthetic_20250301_223000.tif,synthetic_test,174,ok,17.603281021118164,9.002604166666666,14.748966534932455,332.7994384765625,439.7994791666667,0.03716056043291318,8.882449626922607,12.872111002604166,0.0,9.015631198883057,12.94928773244222,0.0,9.056714375813803,13.096791585286459,0.0,8.853050549825033,12.680312156677246,0.0,8.625752449035645,12.523575782775879,0.0,8.84598716100057,12.846508979797363,0.0,9.227015972137451,13.230875651041666,0.0,31.21972719828288,203.85451443990073,0.07977207977207977,55.56026395161947,342.6875813802083,0.16645807259073842,8.833373228708902,12.8515625,0.0,8.9180006980896,12.955078125,0.0,9.081282138824463,12.983986536661783,0.0,71.86919403076172,346.92128499348956,0.28701504354711,99.35301717122395,370.4274597167969,0.40095465393794755,8.737472852071127,12.686842918395996,0.0,8.833806991577148,12.719083786010742,0.0,8.730262597401937,12.564162254333496,0.0,9.125836849212646,13.132470766703287,0.002290950744558993,9.579387505849203,13.118363380432129,0.008699090549624358,8.891899267832438,12.76744810740153,0.0,8.699299812316895,12.626432736714682,0.0,8.6707870165507,12.535492261250814,0.0,8.714395999908447,12.519500732421875,0.0,8.736695448557535,12.612843831380209,0.0,8.628348509470621,12.593088785807291,0.0,381.1859537760417,372.81214396158856,4.0,0.16
2025-03-01 22:35:00,sample_data/synthetic_test/phase_02/synthetic_20250301_223500.tif,synthetic_test,175,ok,21.95068868001302,12.683186848958334,18.745678901672363,339.27370198567706,447.4192708333333,0.041084244772508056,12.47458012898763,16.481595993041992,0.0,12.687074025472006,16.6527156829834,0.0,12.726385434468588,16.788848876953125,0.0,12.554193496704102,16.583088874816895,0.0,12.242815971374512,16.14076328277588,0.0,12.499172846476236,16.56248378753662,0.0,12.977529525756836,17.107112884521484,0.0,42.30438232421875,303.8573710123698,0.10663410663410662,78.79860051472981,393.9827473958333,0.23612849395077182,12.407497723897299,16.3359375,0.0,12.49825922648112,16.571818033854168,0.0,12.834404627482096,16.72161865234375,0.0,70.90091451009114,341.35094197591144,0.2830562153602533,99.89195505777995,366.4218444824219,0.41845664280031825,12.3723357518514,16.327727953592937,0.0,12.421730677286783,16.29502995808919,0.0,12.460224469502768,16.38723341623942,0.0,12.772138277689615,16.779500643412273,0.0003818251240931665,12.83592700958252,16.77488613128662,0.00276789244760775,12.492253621419271,16.406246185302734,0.0,12.141962687174479,16.05595111846924,0.0,12.299691836039225,16.187687555948894,0.0,12.365670204162598,16.217000325520832,0.0,12.336421012878418,16.168202718098957,0.0,12.132459004720053,15.9375,0.0,396.76441446940106,380.2022959391276,4.0,0.16
2025-03-01 22:40:00,sample_data/synthetic_test/phase_02/synthetic_20250301_224000.tif,synthetic_test,176,ok,25.785455067952473,16.015625,22.449666341145832,346.8015645345052,452.1492919921875,0.04427223829842889,15.663533528645834,19.82611910502116,0.0,16.004420280456543,19.925042470296223,0.0,16.069556554158527,20.13714599609375,0.0,15.927609125773111,19.987629572550457,0.0,15.503591219584147,19.3175474802653,0.0,15.803064028422037,19.822550455729168,0.0,16.302934328715008,20.487695693969727,0.0,51.41651153564453,332.52393595377606,0.1343101343101343,100.67120361328125,414.1546223958333,0.30871923237380056,15.76521078745524,19.613728841145832,0.0,15.81473191579183,19.708994547526043,0.0,16.22420374552409,20.204042434692383,0.0,68.98168690999348,336.40587361653644,0.26880443388756925,98.27206166585286,364.65773518880206,0.4196499602227526,15.724183400472006,19.6394468943278,0.0,15.669210116068522,19.509318033854168,0.0,15.940428098042807,19.872247060139973,0.0,16.15282154083252,20.06212615966797,0.0,16.092068672180176,20.175757090250652,0.0,15.71794350941976,19.69322903951009,0.0,15.311259269714355,19.230131149291992,0.0,15.541550954182943,19.47865041097005,0.0,15.706650733947754,19.551869710286457,0.0,15.565513292948404,19.505208333333332,0.0,15.40224552154541,19.208526611328125,0.0,414.1546223958333,389.4061787923177,4.0,0.16
2025-03-01 22:45:00,sample_data/synthetic_test/phase_02/synthetic_20250301_224500.tif,synthetic_test,177,ok,28.91386604309082,18.783854166666668,25.558512369791668,349.14453125,454.7256673177083,0.04747658050909805,18.409595489501953,22.51648012797038,0.0,18.80194028218587,22.74165217081706,0.0008547008547008732,18.84825388590495,22.936197916666668,0.0004187604690117438,18.727114995320637,22.765897115071613,0.0,18.232239723205566,22.020967483520508,0.0,18.5497989654541,22.453304290771484,0.0,19.09523073832194,23.310799916585285,0.0012121212121212306,57.644510904947914,336.5231526692708,0.16117216117216118,119.34861501057942,419.80930582682294,0.3879849812265332,18.654300371805828,22.584187825520832,0.0,18.618377049763996,22.552947998046875,0.0004084967320261438,19.06760088602702,23.12005615234375,0.0016299918500407684,66.51273854573567,327.3883870442708,0.2501979414093428,96.64175923665364,358.0365397135417,0.40731901352426414,18.476577123006184,22.336804072062176,0.0,18.35208797454834,22.257195790608723,0.0,18.87089474995931,22.83087094624837,0.0011627906976744186,19.011016209920246,22.96715545654297,0.0019091256204658276,18.870100657145183,22.99660301208496,0.0011862396204033213,18.276670455932617,22.295939127604168,0.0,18.013433774312336,21.897448857625324,0.0,18.27969233194987,22.240605036417644,0.0,18.51779619852702,22.420583089192707,0.00038491147036181735,18.193668365478516,22.152130126953125,0.0,18.18296241760254,22.032307942708332,0.0,419.80930582682294,388.9229227701823,4.0,0.16
2025-03-01 22:50:00,sample_data/synthetic_test/phase_02/synthetic_20250301_225000.tif,synthetic_test,178,ok,31.20418357849121,20.831583658854168,27.946882883707683,353.1875813802083,458.2378336588542,0.05220135040136022,20.444014231363933,24.46673647562663,0.0030107526881720434,20.82926368713379,24.850854237874348,0.0034188034188034374,20.911062240600586,25.042755126953125,0.005025125628140723,20.751741409301758,24.68344497680664,0.002131287297527707,20.311248779296875,24.156809488932293,0.001692047377326565,20.618340810139973,24.490804036458332,0.0012239902080783307,21.20618947347005,25.285254160563152,0.006464646464646483,62.203287760416664,339.769775390625,0.19088319088319086,133.29905446370444,426.8812662760417,0.45932415519399256,20.81678072611491,24.7430419921875,0.004060089321965083,20.599515914916992,24.576812744140625,0.002859477124183007,21.121509552001953,25.09844144185384,0.005704971475142644,62.96203740437826,307.56090291341144,0.227236737925574,96.79085286458333,363.1388854980469,0.3953858392999205,20.499468485514324,24.361848831176758,0.0023529411764705885,20.349096934000652,24.21809450785319,0.0015987210231814541,21.0079345703125,24.977603912353516,0.006201550387596899,21.161915461222332,25.13850975036621,0.008781977854142803,20.868408203125,25.042362848917644,0.0035587188612099647,20.146364212036133,24.09352175394694,0.0011806375442739085,19.97332509358724,23.862518310546875,0.0007680491551459293,20.329785029093426,24.192448298136394,0.0015432098765432098,20.552417755126953,24.406046549479168,0.0019245573518090846,20.15432612101237,24.079416910807293,0.0015396458814472668,20.119332631429035,23.961130777994793,0.0,426.8812662760417,395.01007588704425,4.0,0.16
2025-03-01 22:55:00,sample_data/synthetic_test/phase_02/synthetic_20250301_225500.tif,synthetic_test,179,ok,32.41855239868164,22.005208333333332,31.03751564025879,352.1131591796875,459.2708333333333,0.057383883466575115,21.565025965372723,25.47023582458496,0.005161290322580645,21.912631352742512,25.88035011291504,0.007264957264957283,22.10093625386556,26.218312581380207,0.010050251256281425,21.911244710286457,25.768444697062176,0.008098891730605285,21.568776448567707,25.40971310933431,0.0029610829103214886,21.840508778889973,25.703474680582683,0.004487964096287224,22.39629554748535,26.29358736673991,0.01131313131313133,65.90131123860677,341.4493103027344,0.21774521774521774,144.27447001139322,425.4724833170573,0.5369211514392992,21.935903549194336,25.881062825520832,0.0073081607795371486,21.708747227986652,25.949188232421875,0.007761437908496732,22.35489273071289,26.261252721150715,0.010187449062754705,56.442675272623696,274.6036122639974,0.20348376880443386,95.30108642578125,356.21946207682294,0.37629276054097055,21.741846720377605,25.697208404541016,0.009019607843137255,21.48719596862793,25.33981704711914,0.003996802557953636,22.21459197998047,26.275880813598633,0.012790697674418603,22.464810053507488,26.49998410542806,0.013745704467353953,22.02756690979004,26.173783620198567,0.007908264136022143,21.396725336710613,25.228417714436848,0.003935458480913027,21.094585418701172,24.911181767781574,0.0030721966205837174,21.48370933532715,25.296876907348633,0.0023148148148148147,21.7288080851237,25.5675048828125,0.003079291762894535,21.341159184773762,25.12890625,0.0034642032332563508,21.1097895304362,24.940104166666668,0.0,425.4724833170573,390.8459726969401,4.0,0.16
2025-03-01 23:00:00,sample_data/synthetic_test/phase_02/synthetic_20250301_230000.tif,synthetic_test,180,ok,32.60082117716471,22.2178955078125,31.553311665852863,349.7604471842448,460.4270833333333,0.05890431114816814,21.71728006998698,25.678157806396484,0.006881720430107527,22.003115971883137,25.951344172159832,0.006837606837606856,22.288197199503582,26.279062906901043,0.010469011725293152,22.267303466796875,26.223237991333008,0.015345268542199489,21.79136021931966,25.7648868560791,0.0038071065989847713,22.136615753173828,26.0367914835612,0.00571195430436556,22.50769869486491,26.373274485270183,0.012525252525252543,70.0989761352539,347.32911173502606,0.23606023606023604,157.69620259602866,426.9791768391927,0.6011681268251982,21.994977951049805,25.974812825520832,0.008526187576126673,21.96933428446452,26.07659912109375,0.00980392156862745,22.640827814737957,26.503568649291992,0.010187449062754704,47.432202657063804,220.62437438964844,0.168646080760095,87.8053970336914,345.3018086751302,0.34327764518695303,22.069401423136394,26.070068359375,0.00980392156862745,21.729501724243164,25.570194244384766,0.004396482813749,22.356289545694988,26.467256546020508,0.016279069767441857,22.698342005411785,26.82273801167806,0.016800305460099276,22.28525670369466,26.31805419921875,0.008699090549624358,21.706616083780926,25.50523630777995,0.004722550177095632,21.32467778523763,25.098555246988933,0.0034562211981566822,21.677052815755207,25.509379069010418,0.002700617283950617,21.898598353068035,25.68817138671875,0.003849114703618169,21.727959314982098,25.49346923828125,0.005388760585065436,21.247222900390625,25.023661295572918,0.000752445447705041,426.9791768391927,392.5207265218099,4.0,0.16
2025-03-01 23:05:00,sample_data/synthetic_test/phase_02/synthetic_20250301_230500.tif,synthetic_test,181,ok,31.734644571940105,21.469645182291668,31.076391220092773,346.63185628255206,457.9661458333333,0.056141383425703406,20.95866330464681,25.047505696614582,0.0038709677419354834,21.255208333333332,25.237857818603516,0.004273504273504292,21.62631352742513,25.430552164713543,0.007956448911222798,24.347557703653973,33.46273612976074,0.03239556692242114,21.02346928914388,24.95201873779297,0.0021150592216582064,21.45881462097168,25.4800287882487,0.004487964096287224,21.712726593017578,25.691333134969074,0.007676767676767695,72.80684407552083,349.39194742838544,0.24013024013024012,171.3265584309896,423.9145914713542,0.6554025865665415,21.141489028930664,25.076375325520832,0.0048721071863581,21.321571350097656,25.420145670572918,0.007352941176470587,21.94498570760091,25.889504114786785,0.00611246943765283,37.77791404724121,157.2005411783854,0.12826603325415675,73.2646369934082,308.0043029785156,0.29435163086714394,21.346179962158203,25.448018391927082,0.007450980392156863,21.062991460164387,25.008644739786785,0.002797761790567545,21.592862447102863,25.588338216145832,0.011240310077519378,21.86749203999837,26.047574996948242,0.010309278350515464,21.563344955444336,25.469531377156574,0.006326611308817715,21.030703862508137,24.78369903564453,0.0035419126328217246,20.636371612548828,24.29762140909831,0.0026881720430107525,20.857706705729168,24.875394821166992,0.0015432098765432098,21.079277674357098,24.963338216145832,0.0026943802925327182,21.168965657552082,24.957010904947918,0.0038491147036181675,20.64195950826009,24.447713216145832,0.000752445447705041,423.9145914713542,387.89101155598956,4.333333333333333,0.17333333333333334
2025-03-01 23:10:00,sample_data/synthetic_test/phase_02/synthetic_20250301_231000.tif,synthetic_test,182,ok,29.959225336710613,19.826416015625,27.85155423482259,345.96937052408856,456.6883544921875,0.051367567479196304,19.405359268188477,23.448803583780926,0.0017204301075268817,19.698810577392578,23.723132451375324,0.00042735042735044584,20.903027216593426,23.847666422526043,0.00879396984924625,31.701682408650715,112.80072657267253,0.06436487638533674,19.41391118367513,23.36112912495931,0.0008460236886632825,19.860998153686523,23.8492914835612,0.0012239902080783307,20.148837407430012,24.211449940999348,0.0028282828282828465,73.04281616210938,350.40392049153644,0.2380952380952381,178.6499226888021,418.7621663411458,0.6733416770963704,19.48203722635905,23.317708333333332,0.0016240357287860333,19.72616704305013,23.649322509765625,0.0024509803921568627,20.26443036397298,24.208571751912434,0.0016299918500407684,29.291514078776043,89.82034428914388,0.08432304038004747,55.434444427490234,254.1652577718099,0.23587907716785997,19.61427625020345,23.79734484354655,0.0007843137254901949,19.39743487040202,23.30548095703125,0.0003996802557953631,19.929176966349285,23.841593424479168,0.004651162790697674,20.029524485270183,24.147558848063152,0.005345551737304315,19.861182530721027,23.78307278951009,0.0019770660340055358,19.401437123616535,23.22387631734212,0.0007870916961826058,19.04754638671875,22.690797805786133,0.00038402457757296494,19.213253021240234,23.33302052815755,0.0007716049382716049,19.417125701904297,23.331817626953125,0.001539645881447268,19.57626469930013,23.392333984375,0.0019245573518090837,19.145901997884113,22.932942708333332,0.000752445447705041,418.7621663411458,384.5830434163411,4.333333333333333,0.17333333333333334
2025-03-01 23:15:00,sample_data/synthetic_test/phase_02/synthetic_20250301_231500.tif,synthetic_test,183,ok,27.26705805460612,17.401936848958332,24.976912180582683,343.3751627604167,452.8098958333333,0.04814687658377884,17.06266148885091,20.997839609781902,0.0,17.323314984639484,21.347320556640625,0.0,20.688833236694336,21.756306966145832,0.016331658291457305,44.27242342631022,234.5112164815267,0.10869565217391304,17.011546452840168,20.77588144938151,0.0,17.39768918355306,21.40677007039388,0.0,17.77341365814209,21.764925003051758,0.0004040404040404225,69.04553476969402,337.3644104003906,0.2344322344322344,173.4922332763672,404.9724833170573,0.6695869837296621,17.08606243133545,20.934041341145832,0.0004060089321965083,17.24056275685628,21.089202880859375,0.0,17.69365692138672,21.77920150756836,0.0,22.287490844726562,44.30063819885254,0.05106888361045126,38.97593371073405,185.10736338297525,0.17780429594272074,17.108455975850422,21.30177179972331,0.0,16.935925483703613,20.780832926432293,0.0,17.456021308898926,21.385447184244793,0.0,17.437776883443195,21.454345703125,0.0003818251240931665,17.400381088256836,21.335664749145508,0.0,17.010499636332195,20.932804107666016,0.0,16.625348409016926,20.365568161010742,0.0,16.96999168395996,21.037390391031902,0.00038580246913580245,17.057278315226238,21.119364420572918,0.00038491147036181735,17.113030115763348,20.879536946614582,0.0,16.739715258280437,20.537994384765625,0.0,405.72576904296875,382.5191294352214,4.333333333333333,0.17333333333333334
2025-03-01 23:20:00,sample_data/synthetic_test/phase_02/synthetic_20250301_232000.tif,synthetic_test,184,ok,23.838374455769856,14.332478841145834,21.250699996948242,336.8701578776042,449.4018961588542,0.04582536334951853,13.987929344177246,17.851404190063477,0.0,14.259172439575195,18.172828992207844,0.0,20.45708401997884,19.0343017578125,0.02512562814070354,58.473714192708336,346.0205078125,0.15942028985507248,13.947712262471518,17.761849403381348,0.0,14.155996958414713,18.09720802307129,0.0,14.594783782958984,18.510408401489258,0.0,61.663167317708336,317.43133544921875,0.22792022792022792,159.1012929280599,389.2807108561198,0.6495619524405507,14.050549507141113,17.922770182291668,0.0,14.078080495198568,17.935333251953125,0.0,14.521204630533854,18.526227315266926,0.0,16.462714831034344,20.66180674235026,0.025732383214568447,25.74792702992757,116.93429819742839,0.1165473349244232,14.058574040730795,18.245096842447918,0.0,13.918194770812988,17.633697191874187,0.0,14.35539182027181,18.32999038696289,0.0,14.29448668162028,18.34010410308838,0.0,14.311606089274088,18.351289749145508,0.0,13.911717732747396,17.98514397939046,0.0,13.609535535176596,17.443976084391277,0.0,14.101043383280436,17.983463605244953,0.0,14.111775716145834,18.086802164713543,0.0,13.989977518717447,17.755839029947918,0.0,13.705279986063639,17.541229248046875,0.0,392.7659098307292,380.53528849283856,4.0,0.16
2025-03-01 23:25:00,sample_data/synthetic_test/phase_02/synthetic_20250301_232500.tif,synthetic_test,185,ok,19.807357788085938,10.797770182291666,17.083862622578938,326.76743570963544,445.3203125,0.04314417905079537,10.410653114318848,14.2139040629069,0.0,10.72321112950643,14.633387883504232,0.0,19.05394744873047,15.759541829427084,0.031407035175879415,69.18624623616536,389.82786051432294,0.20375106564364875,10.413244247436523,14.222860018412272,0.0,10.517467975616455,14.491828918457031,0.0,10.845815658569336,14.76268736521403,0.0,51.67329025268555,290.37647501627606,0.2104192104192104,140.52569580078125,377.66579182942706,0.621610346266166,10.599478244781494,14.5616455078125,0.0,10.523948828379313,14.3671875,0.0,10.910575071970621,14.96015453338623,0.0,11.520018259684244,15.593913078308105,0.009105304829770351,15.812927722930908,59.40778954823812,0.06125696101829751,10.588190396626791,14.636140823364258,0.0,10.509398937225342,14.326727231343588,0.0,10.767324924468994,14.93552017211914,0.0,10.770264148712158,14.8988037109375,0.0,10.742095947265625,14.791914939880371,0.0,10.366799513498941,14.355127016703287,0.0,10.186222235361734,14.083390235900879,0.0,10.740565299987793,14.625651041666666,0.0,10.609850883483887,14.581593831380209,0.0,10.53710667292277,14.335479736328125,0.0,10.30272356669108,14.189229329427084,0.0,389.82786051432294,383.746826171875,3.6666666666666665,0.14666666666666664
2025-03-01 23:30:00,sample_data/synthetic_test/phase_02/synthetic_20250301_233000.tif,synthetic_test,186,ok,15.431554794311523,7.0303955078125,12.970491727193197,310.7052917480469,433.9817708333333,0.040250461850344144,6.763155301411946,10.533093293507894,0.0,7.054866870244344,10.800823847452799,0.0,16.005640665690105,12.079193115234375,0.03559463986599667,74.5309575398763,383.5291035970052,0.24595055413469735,6.792592763900757,10.59060271581014,0.0,6.823208570480347,10.632974942525228,0.0,7.004388809204102,10.925008296966553,0.0,41.14849090576172,256.9165954589844,0.185999185999186,119.49787902832031,367.1065979003906,0.5707133917396745,6.9878222942352295,10.8507080078125,0.0,6.892352183659871,10.733072916666666,0.0,7.121478796005249,11.051709175109863,0.0,7.272873163223267,11.279138406117758,0.0015835312747426392,8.757364432017008,23.14882818857829,0.023468575974542546,6.916374683380127,10.871392726898193,0.0,6.909373601277669,10.78026533126831,0.0,7.0414806207021075,11.097483158111572,0.0,7.1114598115285235,11.092708269755045,0.0,6.952727715174357,10.916145960489908,0.0,6.820226828257243,10.67499574025472,0.0,6.658504803975423,10.38095474243164,0.0,7.030566771825154,10.875596205393473,0.0,6.882842779159546,10.706583658854166,0.0,6.912253379821777,10.744130452473959,0.0,6.792383591334025,10.612823486328125,0.0,383.5291035970052,375.31785074869794,3.3333333333333335,0.13333333333333333
2025-03-01 23:35:00,sample_data/synthetic_test/phase_02/synthetic_20250301_233500.tif,synthetic_test,187,ok,11.660087903340658,3.9965413411458335,9.295841375986734,293.7682393391927,426.217041015625,0.03652296172772901,3.969947099685669,7.326586882273356,0.0,4.1340335210164385,7.614223162333171,0.0,12.267937978108725,8.97003173828125,0.03643216080402012,74.53384908040364,376.65130615234375,0.2762148337595908,3.9274166027704873,7.21541961034139,0.0,3.9728837807973227,7.476057688395183,0.0,4.078391869862874,7.698795636494954,0.0,32.31933085123698,230.05609130859375,0.15547415547415547,98.72430928548177,354.06995646158856,0.4935335836462244,4.080839276313782,7.612833658854167,0.0,4.051544586817424,7.544911702473958,0.0,4.185845534006755,7.889967918395996,0.0,4.23857855796814,7.83343521753947,0.0,4.511234124501546,8.347522099812826,0.004773269689737452,3.9450167417526245,7.400130112965901,0.0,4.022471189498901,7.61648162206014,0.0,4.106889645258586,7.889062404632568,0.0,4.1495130856831866,7.720646222432454,0.0,3.9990530808766684,7.588008721669515,0.0,3.992462635040283,7.404760678609212,0.0,3.9049764474232993,7.205637454986572,0.0,4.075066049893697,7.625744660695394,0.0,3.955753723780314,7.527323404947917,0.0,4.038076361020406,7.515614827473958,0.0,3.977777679761251,7.564860026041667,0.0,376.65130615234375,365.3606313069661,3.0,0.12
2025-03-01 23:40:00,sample_data/synthetic_test/phase_02/synthetic_20250301_234000.tif,synthetic_test,188,ok,9.571646054585775,2.9288330078125,7.934912204742432,266.8600311279297,412.4626871744792,0.03227230369316789,3.07489013671875,6.480045636494954,0.0,3.057024081548055,6.501047770182292,0.0,9.515470186869303,8.047963460286459,0.035594639865996675,69.5621223449707,351.3919270833333,0.2885763000852515,2.9227782487869263,6.140437920888265,0.0,3.0469277699788413,6.606608072916667,0.0,3.080265919367472,6.745646158854167,0.0,26.32923126220703,200.834228515625,0.12657712657712658,79.71772384643555,338.1930338541667,0.4038381309970797,3.016356269518534,6.404500325520833,0.0,3.0508432388305664,6.505198160807292,0.0,3.1797730127970376,6.83807373046875,0.0,3.1825760205586753,6.737675031026204,0.0,3.188909371693929,6.966978073120117,0.0,2.9206079244613647,6.3903584480285645,0.0,3.0541321436564126,6.562947591145833,0.0,3.0629336833953857,6.654774983723958,0.0,3.0633923212687173,6.624454816182454,0.0,2.986881415049235,6.508260091145833,0.0,3.036388397216797,6.486942609151204,0.0,2.969759146372477,6.153883775075276,0.0,3.092594265937805,6.666762193044026,0.0,2.9867285092671714,6.538187662760417,0.0,3.0621550480524697,6.506520589192708,0.0,2.9827144543329873,6.470458984375,0.0,352.09751383463544,344.79248046875,3.0,0.12
2025-03-01 23:45:00,sample_data/synthetic_test/phase_02/synthetic_20250301_234500.tif,synthetic_test,189,ok,9.325945218404135,3.9574788411458335,8.655045668284098,231.76419576009116,401.6996663411458,0.02769467196364053,4.03289794921875,7.476660251617432,0.0,3.971463362375895,7.798425356547038,0.0,8.617768287658691,8.868947347005209,0.03140703517587942,60.84238052368164,323.39940388997394,0.2770673486786019,3.917603850364685,7.318320910135905,0.0,4.015522241592407,7.77379576365153,0.0,4.137405792872111,7.802409013112386,0.0,23.021883646647137,168.88942209879556,0.10175010175010175,63.71813456217448,309.2257486979167,0.32290362953692114,3.9845066467920938,7.4852294921875,0.0,4.009816884994507,7.615000406901042,0.0,4.167871872584025,7.920943260192871,0.0,4.169077157974243,7.925390720367432,0.0,4.182815074920654,7.704065004984538,0.0,3.9410316546758017,7.532885551452637,0.0,4.079369068145752,7.602179050445557,0.0,4.044601917266846,7.8060323397318525,0.0,4.047195355097453,7.812467575073242,0.0,4.0242273807525635,7.604516665140788,0.0,3.9382975896199546,7.527046839396159,0.0,3.9536499977111816,7.1897867520650225,0.0,4.109506805737813,7.769240379333496,0.0,4.066672881444295,7.7020263671875,0.0,4.074009855588277,7.573801676432292,0.0,3.9386175870895386,7.500417073567708,0.0,324.10499064127606,316.3125762939453,3.0,0.12
2025-03-01 23:50:00,sample_data/synthetic_test/phase_02/synthetic_20250301_235000.tif,synthetic_test,190,ok,9.896701176961264,6.034749348958333,10.78612486521403,177.34146118164062,369.0928955078125,0.022904507332385114,5.972610076268514,9.797570705413818,0.0,5.909324407577515,10.108723958333334,0.0,9.174117088317871,11.059488932291666,0.026800670016750443,47.890462239583336,267.664306640625,0.24040920716112535,5.908214092254639,9.81450621287028,0.0,6.000740607579549,10.095670700073242,0.0,6.217796881993611,10.216145833333334,0.0,20.599450429280598,123.17803955078125,0.08099308099308099,48.53345743815104,262.1440836588542,0.2574050896954526,6.023099899291992,9.8211669921875,0.0,5.9399934609731035,9.95465087890625,0.0,6.08528200785319,10.141127586364746,0.0,6.264738162358602,10.401487191518148,0.0,6.260000387827556,10.152262369791666,0.0,6.0247483253479,10.10025405883789,0.0,6.026019652684529,9.92930523554484,0.0,6.0973429679870605,10.145039717356363,0.0,6.097839832305908,10.175341924031576,0.0,5.9788429737091064,9.854687531789144,0.0,5.923721790313721,9.858927408854166,0.0,5.906012455622355,9.528810501098633,0.0,6.076747894287109,10.103617350260416,0.0,6.051728010177612,9.956807454427084,0.0,6.1305131912231445,9.969635009765625,0.0,5.880117813746135,9.606974283854166,0.0,268.36989339192706,264.90419514973956,3.0,0.12
2025-03-01 23:55:00,sample_data/synthetic_test/phase_02/synthetic_20250301_235500.tif,synthetic_test,191,ok,10.221853892008463,7.6788330078125,12.245304425557455,119.50856526692708,353.6354573567708,0.017918158484149956,7.53405777613322,11.400366147359213,0.0,7.594594478607178,11.873276710510254,0.0,11.085012435913086,12.617421468098959,0.02512562814070354,34.141048431396484,198.79173533121744,0.18925831202046037,7.475641409556071,11.439249992370605,0.0,7.5399675369262695,11.623469988505045,0.0,7.913501580556233,11.8828125,0.0,18.07709312438965,71.05581474304199,0.06308506308506308,35.16545613606771,195.54415639241537,0.19691280767626199,7.678631623586019,11.582438151041666,0.0,7.521623770395915,11.638895670572916,0.0,7.639096260070801,11.766778628031412,0.0,8.02320384979248,12.225992838541666,0.0,7.95867125193278,12.071868896484375,0.0,7.712380727132161,11.795798619588217,0.0,7.579405307769775,11.532318433125814,0.0,7.788629690806071,11.900290807088217,0.0,7.815840244293213,11.944612820943197,0.0,7.598258177439372,11.480098406473795,0.0,7.545648733774821,11.463541666666666,0.0,7.473947048187256,11.169734636942545,0.0,7.578675270080566,11.526902198791504,0.0,7.647529284159343,11.532755533854166,0.0,7.7459797859191895,11.603739420572916,0.0,7.460459232330322,11.353281656901041,0.0,201.76996612548828,197.1679458618164,2.6666666666666665,0.10666666666666665
2025-03-02 00:00:00,sample_data/synthetic_test/phase_02/synthetic_20250302_000000.tif,synthetic_test,192,ok,10.247193972269693,8.435791015625,12.881575584411621,76.82508214314778,355.6736246744792,0.014419539948011187,8.312620957692465,12.269384702046713,0.0,8.450738112131754,12.438051223754883,0.0,13.2542511622111,13.841166178385416,0.027638190954773892,25.54819170633952,151.82288360595703,0.14748508098891733,8.172389507293701,12.064901034037272,0.0,8.338045279184977,12.403848965962728,0.0,8.627415339152018,12.663012504577637,0.0,15.312884648640951,33.59591929117838,0.047619047619047616,27.99610964457194,164.85684967041016,0.15978306216103463,8.502457936604818,12.334187825520834,0.0,8.308278878529867,12.390645345052084,0.0,8.482650438944498,12.516314824422201,0.0,8.839549700419107,13.035803159077963,0.0,8.79876708984375,12.83697509765625,0.0,8.41382884979248,12.377655029296875,0.0,8.24060614903768,12.206345876057943,0.0,8.599610646565756,12.648976643880209,0.0,8.674871126810709,12.788720766703287,0.0,8.419821421305338,12.307552019755045,0.0,8.338643232981363,12.2569580078125,0.0,8.128234227498373,11.875073115030924,0.0,8.238752047220865,12.07193374633789,0.0,8.344702561696371,12.312052408854166,0.0,8.44011656443278,12.337025960286459,0.0,8.211633682250977,12.106964111328125,0.0,165.09417470296225,158.3398666381836,2.3333333333333335,0.09333333333333332
2025-03-02 00:05:00,sample_data/synthetic_test/phase_02/synthetic_20250302_000500.tif,synthetic_test,193,ok,10.26602872212728,8.223958333333334,12.644596417744955,78.36656061808269,390.0026041666667,0.013405921493615844,8.109137694040934,12.127538998921713,0.0,8.331470012664795,12.211675961812338,0.0,15.187705675760904,13.806447347005209,0.03224455611390287,27.809939702351887,174.92347971598306,0.1359761295822677,7.972572326660156,11.781146367390951,0.0,8.21537446975708,12.093432426452637,0.0,8.376617908477783,12.438167254130045,0.0,12.908807436625162,14.688724835713705,0.035002035002035,31.597102483113606,210.2715326944987,0.15269086357947434,8.283023198445639,12.1944580078125,0.0,8.128819465637207,12.163869222005209,0.0,8.363359292348227,12.316054344177246,0.0,8.559292475382486,12.738452275594076,0.0,8.571282704671225,12.628361066182455,0.0,8.146594524383545,12.090104103088379,0.0,7.98147710164388,11.799497604370117,0.0,8.335610071818033,12.428143501281738,0.0,8.463846842447916,12.726375261942545,0.0,8.243330955505371,12.235245704650879,0.0,8.128160953521729,12.105395634969076,0.0,7.864183743794759,11.664522171020508,0.0,8.040190696716309,11.95187759399414,0.0,8.160503228505453,12.112396240234375,0.0,8.090336799621582,11.999369303385416,0.0,8.051685174306234,12.011922200520834,0.0,210.2715326944987,192.59750620524088,2.0,0.08
2025-03-02 00:10:00,sample_data/synthetic_test/phase_02/synthetic_20250302_001000.tif,synthetic_test,194,ok,10.136884689331055,7.096354166666667,11.552596092224121,135.57185236612955,413.9817708333333,0.015269671554923411,6.9680789311726885,10.989672660827637,0.0,7.201557954152425,10.976574579874674,0.0,15.16710090637207,12.617197672526041,0.03350083752093805,39.366175969441734,261.05869547526044,0.16027280477408357,6.909487724304199,10.808880488077799,0.0,7.159191926320394,10.997599283854166,0.0,7.29381783803304,11.452579816182455,0.0,10.869911829630533,12.766751925150553,0.026455026455026454,44.327942530314125,291.6324869791667,0.18606591572799333,7.062756379445394,11.0130615234375,0.0,6.995512008666992,10.96356201171875,0.0,7.320667902628581,11.240533510843912,0.0,7.303300857543945,11.48382568359375,0.0,7.318499565124512,11.148360252380371,0.0,7.031218369801839,10.935168266296387,0.0,6.87110710144043,10.712365786234537,0.0,7.167592366536458,11.147440910339355,0.0,7.313562393188477,11.564395904541016,0.0,7.1154225667317705,11.221716245015463,0.0,6.957470734914144,10.924996058146158,0.0,6.789174397786458,10.50589370727539,0.0,6.986413955688477,10.880912144978842,0.0,7.024607022603353,10.954854329427084,0.0,6.853030363718669,10.722880045572916,0.0,6.981235504150391,10.806203206380209,0.0,293.4285176595052,276.34559122721356,2.0,0.08
2025-03-02 00:15:00,sample_data/synthetic_test/phase_02/synthetic_20250302_001500.tif,synthetic_test,195,ok,9.65566635131836,5.169270833333333,9.715462366739908,214.2084197998047,431.9618326822917,0.018686546667320617,5.119054953257243,9.053470611572266,0.0,5.335053523381551,9.101991653442383,0.0,13.222235043843588,10.573333740234375,0.03308207705192632,54.94294230143229,340.1249694824219,0.2028985507246377,5.125738938649495,8.998445351918539,0.0,5.314515908559163,9.035278479258219,0.0,5.450221459070842,9.516658624013266,0.0,9.171660900115967,10.337251663208008,0.022792022792022793,61.906088511149086,369.2490641276042,0.23988318731748018,5.136104265848796,8.964436848958334,0.0,5.089812835057576,8.870005289713541,0.0,5.458846728006999,9.224645932515463,0.0,5.405898809432983,9.368825276692709,0.0,5.326183795928955,9.166609764099121,0.0,5.238286892573039,9.091513951619467,0.0,5.062086661656697,8.766141891479492,0.0,5.299462080001831,9.15166441599528,0.0,5.3210422197977705,9.370816866556803,0.0,5.217419703801473,9.28993304570516,0.0,5.066997289657593,8.864396254221598,0.0,5.048153003056844,8.669362227121988,0.0,5.161084334055583,8.989786783854166,0.0,5.141727844874064,8.904500325520834,0.0,4.989837408065796,8.659942626953125,0.0,5.1620767911275225,8.8839111328125,0.0,371.0450948079427,354.687016805013,2.0,0.08
2025-03-02 00:20:00,sample_data/synthetic_test/phase_02/synthetic_20250302_002000.tif,synthetic_test,196,ok,9.283539136250814,3.3046875,7.818416436513265,281.5261484781901,442.560791015625,0.02319878365785473,3.400256395339966,6.983516375223796,0.0,3.4875965118408203,7.020715236663818,0.0,10.224865436553955,8.223052978515625,0.030569514237855967,68.9062271118164,385.3868001302083,0.24722932651321397,3.420980532964071,7.037430604298909,0.0,3.4901580810546875,6.955761909484863,0.0,3.618492523829142,7.249121189117432,0.0,8.098620414733887,7.959647496541341,0.023606023606023607,82.45098495483398,393.04514567057294,0.3174801835627868,3.3146913846333823,6.747395833333333,0.0,3.321346561113993,6.628448486328125,0.0,3.5473641554514566,6.983758608500163,0.0,3.5164485375086465,7.04715363184611,0.0,3.452794671058655,6.9327778816223145,0.0,3.464220484097799,6.908695538838704,0.0,3.3827246824900308,6.762959957122803,0.0,3.4726943572362265,6.911690394083659,0.0,3.505214293797811,7.104516506195068,0.0,3.433233857154846,7.059810161590576,0.0,3.3095905780792236,6.7149128913879395,0.0,3.3500040769577026,6.650221665700276,0.0,3.438910722732544,6.901953220367432,0.0,3.3436328172683716,6.784708658854167,0.0,3.3018412590026855,6.608296712239583,0.0,3.419947703679403,6.779530843098958,0.0,394.84117635091144,389.2159729003906,2.0,0.08
2025-03-02 00:25:00,sample_data/synthetic_test/phase_02/synthetic_20250302_002500.tif,synthetic_test,197,ok,10.385655721028646,3.0590413411458335,7.874495665232341,320.46385701497394,458.318603515625,0.02787450749587196,3.2208147843678794,6.765905698140462,0.0,3.213386058807373,6.754675388336182,0.0,8.166919390360514,7.815287272135417,0.025963149078726988,78.60621134440105,396.24427286783856,0.2783461210571185,3.108194907506307,6.727565288543701,0.0,3.2525205612182617,6.844124476114909,0.0,3.263775587081909,6.856249968210856,0.0,8.279641151428223,7.5718994140625,0.025641025641025644,108.88914489746094,414.8727315266927,0.41134751773049644,3.097891648610433,6.538167317708333,0.0,3.0617122252782187,6.35089111328125,0.0,3.256547689437866,6.699064254760742,0.0,3.295277953147888,6.725693861643474,0.0,3.2413933674494424,6.858801364898682,0.0,3.1382352113723755,6.596268971761067,0.0,3.09332283337911,6.39162810643514,0.0,3.2363044023513794,6.781803448994954,0.0,3.258613665898641,6.78124984105428,0.0,3.1851022640864053,6.766308625539144,0.0,3.0460776487986245,6.526554266611735,0.0,3.0644415616989136,6.460986296335856,0.0,3.2032949924468994,6.704634825388591,0.0,3.0706816911697388,6.537740071614583,0.0,3.144046147664388,6.474405924479167,0.0,3.179439147313436,6.581390380859375,0.0,414.8727315266927,405.5585021972656,2.0,0.08
2025-03-02 00:30:00,sample_data/synthetic_test/phase_02/synthetic_20250302_003000.tif,synthetic_test,198,ok,13.342373212178549,4.987833658854167,10.176733493804932,341.92254638671875,468.3081868489583,0.03250118527964426,4.967044115066528,8.481685320536295,0.0,5.063605229059855,8.620839595794678,0.0,8.16551399230957,9.340922037760416,0.020100502512562835,79.4049580891927,391.34288533528644,0.2851662404092072,4.914958079655965,8.60873794555664,0.0,5.036118189493815,8.673787593841553,0.0,5.15495236714681,8.822216669718424,0.0,10.01568047205607,9.727343877156576,0.026048026048026047,142.3057861328125,423.90380859375,0.5285773884021694,4.880037625630696,8.525146484375,0.0,4.866035183270772,8.353953043619791,0.0,5.082516113917033,8.847760200500488,0.0,5.182844440142314,8.817777474721273,0.0,5.1227430899937945,8.868044058481852,0.0,4.948354760805766,8.499688784281412,0.0,4.7815524737040205,8.231962045033773,0.0,5.085708657900493,8.750018437703451,0.0,5.185245434443156,8.957470734914144,0.0,4.989706714948018,8.598787625630697,0.0,4.800161997477214,8.461966832478842,0.0,4.847218950589498,8.414969762166342,0.0,5.030005216598511,8.620239416758219,0.0,4.918442447980245,8.539276123046875,0.0,4.993103106816609,8.692270914713541,0.0,4.893038829167684,8.3192138671875,0.0,423.90380859375,407.62334696451825,2.0,0.08
2025-03-02 00:35:00,sample_data/synthetic_test/phase_02/synthetic_20250302_003500.tif,synthetic_test,199,ok,17.674194653828938,8.5086669921875,14.266650199890137,356.2178649902344,475.873291015625,0.03673549462945706,8.25857671101888,12.121610323588053,0.0,8.478987534840902,12.290849049886068,0.0,10.047527154286703,12.903432210286459,0.01340033500837523,71.1189079284668,355.3987630208333,0.26555839727195224,8.263581116994223,12.28824265797933,0.0,8.44404125213623,12.47324244181315,0.0,8.69813330968221,12.829011917114258,0.0,12.77420743306478,13.56493345896403,0.025234025234025237,180.09208170572916,437.8356628417969,0.6483103879849813,8.254212856292725,12.192708333333334,0.0,8.250165621439615,12.201629638671875,0.0,8.629831631978353,12.895050048828125,0.0,8.768521785736084,12.895684878031412,0.0,10.615094820658365,13.744458198547363,0.01471758154335718,8.363307317097982,12.314446767171225,0.0,8.07170311609904,11.920316378275553,0.0,8.563870588938395,12.60801633199056,0.0,8.609323024749756,12.7064208984375,0.0,8.475648085276285,12.457108815511068,0.0,8.170428593953451,12.201708793640137,0.0,8.115643501281738,11.9598388671875,0.0,8.369810104370117,12.307741165161133,0.0,8.378716627756754,12.4171142578125,0.0,8.309306462605795,12.349802652994791,0.0,8.167702356974283,11.914276123046875,0.0,437.8356628417969,396.6172129313151,2.0,0.08
2025-03-02 00:40:00,sample_data/synthetic_test/phase_02/synthetic_20250302_004000.tif,synthetic_test,200,ok,22.06646728515625,12.226521809895834,18.329328854878742,364.4372151692708,479.9053955078125,0.04052838949106544,11.83037249247233,15.77880064646403,0.0,12.133685111999512,15.959729194641113,0.0,12.828500429789225,16.415364583333332,0.007956448911222802,56.95081075032552,291.2123718261719,0.22975277067348676,11.870547612508139,15.792895952860514,0.0,12.153279622395834,16.07895501454671,0.0,12.58071772257487,16.780907948811848,0.0,15.496417681376139,17.36464850107829,0.023606023606023607,211.77680460611978,443.82533772786456,0.7492699207342511,11.91494337717692,15.826416015625,0.0008120178643930166,11.900209108988443,15.912801106770834,0.0,12.487176259358725,16.888747215270996,0.0,12.628894805908203,16.781449635823567,0.0,22.363075892130535,92.12767855326335,0.049721559268098625,12.071136792500814,16.07355499267578,0.0,11.788673718770346,15.683015505472818,0.0,12.275653839111328,16.333362261454266,0.0,12.3072141011556,16.444962819417317,0.0,12.224187215169271,16.231958389282227,0.0,11.857679684956869,15.847285588582357,0.0,11.710539182027182,15.585237503051758,0.0,11.98367977142334,15.904093424479166,0.0,12.072054227193197,16.090504964192707,0.0,11.873306274414062,15.913818359375,0.0,11.76321792602539,15.623036702473959,0.0,443.82533772786456,372.8958155314128,2.3333333333333335,0.09333333333333332
2025-03-02 00:45:00,sample_data/synthetic_test/phase_02/synthetic_20250302_004500.tif,synthetic_test,201,ok,25.93253517150879,15.603271484375,21.978124618530273,366.7295633951823,484.9565836588542,0.04371638301698629,15.202079772949219,19.287243843078613,0.00043010752688172043,15.491890589396158,19.415543874104817,0.0,15.74325434366862,19.766042073567707,0.003350083752093823,43.0396302541097,211.46586100260416,0.18201193520886616,15.094968477884928,19.001845677693684,0.0,15.569191296895346,19.460749944051106,0.0,16.019325574239094,20.114941279093426,0.0,17.818135897318523,20.494347890218098,0.01912901912901913,226.6253916422526,439.8099873860677,0.8160200250312891,15.366587003072103,19.167561848958332,0.0016240357287860333,15.219468434651693,19.244384765625,0.0,15.988426526387533,20.43536376953125,0.0,16.195390383402508,20.33451779683431,0.0,43.53180249532064,228.71791903177896,0.1129673826571201,15.433605194091797,19.48298708597819,0.0,15.282681465148926,19.089296340942383,0.0,15.584715525309244,19.59283701578776,0.0,15.664442380269369,19.676904678344727,0.0,15.606560707092285,19.61284637451172,0.0,15.212286631266275,19.140445709228516,0.0,15.024980862935385,18.79148769378662,0.0,15.279249827067057,19.33580716451009,0.0,15.395134925842285,19.419942220052082,0.0,15.190707842508951,19.012563069661457,0.0,15.071195602416992,18.96246337890625,0.0,439.8099873860677,379.62613677978516,2.6666666666666665,0.10666666666666665
2025-03-02 00:50:00,sample_data/synthetic_test/phase_02/synthetic_20250302_005000.tif,synthetic_test,202,ok,29.157825469970703,18.447021484375,25.31702486673991,370.75815836588544,490.697021484375,0.04698611996664869,18.006949424743652,22.190889994303387,0.0012903225806451613,18.414329210917156,22.436228434244793,0.0008547008547008732,18.56056276957194,22.601552327473957,0.0008375209380234714,32.7147019704183,132.33411407470703,0.13213981244671782,17.79901377360026,21.605674107869465,0.0,18.364418665568035,22.224145253499348,0.0,18.88812192281087,22.833341598510742,0.0,19.853480021158855,23.30268096923828,0.017094017094017096,223.83553568522134,433.2789001464844,0.853566958698373,18.2814359664917,22.083333333333332,0.0028420625253755584,18.080437660217285,22.092030843098957,0.0008169934640522876,18.870438893636067,23.18827946980794,0.0012224938875305808,19.152655283610027,23.34672673543294,0.0027711797307996464,73.84285481770833,378.6597137451172,0.19570405727923626,18.256284713745117,22.248170852661133,0.001176470588235293,18.18427848815918,21.99989636739095,0.0,18.357779184977215,22.38891855875651,0.0011627906976744186,18.503398577372234,22.43262545267741,0.0007636502481863319,18.41767183939616,22.395756403605144,0.0,18.038255373636883,21.9197998046875,0.0,17.757431983947754,21.471028645833332,0.0,17.991454760233562,22.058408737182617,0.00038580246913580245,18.132778485616047,22.097015380859375,0.0,17.938546180725098,21.829203287760418,0.0,17.785692532857258,21.679901123046875,0.00037622272385252035,448.54042561848956,405.9693069458008,3.0,0.12
2025-03-02 00:55:00,sample_data/synthetic_test/phase_02/synthetic_20250302_005500.tif,synthetic_test,203,ok,31.59831937154134,20.582438151041668,27.88265037536621,375.8140360514323,494.0885009765625,0.05125312668595811,20.08738390604655,24.49401092529297,0.0034408602150537634,20.620859781901043,24.713757197062176,0.0025641025641025827,20.765905380249023,24.885213216145832,0.005862646566164175,26.282480239868164,70.56991958618164,0.0784313725490196,19.914777755737305,23.808963775634766,0.0008460236886632825,20.418256123860676,24.237019856770832,0.0008159934720522189,21.00994110107422,24.944637298583984,0.005656565656565676,21.564014434814453,25.46674346923828,0.019536019536019536,208.60266621907553,423.8219502766927,0.8610763454317897,20.481882095336914,24.21875,0.0032480714575720666,20.32956822713216,24.233957926432293,0.004493464052287582,20.941740036010742,25.182657877604168,0.004889975550122268,21.314603169759113,25.466691335042317,0.007917656373713344,108.0047378540039,453.71205647786456,0.29276054097056486,20.43505795796712,24.270652135213215,0.005490196078431372,20.31303342183431,24.08596420288086,0.0011990407673860906,20.503088633219402,24.431280771891277,0.0027131782945736434,20.692455291748047,24.536800384521484,0.003436426116838489,20.549750645955402,24.48863919576009,0.0015816528272044287,20.177016576131184,23.991597493489582,0.0003935458480913032,19.72657521565755,23.387951532999676,0.0019201228878648238,20.05813471476237,24.10210355122884,0.0015432098765432098,20.211917241414387,24.220062255859375,0.0023094688221709015,19.998814900716145,23.952463785807293,0.0003849114703618165,19.812007268269856,23.549479166666668,0.0015048908954100823,454.9965413411458,438.7670033772786,2.6666666666666665,0.10666666666666665
2025-03-02 01:00:00,sample_data/synthetic_test/phase_02/synthetic_20250302_010000.tif,synthetic_test,204,ok,33.137943267822266,21.859334309895832,29.664437611897785,381.40647379557294,496.7821044921875,0.056517403174914584,21.280670801798504,25.672917048136394,0.0038709677419354843,21.847923914591473,25.886383056640625,0.005982905982906001,22.115788141886394,26.076202392578125,0.010887772194304876,23.248050689697266,35.73328653971354,0.04092071611253197,21.181895573933918,25.18312136332194,0.0038071065989847713,21.65688959757487,25.63562838236491,0.004487964096287225,22.27212651570638,26.277433395385742,0.013737373737373756,22.672202428181965,26.91743532816569,0.02849002849002849,190.1925303141276,419.51361083984375,0.8406341259908219,21.784859975179035,25.5946044921875,0.0060901339829476245,21.6693115234375,25.56793212890625,0.006944444444444445,22.18915621439616,26.291717529296875,0.01385493072534639,22.55080731709798,26.720740000406902,0.019002375296912077,138.37290954589844,471.5799967447917,0.388623707239459,22.01621945699056,25.734663645426433,0.014117647058823526,21.533440272013348,25.384145100911457,0.001998401278976818,21.904436111450195,25.801523844401043,0.006201550387596899,21.98448944091797,25.902262369791668,0.01069110347460863,21.923776626586914,25.872655868530273,0.004744958481613286,21.412662506103516,25.2413330078125,0.0023612750885478166,20.867509206136067,24.523958206176758,0.0023041474654377885,21.293087005615234,25.2528076171875,0.0038580246913580245,21.44992192586263,25.320088704427082,0.003079291762894535,21.24201838175456,25.315755208333332,0.002694380292532717,21.07505162556966,24.833333333333332,0.004514672686230248,471.5799967447917,445.5468037923177,2.3333333333333335,0.09333333333333332
2025-03-02 01:05:00,sample_data/synthetic_test/phase_02/synthetic_20250302_010500.tif,synthetic_test,205,ok,33.54815673828125,22.181396484375,32.68125915527344,380.84210205078125,496.0746663411458,0.058593686137950206,21.59732182820638,25.800077438354492,0.0038709677419354843,22.093741099039715,26.067954381306965,0.007692307692307711,22.467098871866863,26.327504475911457,0.012562814070351778,22.17930857340495,26.33032290140788,0.01662404092071611,21.513542811075848,25.546254475911457,0.004653130287648054,21.97703679402669,25.930745442708332,0.005711954304365561,22.53299077351888,26.60362943013509,0.01494949494949497,23.00520896911621,27.284521102905273,0.030932030932030934,171.49473571777344,412.6858418782552,0.7851481017939091,22.106940587361652,25.956583658854168,0.005278116118554607,21.97445551554362,25.912322998046875,0.006535947712418302,22.53038279215495,26.60818036397298,0.015077424612876951,22.96289316813151,27.15141423543294,0.024544734758511443,159.8771718343099,467.89353434244794,0.4817024661893397,22.76731808980306,26.35602378845215,0.018431372549019606,21.762828191121418,25.611366907755535,0.001998401278976818,22.33331362406413,26.13984743754069,0.00813953488372093,22.350241978963215,26.44236691792806,0.01489117983963345,22.27577781677246,26.29766845703125,0.005931198102016608,21.65576680501302,25.61763064066569,0.002754820936639119,21.21029281616211,25.039357503255207,0.003072196620583718,21.589122772216797,25.528717041015625,0.004243827160493827,21.73852793375651,25.61871337890625,0.003464203233256352,21.689059575398762,25.758880615234375,0.004234026173979984,21.384511311848957,25.184682210286457,0.004138449962377727,467.89353434244794,440.28968811035156,2.0,0.08
2025-03-02 01:10:00,sample_data/synthetic_test/phase_02/synthetic_20250302_011000.tif,synthetic_test,206,ok,32.9554189046224,21.573771158854168,32.30815505981445,378.44883219401044,497.3246663411458,0.0566808900223977,21.071564356486004,25.045320510864258,0.002150537634408602,21.435699462890625,25.511010487874348,0.005982905982906001,21.759737650553387,25.459879557291668,0.006700167504187626,21.490546544392902,25.636025110880535,0.0076726342710997444,21.02081298828125,25.010508219401043,0.0038071065989847713,21.339459737141926,25.3067626953125,0.004895960832313337,21.819023768107098,25.885913213094074,0.009292929292929311,22.361799240112305,26.561543782552082,0.021571021571021573,157.97796122233072,413.68262736002606,0.7067167292448895,21.447383244832356,25.411417643229168,0.004060089321965083,21.405673344930012,25.371063232421875,0.0032679738562091504,21.926081975301106,26.038150787353516,0.01263243683781583,22.410539627075195,26.819488525390625,0.022961203483768764,171.65448506673178,468.3572591145833,0.5600636435958631,22.55090077718099,25.934777577718098,0.018431372549019606,21.118833541870117,25.04184405008952,0.0007993605115907267,21.70104153951009,25.580020904541016,0.0069767441860465115,21.80845578511556,26.071712493896484,0.012982054219167623,21.637169520060223,25.71537717183431,0.004349545274812179,21.013634363810223,25.023095448811848,0.0023612750885478166,20.701831181844074,24.61328125,0.001536098310291859,20.999154408772785,24.98332913716634,0.003472222222222222,21.157656987508137,24.98785400390625,0.0011547344110854508,21.25174840291341,25.300984700520832,0.003849114703618168,20.744705200195312,24.671244303385418,0.0030097817908201646,468.3572591145833,441.0199432373047,2.0,0.08
2025-03-02 01:15:00,sample_data/synthetic_test/phase_02/synthetic_20250302_011500.tif,synthetic_test,207,ok,31.304524739583332,20.096354166666668,30.605371475219727,374.9638366699219,496.0981038411458,0.05211960697761866,19.664311091105144,23.58948580423991,0.0012903225806451613,19.936734517415363,23.970645904541016,0.0025641025641025823,20.168793360392254,23.842244466145832,0.001675041876046922,20.104910532633465,24.230586369832356,0.0029838022165387893,19.71394220987956,23.670572916666668,0.0008460236886632831,19.795305887858074,23.652929941813152,0.0012239902080783307,20.27587827046712,24.403963724772137,0.0012121212121212306,20.773932774861652,24.935937881469727,0.008547008547008546,146.12073771158853,412.74399820963544,0.6257822277847309,19.824220021565754,23.7508544921875,0.0004060089321965083,20.02062225341797,23.871734619140625,0.0008169934640522876,20.455921173095703,24.550445556640625,0.0036674816625917057,20.850099563598633,25.13882064819336,0.011876484560570034,175.59314473470053,462.72314453125,0.6145584725536993,21.5745849609375,24.349971135457356,0.016470588235294115,19.707956949869793,23.61360740661621,0.0,20.111218134562176,24.072625478108723,0.0034883720930232558,20.40001042683919,24.557650248209637,0.005727376861397481,20.109004974365234,24.278857549031574,0.0011862396204033213,19.588532129923504,23.633589426676433,0.0003935458480913032,19.25157292683919,23.152400334676106,0.0011520737327188942,19.550564448038738,23.584893544514973,0.0011574074074074073,19.760882059733074,23.709635416666668,0.00038491147036181735,19.859864552815754,23.802490234375,0.0019245573518090837,19.338414510091145,23.18121337890625,0.0,462.72314453125,437.7335713704427,2.0,0.08
2025-03-02 01:20:00,sample_data/synthetic_test/phase_02/synthetic_20250302_012000.tif,synthetic_test,208,ok,28.710664749145508,17.825520833333332,25.456087112426758,369.0379231770833,491.6145833333333,0.048833521343207946,17.43310483296712,21.414143880208332,0.00043010752688172043,17.649174690246582,21.63279851277669,0.0,17.70364284515381,21.525624593098957,0.0,17.882119178771973,21.938907623291016,0.0004262574595055414,17.60761260986328,21.687591552734375,0.0,17.52090867360433,21.449983596801758,0.0,17.91926383972168,21.988012949625652,0.0,18.27783457438151,22.447758356730144,0.000407000407000407,130.5645014444987,404.9168395996094,0.5415102211097205,17.451663653055828,21.395833333333332,0.0,17.735706011454266,21.631510416666668,0.0004084967320261438,18.189934412638348,22.445255915323894,0.0012224938875305808,18.419373512268066,22.617421468098957,0.0035629453681709842,178.2550811767578,455.6094970703125,0.6575178997613365,19.935333251953125,21.974393208821613,0.0192156862745098,17.529170989990234,21.44580332438151,0.0,17.750320434570312,21.84700075785319,0.0003875968992248062,18.163411776224773,22.331445693969727,0.000763650248186333,17.809988021850586,21.937528610229492,0.0,17.4192050298055,21.426485061645508,0.0,16.981245358784992,20.67636235555013,0.00038402457757296494,17.350824038187664,21.39086087544759,0.00038580246913580245,17.632838249206543,21.627583821614582,0.0,17.616378784179688,21.463724772135418,0.0003849114703618165,17.186612447102863,20.987833658854168,0.0,455.6094970703125,430.26316833496094,2.0,0.08
2025-03-02 01:25:00,sample_data/synthetic_test/phase_02/synthetic_20250302_012500.tif,synthetic_test,209,ok,25.28819402058919,14.845499674479166,21.8128662109375,361.7178141276042,488.779541015625,0.04664279758693413,14.511346499125162,18.45692539215088,0.0,14.618478457132975,18.509851455688477,0.0,14.652544339497885,18.576182047526043,0.0,14.820334752400717,18.78949801127116,0.0,14.651875813802084,18.626206398010254,0.0,14.598557472229004,18.467692057291668,0.0,14.874011357625326,19.00328763326009,0.0,15.097187678019205,19.32377529144287,0.0,106.17834218343098,367.24965413411456,0.4580725907384231,14.542643229166666,18.485270182291668,0.0,14.62580140431722,18.594411214192707,0.0,15.178828557332357,19.36723868052165,0.0,15.288729031880697,19.36942958831787,0.0,185.22872924804688,450.22934977213544,0.6909307875894988,17.891435623168945,19.054278055826824,0.02274509803921568,14.58801555633545,18.493589719136555,0.0,14.697426478068033,18.80940119425456,0.0,15.041253089904785,19.116154352823894,0.0,14.804288864135742,18.905668258666992,0.0,14.531813303629557,18.511722882588703,0.0,14.102102279663086,17.767508506774902,0.0,14.456611633300781,18.470863978068035,0.0,14.75178050994873,18.742828369140625,0.0,14.628164609273275,18.504954020182293,0.0003849114703618165,14.274547259012857,17.981099446614582,0.0,450.22934977213544,408.739501953125,2.0,0.08
2025-03-02 01:30:00,sample_data/synthetic_test/phase_02/synthetic_20250302_013000.tif,synthetic_test,210,ok,21.26007143656413,11.337687174479166,17.801570892333984,355.16404215494794,482.3663330078125,0.04417414618993903,11.151002724965414,15.066821098327637,0.0,11.153254826863607,15.152095794677734,0.0,11.223253091176352,15.255218505859375,0.0,11.26149813334147,15.196732838948568,0.0,11.088263352711996,15.03909715016683,0.0,11.153925895690918,15.012149810791016,0.0,11.340056578318277,15.475878397623697,0.0,11.460402011871338,15.570910453796387,0.0,77.52192942301433,309.67352803548175,0.36253650396328746,11.13565969467163,15.159749348958334,0.0,10.977437655131022,14.906463623046875,0.0,11.534351189931234,15.745642026265463,0.0,11.698504288991293,15.871396700541178,0.0,192.33172607421875,446.81346638997394,0.7167859984089101,15.609513918558756,15.995306015014648,0.02666666666666666,11.071015199025473,14.970967928568522,0.0,11.162723064422607,15.294470151265463,0.0,11.347907225290934,15.432299931844076,0.0,11.361137708028158,15.336894035339355,0.0035587188612099647,11.132993539174398,15.176936785380045,0.0,10.78275458017985,14.58877150217692,0.0,11.128513018290201,15.078157742818197,0.0,11.25615660349528,15.233083089192709,0.0,11.136564095815023,14.86346435546875,0.0,10.773249785105387,14.544921875,0.0,446.81346638997394,378.24349721272785,2.0,0.08
2025-03-02 01:35:00,sample_data/synthetic_test/phase_02/synthetic_20250302_013500.tif,synthetic_test,211,ok,16.861618041992188,7.552978515625,13.593758265177408,344.74156697591144,472.8941243489583,0.04121503425049455,7.508248885472615,11.385835647583008,0.0,7.486686547597249,11.436193784077963,0.0,7.53661306699117,11.434885660807291,0.0,7.498902956644694,11.304718017578125,0.0,7.31143856048584,11.107287565867106,0.0,7.44764256477356,11.217179298400879,0.0,7.574059883753459,11.73317035039266,0.0,7.6390769481658936,11.707267125447592,0.0,50.76891581217448,237.50614420572916,0.2711722987067168,7.4039045969645185,11.260457356770834,0.0,7.214834610621135,10.896250406901041,0.0,7.650355736414592,11.666399955749512,0.0,7.780085563659668,12.00292174021403,0.0,191.8281504313151,443.56333414713544,0.718774860779634,13.381731033325195,12.852921485900879,0.030588235294117642,7.318352063496907,11.0845095316569,0.0,7.433129707972209,11.53092877070109,0.0,7.5106814702351885,11.470833460489908,0.0,8.8749311765035,11.860428810119629,0.013444049031237644,7.497773726781209,11.439172426859537,0.0,7.293610016504924,11.229097684224447,0.0,7.558227459589641,11.478161652882894,0.0,7.429603258768718,11.283864339192709,0.0,7.350091139475505,11.004536946614584,0.0,7.089899619420369,10.799062093098959,0.0,443.56333414713544,340.5347391764323,2.0,0.08
2025-03-02 01:40:00,sample_data/synthetic_test/phase_02/synthetic_20250302_014000.tif,synthetic_test,212,ok,12.761542956034342,4.315999348958333,9.667187531789144,325.4579671223958,460.521728515625,0.037258652541403044,4.427511056264241,7.879431088765462,0.0,4.410873770713806,7.867114384969075,0.0,4.426693518956502,7.921864827473958,0.0,4.415438771247864,7.815482457478841,0.0,4.237450122833252,7.7609333992004395,0.0,4.319779475529988,7.807470480600993,0.0,4.433836817741394,8.054532845815023,0.0,4.432518760363261,7.993737697601318,0.0,29.467627207438152,162.67724100748697,0.18481435127242388,4.253735582033793,7.7803955078125,0.0,4.190632740656535,7.536020914713542,0.0,4.420780221621196,7.99350372950236,0.0,4.535416603088379,8.305904229482016,0.0,177.3258056640625,431.5193277994792,0.6869530628480508,11.782777786254883,10.11221710840861,0.036470588235294116,4.241960525512695,7.590828577677409,0.0,4.343759059906006,8.009529749552408,0.0,4.355478485425313,7.837158203125,0.0,8.778231779734293,8.770487308502197,0.025701858442071967,4.376132686932881,7.9206868807474775,0.0,4.278479258219401,7.906012058258057,0.0,4.446372826894124,7.98376448949178,0.0,4.286343415578206,7.763020833333333,0.0,4.252203106880188,7.458119710286458,0.0,4.133860985438029,7.468129475911458,0.0,431.5193277994792,297.0982844034831,2.0,0.08
2025-03-02 01:45:00,sample_data/synthetic_test/phase_02/synthetic_20250302_014500.tif,synthetic_test,213,ok,10.274419148763021,2.9505615234375,7.9522624015808105,291.47088114420575,446.0408121744792,0.03308973793058349,3.010361433029175,6.491853713989258,0.0,3.020903786023458,6.332106590270996,0.0,3.0518105824788413,6.56640625,0.0,3.186076045036316,6.493676821390788,0.0,3.005361239115397,6.379687627156575,0.0,3.0629026889801025,6.484025001525879,0.0,3.119610587755839,6.615625063578288,0.0,3.1670302947362265,6.762585322062175,0.0,15.505509694417318,87.24249680836995,0.11097204839382561,2.945992191632589,6.362833658854167,0.0,2.985323111216227,6.411905924479167,0.0,3.1722355286280313,6.67181396484375,0.0,3.1551095644632974,6.800130367279053,0.0,153.42632039388022,409.96497599283856,0.6388225934765314,11.66450564066569,9.705446402231852,0.04156862745098039,3.0323123931884766,6.283575375874837,0.0,3.0281458695729575,6.534590721130371,0.0,3.0855074326197305,6.607120831807454,0.0,11.581665833791098,13.512153784434,0.03795966785290629,3.081914226214091,6.420581022898356,0.0,3.014005978902181,6.465439796447754,0.0,3.1690780321756997,6.776098569234212,0.0,2.965522368748983,6.330495198567708,0.0,2.951031804084778,6.2608642578125,0.0,2.8887600104014077,6.247426350911458,0.0,409.96497599283856,250.95855394999185,1.6666666666666667,0.06666666666666665
2025-03-02 01:50:00,sample_data/synthetic_test/phase_02/synthetic_20250302_015000.tif,synthetic_test,214,ok,9.669986724853516,3.7283121744791665,8.392366568247477,251.96375020345053,433.7508544921875,0.028528454885804442,3.693600336710612,7.221276919047038,0.0,3.730303963025411,7.242454210917155,0.0,3.8015189965566,7.343983968098958,0.0,3.963692545890808,7.28807799021403,0.0,3.8081512451171875,7.166874408721924,0.0,3.810018221537272,7.206070899963379,0.0,3.8539328972498574,7.307788054148356,0.0,3.9281999667485556,7.524243036905925,0.0,8.538934071858725,36.34261163075765,0.05131414267834793,3.7607725858688354,7.259521484375,0.0,3.7725183963775635,7.306874593098958,0.0,4.025770624478658,7.494940121968587,0.0,3.9660282135009766,7.530468781789144,0.0,124.36096445719402,380.2139892578125,0.5727923627684963,12.813286781311035,11.361515204111734,0.044313725490196076,3.911925792694092,7.372304280598958,0.0,3.776076157887777,7.2643208503723145,0.0,3.808136979738871,7.475683530171712,0.0,15.485135396321615,28.44686206181844,0.046263345195729534,3.7593972285588584,7.209981123606364,0.0,3.675417184829712,7.17420228322347,0.0,3.8883090813954673,7.522525946299235,0.0,3.759564479192098,7.199208577473958,0.0,3.7461150089899697,7.182525634765625,0.0,3.6559359232584634,7.114166259765625,0.0,380.2139892578125,217.79595756530762,1.6666666666666667,0.06666666666666667
2025-03-02 01:55:00,sample_data/synthetic_test/phase_02/synthetic_20250302_015500.tif,synthetic_test,215,ok,10.024729092915853,5.75,10.432641665140787,192.93714396158853,397.7196044921875,0.023591152091814217,5.63014833132426,9.64757506052653,0.0,5.680558363596599,9.69724146525065,0.0,5.765141566594441,9.733103434244791,0.0,5.892626206080119,9.597756067911783,0.0,5.688460985819499,9.429508686065674,0.0,5.765221277872722,9.466308434804281,0.0,5.848783572514852,9.691284020741781,0.0,5.985629876454671,10.009557882944742,0.0,7.014473756154378,11.421097755432129,0.017104714226115977,5.716887474060059,9.546875,0.0,5.656362771987915,9.405609130859375,0.0,6.0659403800964355,9.953460534413656,0.0,5.987278938293457,9.961470603942871,0.0,91.23004531860352,327.7378845214844,0.47971360381861566,14.373398780822754,13.704518636067709,0.045098039215686274,5.798194885253906,9.723103841145834,0.0,5.712308645248413,9.579424858093262,0.0,5.705412864685059,9.9453125,0.0,16.89467716217041,31.100149790445965,0.048240411229735075,5.69511612256368,9.597135225931803,0.0,5.480486551920573,9.286423524220785,0.0,5.794930934906006,9.764990329742432,0.0,5.767233928044637,9.585479736328125,0.0,5.6913455327351885,9.508890787760416,0.0,5.499938329060872,9.361979166666666,0.0,327.7378845214844,179.4877905845642,1.3333333333333333,0.05333333333333332
2025-03-02 02:00:00,sample_data/synthetic_test/phase_02/synthetic_20250302_020000.tif,synthetic_test,216,ok,10.286842346191406,7.480021158854167,11.993749936421713,129.0092519124349,374.7777913411458,0.018719244036817243,7.46338685353597,11.48168977101644,0.0,7.432663917541504,11.654012362162272,0.0,7.535290559132894,11.37677001953125,0.0,7.463151931762695,11.159808476765951,0.0,7.3133118947347,11.13568147023519,0.0,7.4480210940043134,11.169775327046713,0.0,7.568722724914551,11.409016927083334,0.0,7.790556748708089,11.738639195760092,0.0,7.700957775115967,11.726476987202963,0.0025031289111389237,7.408019542694092,11.329020182291666,0.0,7.280019124348958,10.957672119140625,0.0,7.814613978068034,11.648050944010416,0.0,7.812740643819173,11.834604899088541,0.0,61.48013687133789,261.4242909749349,0.37231503579952263,15.882230122884115,17.067358652750652,0.045882352941176464,7.387970129648845,11.452527046203613,0.0,7.49679438273112,11.432173411051432,0.0,7.478704770406087,11.780029296875,0.0,15.455666859944662,28.81395212809245,0.046263345195729534,7.376532236735026,11.430391311645508,0.0,7.123567899068196,10.94335905710856,0.0,7.347984155019124,11.317578315734863,0.0,7.564099311828613,11.501505533854166,0.0,7.4232408205668134,11.235463460286459,0.0,7.129463354746501,11.031880696614584,0.0,261.4242909749349,145.68456157048544,1.3333333333333333,0.05333333333333332
2025-03-02 02:05:00,sample_data/synthetic_test/phase_02/synthetic_20250302_020500.tif,synthetic_test,217,ok,10.270404497782389,8.338541666666666,12.715958595275879,78.55437978108723,377.6397705078125,0.014501283371752749,8.398383458455404,12.491845766703287,0.0,8.331004937489828,12.53721555074056,0.0,8.399869441986084,12.431447347005209,0.0,8.21837075551351,12.02703857421875,0.0,8.165860652923584,12.086814562479654,0.0,8.316517988840738,12.088362693786621,0.0,8.51970640818278,12.443416277567545,0.0,8.74516741434733,12.677677472432455,0.0,8.523828029632568,12.640710512797037,0.0,8.23435354232788,12.173624674479166,0.0,8.076358318328857,11.820302327473959,0.0,8.677196502685547,12.597898483276367,0.0,8.713407516479492,12.590871175130209,0.0,42.117408752441406,220.50911458333334,0.2677008750994431,17.483455657958984,29.004427909851074,0.04901960784313725,8.126854419708252,12.065881411234537,0.0,8.438053131103516,12.292317390441895,0.0,8.467429320017496,12.630908330281576,0.0,13.903058052062988,19.929826100667317,0.044681692368525115,8.241737842559814,12.205912272135416,0.0,8.022839228312174,11.730147043863932,0.0,8.105668862660727,11.950185457865397,0.0,8.435909430185953,12.294901529947916,0.0,8.323681831359863,12.088968912760416,0.0,7.947827180226644,11.813140869140625,0.0,220.50911458333334,124.75677124659221,1.3333333333333333,0.05333333333333332
2025-03-02 02:10:00,sample_data/synthetic_test/phase_02/synthetic_20250302_021000.tif,synthetic_test,218,ok,10.344471295674643,8.28125,12.633862177530924,78.43775685628255,407.6579996744792,0.013602105710595587,8.28551435470581,12.304247856140137,0.0,8.365893522898356,12.52060572306315,0.0,8.300066630045572,12.443369547526041,0.0,8.172266483306885,12.064351399739584,0.0,8.140854835510254,12.038560231526693,0.0,8.237157980600992,12.02915064493815,0.0,8.418726285298666,12.368416468302408,0.0,8.607637723286947,12.43852965037028,0.0,8.492751916249594,12.497469266255697,0.0,8.19519074757894,12.199666341145834,0.0,8.030719757080078,11.791656494140625,0.0,8.53500763575236,12.492352485656738,0.0,8.626362323760986,12.442218144734701,0.0,42.35482660929362,242.4793497721354,0.23627684964200477,19.391437530517578,55.24856185913086,0.05647058823529411,8.087295055389404,11.928255399068197,0.0,8.394633293151855,12.256976127624512,0.0,8.528278668721518,12.666837692260742,0.0,14.84355354309082,24.162203470865887,0.046263345195729534,8.13544193903605,12.13653564453125,0.0,8.039782047271729,11.579774856567383,0.0,7.988972981770833,11.867169380187988,0.0,8.348083337148031,12.275156656901041,0.0,8.261491775512695,11.991099039713541,0.0,7.917886892954509,11.69378662109375,0.0,242.4793497721354,148.86395581563315,1.6666666666666667,0.06666666666666667
2025-03-02 02:15:00,sample_data/synthetic_test/phase_02/synthetic_20250302_021500.tif,synthetic_test,219,ok,10.352477391560873,7.2890625,11.679882685343424,137.62179819742838,447.3975830078125,0.014910000490460547,7.216680367787679,11.29140599568685,0.0,7.488055070241292,11.525378545125326,0.0,7.310160795847575,11.695963541666666,0.0,7.26580286026001,11.254860242207846,0.0,7.176356156667073,10.99985376993815,0.0,7.2459343274434405,11.061263084411621,0.0,7.298982302347819,11.374308268229166,0.0,7.409385681152344,11.358382225036621,0.0,7.484362602233887,11.615267117818197,0.0,7.26438554128011,11.214396158854166,0.0,7.14492146174113,10.976338704427084,0.0,7.409623146057129,11.42138671875,0.0,7.5552215576171875,11.344964663187662,0.0,60.37056350708008,330.2340138753255,0.25855210819411295,21.538366953531902,99.95168050130208,0.06549019607843137,7.164628346761067,10.992395083109537,0.0,7.413319905598958,11.326753616333008,0.0,7.535863399505615,11.60936705271403,0.0,16.472562472025555,25.75890350341797,0.04744958481613285,7.056161562601726,10.981067021687826,0.0,7.1033681233723955,10.797526041666666,0.0,7.046840667724609,10.841255823771158,0.0,7.361499150594075,11.298370361328125,0.0,7.235781828562419,10.986104329427084,0.0,7.063014666239421,10.7061767578125,0.0,330.2340138753255,215.0928471883138,2.0,0.08
2025-03-02 02:20:00,sample_data/synthetic_test/phase_02/synthetic_20250302_022000.tif,synthetic_test,220,ok,10.049764315287272,5.4600830078125,9.9505615234375,221.63377888997397,458.8454996744792,0.01870289535206893,5.437771320343018,9.370316505432129,0.0,5.647741794586182,9.532812436421713,0.0,5.543680906295776,9.608072916666666,0.0,5.552999019622803,9.32239564259847,0.0,5.41103212038676,9.128239154815674,0.0,5.507608652114868,9.211970965067545,0.0,5.422606388727824,9.506250063578287,0.0,5.550352017084758,9.48816728591919,0.0,5.646653334299724,9.63730494181315,0.0,5.517972946166992,9.378458658854166,0.0,5.464149395624797,9.183380126953125,0.0,5.519450982411702,9.502378304799398,0.0,5.671722650527954,9.521441777547201,0.0,89.42242940266927,402.0067443847656,0.33691328560063644,24.58420753479004,165.15489451090494,0.08274509803921569,5.425076405207316,9.213155110677084,0.0,5.639357169469197,9.641424496968588,0.0,5.67150092124939,9.774821122487387,0.0,15.711869557698568,24.103979746500652,0.04586793198892843,5.250256458918254,9.070984045664469,0.0,5.347341934839885,8.985217412312826,0.0,5.4027525583903,9.181119918823242,0.0,5.593709071477254,9.558156331380209,0.0,5.46550456682841,9.113728841145834,0.0,5.400143464406331,8.953145345052084,0.0,402.0067443847656,283.58081944783527,2.0,0.08
2025-03-02 02:25:00,sample_data/synthetic_test/phase_02/synthetic_20250302_022500.tif,synthetic_test,221,ok,9.786038398742676,3.5008951822916665,7.9241617520650225,299.6985677083333,478.9973958333333,0.02270832311540537,3.5935155153274536,7.078906377156575,0.0,3.683253606160482,7.2049641609191895,0.0,3.6843159198760986,7.260640462239583,0.0,3.6487937370936074,7.053993542989095,0.0,3.5428173939387,6.87219254175822,0.0,3.6145739555358887,6.940641085306804,0.0,3.524324099222819,7.171370347340901,0.0,3.6785717010498047,7.3684611320495605,0.0,5.072513580322266,7.804752667744954,0.01084689194826867,3.5976144870122275,6.921834309895833,0.0,3.610368092854818,7.008890787760417,0.0,3.6424885590871177,7.284820556640625,0.0,3.6807275215784707,7.161645571390788,0.0,121.56712595621745,450.1889139811198,0.411296738265712,29.132274627685547,240.01627604166666,0.1011764705882353,3.563727100690206,7.03147570292155,0.0,3.7236316998799643,7.358160336812337,0.0,3.7257941166559854,7.348608493804932,0.0,12.480414390563965,18.779264450073242,0.04310003954132068,3.3822290102640786,6.71075455347697,0.0,3.477649172147115,6.842230319976807,0.0,3.6422130266825357,7.036511421203613,0.0,3.7305679321289062,7.309682210286458,0.0,3.6121936639149985,6.968760172526042,0.0,3.5860002438227334,6.837483723958333,0.0,450.1889139811198,345.10259501139325,2.0,0.08
2025-03-02 02:30:00,sample_data/synthetic_test/phase_02/synthetic_20250302_023000.tif,synthetic_test,222,ok,10.637651125590006,2.9774576822916665,7.727270603179932,343.68210856119794,483.1206461588542,0.027416744322919226,3.063025116920471,6.476823012034099,0.0,2.9979023138682046,6.570688883463542,0.0,3.120836019515991,6.510203043619792,0.0,2.98811145623525,6.203863461812337,0.0,3.0770368178685508,6.429500420888265,0.0,3.090051015218099,6.436490694681804,0.0,3.055645306905111,6.649853547414144,0.0,3.2826147079467773,6.883317152659099,0.0,11.450923442840576,77.77187601725261,0.039632874426366295,3.2830647230148315,6.478271484375,0.0016240357287860333,3.039929231007894,6.419057210286458,0.0,3.1905723412831626,6.896167119344075,0.0,3.0939919551213584,6.554050763448079,0.0,145.01409657796225,451.9694010416667,0.48210023866348445,35.35290082295736,299.0164794921875,0.12509803921568627,3.0042748053868613,6.418810844421387,0.0,3.163752237955729,6.722597122192383,0.0,3.1182945171991983,6.7163166999816895,0.0,9.387006123860678,14.22198486328125,0.0383550810597074,2.916775385538737,6.267862955729167,0.0,2.895644227663676,6.1400167147318525,0.0,3.094203313191732,6.517057418823242,0.0,3.199150880177816,6.692281087239583,0.0,3.173726479212443,6.606557210286458,0.0,3.005468408266703,6.433827718098958,0.0,451.9694010416667,375.49294026692706,2.3333333333333335,0.09333333333333332
2025-03-02 02:35:00,sample_data/synthetic_test/phase_02/synthetic_20250302_023500.tif,synthetic_test,223,ok,13.466806093851725,4.611979166666667,9.698095798492432,366.2749938964844,498.5451253255208,0.03199437605244659,4.59330411752065,7.968570868174235,0.0,4.541999101638794,8.313688278198242,0.0,4.731204509735107,8.340922037760416,0.0,4.469099481900533,7.791463216145833,0.0,4.5919744571050005,7.961718877156575,0.0,4.639620701471965,8.098974545796713,0.0,4.657736539840698,8.310270150502523,0.0,4.912746508916219,8.652490297953287,0.0,29.3098087310791,220.48011366526285,0.09178139340842721,6.568440953890483,8.381917317708334,0.0097442143727162,4.573026259740193,8.108072916666666,0.0,4.816503922144572,8.521240393320719,0.0,4.8109443585077925,8.423345883687338,0.0,158.44283040364584,458.0548909505208,0.5302307080350039,43.32759348551432,338.50242106119794,0.14470588235294116,4.548988540967305,7.998701731363933,0.0,4.597874879837036,8.215726534525553,0.0,4.636047720909119,8.1739501953125,0.0,8.332109133402506,11.208606084187826,0.028865164096480822,4.509968678156535,7.910937468210856,0.0,4.359352072079976,7.6314005851745605,0.0,4.4974595705668134,7.98268445332845,0.0,4.730890353520711,8.228078206380209,0.0,4.66312821706136,8.231984456380209,0.0,4.458646655082703,7.949432373046875,0.0,458.0548909505208,410.0636952718099,2.6666666666666665,0.10666666666666665
2025-03-02 02:40:00,sample_data/synthetic_test/phase_02/synthetic_20250302_024000.tif,synthetic_test,224,ok,17.790417671203613,7.9774169921875,13.671517054239908,382.41925048828125,505.157958984375,0.036604705151470567,7.769063631693522,11.527526696523031,0.0,7.910618384679158,12.021124362945557,0.0,8.07050895690918,12.121073404947916,0.0,7.793424526850383,11.508681297302246,0.0,7.783047676086426,11.56558640797933,0.0,7.97380272547404,11.893758138020834,0.0,7.954103469848633,11.982153256734213,0.0,8.20382563273112,12.366666793823242,0.0,55.901196797688804,377.3129425048828,0.15143929912390489,14.501657485961914,13.042521158854166,0.02639058059277304,7.768590768178304,11.782552083333334,0.0,8.109930356343588,12.1526247660319,0.0,8.237791061401367,12.400675455729166,0.0,160.20110066731772,451.48264567057294,0.5684168655529037,50.91137568155924,360.73060099283856,0.16117647058823528,7.787268877029419,11.651548067728678,0.0,7.88438606262207,11.829093297322592,0.0,7.921186606089274,11.829150517781576,0.0,9.475802739461264,12.978385289510092,0.017793594306049824,7.728774547576904,11.51335859298706,0.0,7.5164417425791425,11.229317347208658,0.0,7.627136866251628,11.448702176411947,0.0,7.884947458902995,11.684885660807291,0.0,7.853390057881673,11.830515543619791,0.0,7.646622737248738,11.5078125,0.0,459.86217244466144,433.262690226237,3.0,0.12
2025-03-02 02:45:00,sample_data/synthetic_test/phase_02/synthetic_20250302_024500.tif,synthetic_test,225,ok,22.406982421875,11.729166666666666,17.722387949625652,391.88633219401044,513.4348551432291,0.04062648159955532,11.369539101918539,15.214399973551432,0.0,11.853424866994223,15.957049369812012,0.0,11.89862028757731,15.982198079427084,0.0,11.633283456166586,15.43560822804769,0.0,11.405455112457275,15.226186116536459,0.0,11.702894528706869,15.744441668192545,0.0,11.775063514709473,15.910099347432455,0.0,11.928593317667643,16.083422978719074,0.0,83.51655705769856,454.71387736002606,0.21777221526908633,26.810043652852375,99.76041666666667,0.053999187982135606,11.443886597951254,15.673166910807291,0.0,11.867321014404297,15.91693147023519,0.0,12.115031242370605,16.45840040842692,0.0,156.09717305501303,445.46291097005206,0.5835322195704057,55.38952128092448,365.73521931966144,0.16745098039215686,11.508932113647461,15.374369303385416,0.0,11.654264291127523,15.724206606547037,0.0,11.709899743398031,15.599641799926758,0.0,11.996163050333658,15.9468625386556,0.007512850929221035,11.350098133087158,15.14843781789144,0.0,11.206931432088217,14.923848787943522,0.0,11.308483600616455,15.09875520070394,0.0,11.480344454447428,15.371510823567709,0.0,11.3930451075236,15.308807373046875,0.0,11.257405916849772,15.115000406901041,0.0,459.1949055989583,450.08839416503906,3.3333333333333335,0.13333333333333333
2025-03-02 02:50:00,sample_data/synthetic_test/phase_02/synthetic_20250302_025000.tif,synthetic_test,226,ok,26.52192497253418,15.171875,21.608659108479817,401.17926025390625,517.986083984375,0.04410875145094578,14.761479059855143,18.839501698811848,0.0,15.406899770100912,19.434926350911457,0.0,15.370993296305338,19.372395833333332,0.0,15.13301150004069,19.093477884928387,0.0,14.801926612854004,18.718841552734375,0.0,15.145232836405436,19.185229619344074,0.0,15.317184130350748,19.446712176005047,0.0,15.514471689860025,19.558349609375,0.000407000407000407,106.60763041178386,468.69020589192706,0.28035043804755944,42.40666389465332,235.13716634114584,0.08932196508323183,14.916017532348633,19.123687744140625,0.0,15.372342745463053,19.575712203979492,0.0,15.58715534210205,19.93820571899414,0.0,149.39081827799478,445.18567911783856,0.5823389021479713,55.70377731323242,345.4537760416667,0.16745098039215686,14.857243855794271,18.774794896443684,0.0,15.192270596822103,19.230177879333496,0.0,15.199453671773275,19.109895706176758,0.0,14.95666535695394,19.053372701009113,0.0019770660340055358,14.640541712443033,18.678544680277508,0.0,14.645846684773764,18.481718063354492,0.0,14.720293680826822,18.70201047261556,0.0,14.839317639668783,18.722859700520832,0.0,14.772737185160318,18.751291910807293,0.0,14.594281832377115,18.517801920572918,0.0,468.69020589192706,456.9379425048828,3.6666666666666665,0.14666666666666664
2025-03-02 02:55:00,sample_data/synthetic_test/phase_02/synthetic_20250302_025500.tif,synthetic_test,227,ok,29.843531290690105,18.098103841145832,24.82932980855306,404.1747741699219,521.0555419921875,0.04672454101067569,17.643885294596355,21.758328755696613,0.0,18.20855140686035,22.340946197509766,0.0012820512820513,18.221760431925457,22.14019775390625,0.0,18.041932106018066,21.985417048136394,0.0004262574595055414,17.63013966878255,21.550425211588543,0.0,18.009380340576172,22.00708834330241,0.00040799673602610713,18.394832293192547,22.625878651936848,0.0,18.57252566019694,22.586299260457356,0.001221001221001221,123.4066899617513,467.9298807779948,0.34376303712974554,57.84753163655599,374.5868326822917,0.12586276898091756,17.905362447102863,22.052744547526043,0.0008169934640522876,18.37077045440674,22.60305404663086,0.0008149959250203934,18.65918477376302,22.931318918863933,0.00039588281868563205,142.05445353190103,441.5052083333333,0.5533015115354017,53.335156758626304,305.16107177734375,0.16078431372549018,17.72223885854085,21.702191670735676,0.0003996802557953631,18.21444574991862,22.268156051635742,0.0003875968992248062,18.169129371643066,22.06285794576009,0.0003818251240931677,17.824816068013508,21.81752077738444,0.00039541320680110717,17.53894805908203,21.69070307413737,0.0,17.52817185719808,21.375390370686848,0.0,17.62807846069336,21.641616185506184,0.0,17.766345342000324,21.807708740234375,0.0007698229407236342,17.660857518513996,21.540568033854168,0.0,17.40830071767171,21.408416748046875,0.0,467.9298807779948,454.71754455566406,4.0,0.16
2025-03-02 03:00:00,sample_data/synthetic_test/phase_02/synthetic_20250302_030000.tif,synthetic_test,228,ok,32.29411188761393,20.3289794921875,27.884350458780926,403.9691670735677,523.3862711588541,0.051383916163944617,19.85910479227702,23.907657623291016,0.0008602150537634409,20.258753458658855,24.430468877156574,0.003846153846153864,20.327224731445312,24.214182535807293,0.0020938023450586475,20.325563430786133,24.458650588989258,0.0029838022165387893,19.848910649617512,23.833410898844402,0.002115059221658207,20.172632853190105,24.243204752604168,0.0020399836801305543,20.733964284261067,25.038532892862957,0.006464646464646483,20.82273292541504,24.85618845621745,0.004884004884004884,134.167360941569,470.79369099934894,0.4063412599082186,70.59219106038411,427.6805826822917,0.16402760860738938,20.197394688924152,24.123931884765625,0.0032679738562091504,20.660229365030926,24.901955286661785,0.004074979625101893,21.059668858846027,25.218168258666992,0.007521773555027675,135.75054423014322,433.1258544921875,0.5262529832935561,50.902722676595054,276.94614664713544,0.15411764705882353,19.90869394938151,23.989131927490234,0.0031974420463629087,20.497718811035156,24.498897552490234,0.004263565891472868,20.45936902364095,24.388387044270832,0.004963726613211151,20.135189056396484,24.176981608072918,0.003163305654408857,19.862714131673176,23.97853660583496,0.0007870916961826058,19.61965560913086,23.512812932332356,0.0007680491551459297,19.816747665405273,23.886165618896484,0.0007716049382716049,19.98894755045573,23.895823160807293,0.0015396458814472677,19.861378351847332,23.759114583333332,0.0019245573518090837,19.58324432373047,23.486124674479168,0.0003762227238525207,470.79369099934894,454.7884114583333,4.0,0.16
2025-03-02 03:05:00,sample_data/synthetic_test/phase_02/synthetic_20250302_030500.tif,synthetic_test,229,ok,33.79329935709635,21.7352294921875,30.90917142232259,404.21336873372394,525.907958984375,0.056648192652901073,21.284639994303387,25.132136662801106,0.0030107526881720434,21.559289296468098,25.70204035441081,0.011111111111111129,21.68178939819336,25.72894287109375,0.008375209380234526,21.720080693562824,25.82789484659831,0.009377664109121909,21.25212224324544,25.249348958333332,0.004653130287648055,21.48307991027832,25.6013666788737,0.004487964096287225,22.136223475138348,26.458683013916016,0.013737373737373756,22.196125666300457,26.174763361612957,0.011803011803011805,140.93584187825522,472.920654296875,0.45932415519399256,80.03097788492839,431.6988118489583,0.20625253755582626,21.638656616210938,25.632843017578125,0.006127450980392157,22.067111333211262,26.20091183980306,0.011409942950285268,22.54334831237793,26.598419825236004,0.01662707838479806,128.6815973917643,425.7627258300781,0.4852824184566427,50.06735483805338,270.12450154622394,0.14705882352941177,21.291073481241863,25.381693522135418,0.006794564348521183,21.92443084716797,25.952877044677734,0.00813953488372093,21.99628512064616,25.941853841145832,0.01145475372279496,21.68939145406087,25.705204645792644,0.007512850929221035,21.331946690877277,25.305802663167317,0.002361275088547816,20.886699676513672,24.706693013509113,0.0019201228878648238,21.275672912597656,25.270407994588215,0.0038580246913580245,21.370490392049152,25.312479654947918,0.003464203233256352,21.235973358154297,25.077473958333332,0.0034642032332563508,20.963904062906902,24.820963541666668,0.002257336343115124,472.920654296875,452.94092814127606,4.0,0.16
2025-03-02 03:10:00,sample_data/synthetic_test/phase_02/synthetic_20250302_031000.tif,synthetic_test,230,ok,34.344305674235024,22.230875651041668,31.86766751607259,402.9893086751302,527.2265218098959,0.05905144931090294,21.800796508789062,25.62336031595866,0.0038709677419354834,21.999069849650066,26.028298060099285,0.011965811965811984,22.244101842244465,26.318359375,0.011725293132328328,22.166191736857098,26.199696858723957,0.010656436487638534,21.79994519551595,25.6610902150472,0.005499153976311337,21.855382283528645,26.019270579020183,0.004487964096287225,22.58334795633952,26.8692626953125,0.0177777777777778,22.744658788045246,26.80661964416504,0.01831501831501832,148.19960021972656,473.7388000488281,0.5035460992907801,88.78240712483723,433.9192708333333,0.2496954933008526,22.125256220499676,26.075113932291668,0.006535947712418301,22.562259038289387,26.582995732625324,0.013039934800326019,23.06236966451009,27.112628936767578,0.02177355502771176,117.57059733072917,414.59267171223956,0.43635640413683374,49.43799336751302,278.8695576985677,0.13607843137254902,21.703402837117512,25.776301701863606,0.006794564348521183,22.3319574991862,26.423423131306965,0.009689922480620155,22.603166580200195,26.584211985270183,0.014127529591447118,22.316438674926758,26.37793795267741,0.011071569790431,21.83527374267578,25.670312245686848,0.002754820936639119,21.301061630249023,25.097100575764973,0.0019201228878648238,21.85836410522461,25.86290677388509,0.004243827160493827,21.851407368977863,25.812052408854168,0.0050038491147036184,21.713250478108723,25.625010172526043,0.0050038491147036184,21.413239161173504,25.196828206380207,0.002257336343115124,473.7388000488281,453.82903544108075,4.0,0.16
2025-03-02 03:15:00,sample_data/synthetic_test/phase_02/synthetic_20250302_031500.tif,synthetic_test,231,ok,33.861246744791664,21.7742919921875,31.323755264282227,403.2832539876302,526.3732503255209,0.056991515032615625,21.369150161743164,25.188199996948242,0.0030107526881720434,21.532427469889324,25.583884557088215,0.010683760683760701,21.80491065979004,25.867635091145832,0.010050251256281428,22.131627400716145,25.865203857421875,0.01278772378516624,21.339994430541992,25.173386255900066,0.003807106598984772,21.367387771606445,25.382625579833984,0.0032639738882088896,22.115296681722004,26.264575322469074,0.014141414141414161,22.44732920328776,26.65583864847819,0.017094017094017096,157.9350789388021,477.3977355957031,0.5323320817688778,98.1197026570638,439.0737711588542,0.29070239545269994,21.626357396443684,25.673187255859375,0.004084967320261438,22.126715342203777,26.10662015279134,0.010594947025264893,22.55750020345052,26.5595219930013,0.015439429928741056,99.85596974690755,390.67822265625,0.37032617342879864,46.39956283569336,263.2325744628906,0.12117647058823527,21.160576502482098,25.217018127441406,0.003996802557953636,21.81141471862793,25.984954198201496,0.006201550387596899,22.160805384318035,26.287150065104168,0.009927453226422302,21.935902277628582,26.001489003499348,0.009094503756425464,21.362902959187824,25.25401560465495,0.002361275088547816,20.815879821777344,24.646223704020183,0.001536098310291859,21.413340250651043,25.452081044514973,0.0038580246913580245,21.467264811197918,25.6395263671875,0.0050038491147036184,21.308025360107422,25.126088460286457,0.0030792917628945336,20.96365229288737,24.860890706380207,0.002257336343115124,477.3977355957031,458.2357533772786,4.0,0.16
2025-03-02 03:20:00,sample_data/synthetic_test/phase_02/synthetic_20250302_032000.tif,synthetic_test,232,ok,32.28960418701172,20.393229166666668,28.429337819417317,400.61875406901044,524.4036458333334,0.05200516618438047,19.950093587239582,23.84132130940755,0.0008602150537634409,20.168752670288086,24.174930572509766,0.0034188034188034374,20.37817446390788,24.366322835286457,0.0037688442211055487,23.96493911743164,25.17273775736491,0.021739130434782608,20.83874766031901,23.69458834330241,0.008037225042301184,20.016321818033855,24.052067438761394,0.0008159934720522189,20.813377380371094,24.879321416219074,0.006868686868686888,21.214623133341473,25.557849248250324,0.00976800976800977,165.89116414388022,473.92449951171875,0.5490196078431372,106.65600840250652,444.1605631510417,0.317904993909866,20.11041768391927,24.090911865234375,0.0012254901960784314,20.828102747599285,24.81469472249349,0.003259983700081518,21.17112414042155,25.171905517578125,0.006334125098970668,76.99463653564453,334.23366292317706,0.2931583134447096,39.6613400777181,215.02965799967447,0.0996078431372549,19.787425994873047,23.798996607462566,0.0003996802557953631,20.430105845133465,24.43893559773763,0.002325581395348837,20.689305623372395,24.813378651936848,0.00343642611683849,20.564563115437824,24.74452273050944,0.004744958481613285,19.95280647277832,23.87511380513509,0.0007870916961826061,19.494216283162434,23.317842483520508,0.00038402457757296494,20.00714111328125,23.893800735473633,0.0007716049382716049,20.16915003458659,24.408182779947918,0.003079291762894535,19.9435551961263,23.749359130859375,0.0015396458814472668,19.586400985717773,23.584625244140625,0.0003762227238525207,473.92449951171875,459.0425313313802,4.0,0.16
2025-03-02 03:25:00,sample_data/synthetic_test/phase_02/synthetic_20250302_032500.tif,synthetic_test,233,ok,29.73551368713379,18.168416341145832,25.70555814107259,395.30291748046875,520.8203125,0.04881717265845962,17.734990119934082,21.670853932698567,0.0,18.04469585418701,22.132657368977863,0.0012820512820513007,18.12499745686849,22.092458089192707,0.0004187604690117461,29.478949864705402,94.40057373046875,0.04646206308610401,22.005921681722004,22.041463216145832,0.021150592216582064,17.828513145446777,21.751188278198242,0.00040799673602610713,18.579838116963703,22.555200576782227,0.002828282828282847,19.02371088663737,23.229106267293293,0.0024420024420024433,166.3503214518229,466.5422668457031,0.5515227367542762,110.35636393229167,442.9244791666667,0.3345513601299228,17.78252633412679,21.803792317708332,0.0,18.656189918518066,22.65305519104004,0.0008149959250203934,18.834527651468914,22.840364456176758,0.0007917656373713011,54.39223861694336,257.298095703125,0.22076372315035794,31.1406307220459,139.0087661743164,0.08,17.620799382527668,21.577699661254883,0.0,18.17160193125407,22.182743072509766,0.0003875968992248062,18.331913312276203,22.532633463541668,0.0003818251240931677,18.322345733642578,22.467264811197918,0.0007908264136022143,17.725502967834473,21.78013547261556,0.0003935458480913035,17.36479091644287,21.220055898030598,0.00038402457757296494,17.750470479329426,21.718467076619465,0.00038580246913580245,17.93087609608968,22.002156575520832,0.0007698229407236342,17.722498575846355,21.609812418619793,0.0,17.368358929951984,21.373026529947918,0.0003762227238525207,466.5422668457031,454.7333730061849,4.333333333333333,0.17333333333333334
2025-03-02 03:30:00,sample_data/synthetic_test/phase_02/synthetic_20250302_033000.tif,synthetic_test,234,ok,26.345367431640625,15.230916341145834,22.1005121866862,387.4926249186198,514.4435628255209,0.046495659424199316,14.85364055633545,18.777880986531574,0.0,15.195816040039062,19.30085627237956,0.0,15.244778315226236,19.243489583333332,0.0,37.50477854410807,220.21850204467773,0.07587382779198637,25.74021275838216,62.86636479695638,0.04272419627749577,14.882312774658203,18.72948392232259,0.0,15.511767387390137,19.537142435709637,0.0,15.818806012471518,19.89427121480306,0.0,156.26851399739584,448.8072916666667,0.5381727158948686,106.92803700764973,431.2882080078125,0.34064149411287054,14.865825970967611,18.781453450520832,0.0,15.619524955749512,19.484641075134277,0.0,15.678407351175943,19.83194351196289,0.0,36.38292948404948,176.78455607096353,0.15513126491646775,22.99547799428304,72.61399904886882,0.058431372549019596,14.808398564656576,18.700494448343914,0.0,15.153958956400553,19.130513509114582,0.0,15.30873998006185,19.45677884419759,0.0,15.260916709899902,19.297200838724773,0.0,14.851276715596518,18.886279741923016,0.0,14.558679580688477,18.4556983311971,0.0,14.871114730834961,18.744972864786785,0.0,14.900406837463379,18.810526529947918,0.0,14.861671765645346,18.871754964192707,0.0,14.499347686767578,18.393636067708332,0.0,448.8072916666667,440.04774983723956,4.666666666666667,0.18666666666666665
2025-03-02 03:35:00,sample_data/synthetic_test/phase_02/synthetic_20250302_033500.tif,synthetic_test,235,ok,22.355281829833984,11.776936848958334,18.31299591064453,375.3229573567708,508.3151041666667,0.044533817254401885,11.386556148529053,15.377697626749674,0.0,11.789472897847494,15.890006383260092,0.0,11.833316485087076,15.793202718098959,0.0,45.169211069742836,341.97088623046875,0.10485933503836319,31.799023310343426,173.34080505371094,0.06852791878172589,11.496302445729574,15.278458595275879,0.0,11.880857467651367,15.944954872131348,0.0,12.003579298655191,16.134623209635418,0.0,139.27395375569662,429.07757568359375,0.5160617438464747,97.47730000813802,410.2239990234375,0.3382054405196915,11.536451975504557,15.498260498046875,0.0,12.037354151407877,15.880342483520508,0.0,11.996647834777832,16.192315737406414,0.0,22.556263605753582,96.95111910502116,0.09904534606205247,15.658308347066244,30.384833335876465,0.0380392156862745,11.488906701405844,15.41988722483317,0.0,11.593068281809488,15.621250788370768,0.0,11.853005409240723,16.020841598510742,0.0,11.639494895935059,15.562068939208984,0.0,11.588775952657064,15.58672300974528,0.0,11.269287586212158,15.131770769755045,0.0,11.479087193806967,15.378255526224772,0.0,11.377622604370117,15.205495198567709,0.0,11.548125267028809,15.481781005859375,0.0,11.170296510060629,14.929026285807291,0.0,429.07757568359375,420.85215250651044,4.666666666666667,0.18666666666666668
2025-03-02 03:40:00,sample_data/synthetic_test/phase_02/synthetic_20250302_034000.tif,synthetic_test,236,ok,18.03126875559489,8.052978515625,14.243025461832682,364.27244059244794,501.404541015625,0.04185263295567871,7.715598106384277,11.686372756958008,0.0,8.090877532958984,12.173394838968912,0.0,8.065947532653809,12.028004964192709,0.0,49.28087615966797,394.80482991536456,0.12830349531116794,38.05981699625651,297.2950795491536,0.09560067681895094,7.977399031321208,11.815258661905924,0.0,8.024858315785727,12.038533687591553,0.0,8.086903889973959,12.107267061869303,0.0,119.4817632039388,416.1818542480469,0.4801835627868168,84.88483428955078,388.1944580078125,0.3256191636215997,7.956428527832031,11.793406168619791,0.0,8.195507208506266,12.011330286661783,0.0,8.116337140401205,12.245745658874512,0.0,12.379868666330973,41.065965016682945,0.049721559268098604,9.45798667271932,12.438262939453125,0.019215686274509793,7.8857652346293134,11.763893604278564,0.0,7.904862244923909,11.923421223958334,0.0,8.108512878417969,12.084912141164144,0.0,7.863396167755127,11.713916142781576,0.0,8.008418083190918,11.94837220509847,0.0,7.735169251759847,11.543711344401041,0.0,7.838605721791585,11.607550303141275,0.0,7.709560394287109,11.55902099609375,0.0,7.9381758371988935,11.816192626953125,0.0,7.589827140172322,11.254343668619791,0.0,416.1818542480469,406.4615071614583,4.333333333333333,0.17333333333333334
2025-03-02 03:45:00,sample_data/synthetic_test/phase_02/synthetic_20250302_034500.tif,synthetic_test,237,ok,13.950474739074707,4.666707356770833,10.212149937947592,351.2861633300781,493.0833740234375,0.038288619680546705,4.51674489180247,8.098168849945068,0.0,4.747492710749309,8.320039749145508,0.0,4.7251871426900225,8.415171305338541,0.0,48.73377990722656,375.21314493815106,0.1453537936913896,42.33146667480469,375.0530598958333,0.11844331641285955,4.804343660672505,8.403458595275879,0.0,4.696441809336345,8.277620474497477,0.0,4.754804094632466,8.411458333333334,0.0,99.605712890625,412.40208943684894,0.42469753858990406,70.95368576049805,367.0104166666667,0.29598051157125455,4.707944671312968,8.284739176432291,0.0,4.805183291435242,8.318357467651367,0.0,4.811814785003662,8.544761021931967,0.0,5.909042914708455,10.23951244354248,0.016308671439936317,4.970816969871521,8.262091000874838,0.0066666666666666576,4.650974631309509,8.182865460713705,0.0,4.657771666844686,8.177357991536459,0.0,4.8034363985061646,8.284733136494955,0.0,4.639889081319173,8.247583071390787,0.0,4.727372964223226,8.306550979614258,0.0,4.654141426086426,8.046557744344076,0.0,4.600480159123738,7.915232499440511,0.0,4.502428412437439,8.00738525390625,0.0,4.685800353686015,8.240671793619791,0.0,4.403648336728414,7.635630289713542,0.0,412.40208943684894,399.8296864827474,4.0,0.16
2025-03-02 03:50:00,sample_data/synthetic_test/phase_02/synthetic_20250302_035000.tif,synthetic_test,238,ok,11.21862761179606,3.0286865234375,8.143741925557455,329.7036437988281,477.9522705078125,0.0342014484934687,2.9967250426610312,6.4532999992370605,0.0,3.185649792353312,6.717738787333171,0.0,3.1298208236694336,6.7647705078125,0.0,43.961873372395836,342.62815348307294,0.1534526854219949,43.846720377604164,371.71253458658856,0.13620981387478848,3.216616670290629,6.702075163523356,0.0,3.181748628616333,6.644628842671712,0.0,3.2500794331232705,6.651387691497803,0.0,81.09619013468425,397.0618184407552,0.35627868168544014,56.845926920572914,339.8958333333333,0.2541615915550142,3.0996281703313193,6.574442545572917,0.0,3.239821950594584,6.6487142244974775,0.0,3.273146708806356,7.002764701843262,0.0,3.330154816309611,6.887876510620117,0.0003977724741447522,3.135729352633158,6.650299072265625,0.0007843137254901867,3.0608427127202353,6.463246663411458,0.0,3.1272435188293457,6.663108189900716,0.0,3.212568243344625,6.569441795349121,0.0,3.101237694422404,6.6142497062683105,0.0,3.1015599568684897,6.611311753590901,0.0,3.075351079305013,6.4166483879089355,0.0,3.03161883354187,6.247839450836182,0.0,3.029054840405782,6.479604085286458,0.0,3.112658699353536,6.694427490234375,0.0,2.9011478821436563,6.129974365234375,0.0,397.0618184407552,384.3871765136719,4.0,0.16
2025-03-02 03:55:00,sample_data/synthetic_test/phase_02/synthetic_20250302_035500.tif,synthetic_test,239,ok,10.223634084065756,3.5182698567708335,8.32396666208903,290.3657480875651,464.0998128255208,0.029754606241927842,3.5265524784723916,7.059887727101644,0.0,3.6889307498931885,7.276102701822917,0.0,3.63934055964152,7.398000081380208,0.0,36.138190587361656,279.8539632161458,0.14748508098891733,42.6129150390625,343.05530802408856,0.1455160744500846,3.568362593650818,7.047387599945068,0.0,3.7844227949778237,7.5408040682474775,0.0,3.7566192547480264,7.259993712107341,0.0,65.45913441975911,362.23046875,0.2853566958698373,44.11669413248698,296.109375,0.2050345107592367,3.5197657346725464,7.115020751953125,0.0,3.833116888999939,7.326690514882405,0.0,3.854386568069458,7.682017008463542,0.0,3.7555708090464273,7.273496627807617,0.0,3.6264834801355996,7.200130144755046,0.0,3.602995753288269,7.000134309132894,0.0,3.6598480542500815,7.096427281697591,0.0,3.730937123298645,7.1750162442525225,0.0,3.5539510250091553,7.106522719065349,0.0,3.529589811960856,7.077352046966553,0.0,3.5423569679260254,6.88534148534139,0.0,3.4995229244232178,6.78195587793986,0.0,3.489652673403422,6.9481201171875,0.0,3.6033602158228555,7.147135416666667,0.0,3.449538509051005,6.723063151041667,0.0,362.23046875,352.64288838704425,4.0,0.16
