timestamp,image_path,dataset_name,processed_index,status,mean_abs_diff,median_abs_diff,p95_abs_diff,p99_abs_diff,max_abs_diff,area_ratio_above_threshold,cell_001_mean_abs_diff,cell_001_p95_abs_diff,cell_001_area_ratio_above_threshold,cell_002_mean_abs_diff,cell_002_p95_abs_diff,cell_002_area_ratio_above_threshold,cell_003_mean_abs_diff,cell_003_p95_abs_diff,cell_003_area_ratio_above_threshold,cell_004_mean_abs_diff,cell_004_p95_abs_diff,cell_004_area_ratio_above_threshold,cell_005_mean_abs_diff,cell_005_p95_abs_diff,cell_005_area_ratio_above_threshold,cell_006_mean_abs_diff,cell_006_p95_abs_diff,cell_006_area_ratio_above_threshold,cell_007_mean_abs_diff,cell_007_p95_abs_diff,cell_007_area_ratio_above_threshold,cell_008_mean_abs_diff,cell_008_p95_abs_diff,cell_008_area_ratio_above_threshold,cell_009_mean_abs_diff,cell_009_p95_abs_diff,cell_009_area_ratio_above_threshold,max_cell_p95_abs_diff,top2_cell_p95_abs_diff_mean,affected_cell_count,affected_cell_ratio
2025-03-01 08:00:00,sample_data/synthetic_test/phase_01/synthetic_20250301_080000.tif,synthetic_test,0,insufficient_reference,,,,,,,,,,,,,,,,,,,,,,,,,,,,,,,,,,,,,
2025-03-01 08:05:00,sample_data/synthetic_test/phase_01/synthetic_20250301_080500.tif,synthetic_test,1,insufficient_reference,,,,,,,,,,,,,,,,,,,,,,,,,,,,,,,,,,,,,
2025-03-01 08:10:00,sample_data/synthetic_test/phase_01/synthetic_20250301_081000.tif,synthetic_test,2,insufficient_reference,,,,,,,,,,,,,,,,,,,,,,,,,,,,,,,,,,,,,
2025-03-01 08:15:00,sample_data/synthetic_test/phase_01/synthetic_20250301_081500.tif,synthetic_test,3,insufficient_reference,,,,,,,,,,,,,,,,,,,,,,,,,,,,,,,,,,,,,
2025-03-01 08:20:00,sample_data/synthetic_test/phase_01/synthetic_20250301_082000.tif,synthetic_test,4,insufficient_reference,,,,,,,,,,,,,,,,,,,,,,,,,,,,,,,,,,,,,
2025-03-01 08:25:00,sample_data/synthetic_test/phase_01/synthetic_20250301_082500.tif,synthetic_test,5,insufficient_reference,,,,,,,,,,,,,,,,,,,,,,,,,,,,,,,,,,,,,
2025-03-01 08:30:00,sample_data/synthetic_test/phase_01/synthetic_20250301_083000.tif,synthetic_test,6,insufficient_reference,,,,,,,,,,,,,,,,,,,,,,,,,,,,,,,,,,,,,
2025-03-01 08:35:00,sample_data/synthetic_test/phase_01/synthetic_20250301_083500.tif,synthetic_test,7,insufficient_reference,,,,,,,,,,,,,,,,,,,,,,,,,,,,,,,,,,,,,
2025-03-01 08:40:00,sample_data/synthetic_test/phase_01/synthetic_20250301_084000.tif,synthetic_test,8,insufficient_reference,,,,,,,,,,,,,,,,,,,,,,,,,,,,,,,,,,,,,
2025-03-01 08:45:00,sample_data/synthetic_test/phase_01/synthetic_20250301_084500.tif,synthetic_test,9,insufficient_reference,,,,,,,,,,,,,,,,,,,,,,,,,,,,,,,,,,,,,
2025-03-01 08:50:00,sample_data/synthetic_test/phase_01/synthetic_20250301_085000.tif,synthetic_test,10,ok,18.105239868164062,10.29998779296875,78.04499816894531,138.4860076904297,194.5,0.15054909905107156,9.722907066345215,23.5,0.030542390731964193,10.086140632629395,23.4000244140625,0.032878098128477494,9.764644622802734,23.5,0.03765281173594132,10.115004539489746,23.79998779296875,0.039589442815249266,10.231267929077148,24.70001220703125,0.04588457899716178,10.257831573486328,24.614980697631836,0.04494902687673772,26.444961547851562,106.20000457763672,0.2694085027726433,61.795265197753906,148.800048828125,0.7501105705440071,10.54207992553711,24.5,0.0466119982736297,148.800048828125,127.50002670288086,2.0,0.2222222222222222
2025-03-01 08:55:00,sample_data/synthetic_test/phase_01/synthetic_20250301_085500.tif,synthetic_test,11,ok,15.452003479003906,8.0999755859375,72.41502380371094,141.14295959472656,195.300048828125,0.11184561253865018,7.781095504760742,19.29998779296875,0.012111637704054766,8.189984321594238,19.920019149780273,0.015174506828528073,8.112127304077148,20.0,0.013202933985330073,8.042571067810059,19.5,0.013196480938416423,7.960737705230713,19.0999755859375,0.01229895931882687,8.360147476196289,20.5999755859375,0.017608897126969416,24.183317184448242,108.92500305175781,0.22828096118299446,54.26010513305664,150.199951171875,0.6249447147279965,8.616530418395996,21.639978408813477,0.022442813983599482,150.199951171875,129.5624771118164,2.0,0.2222222222222222
2025-03-01 09:00:00,sample_data/synthetic_test/phase_01/synthetic_20250301_090000.tif,synthetic_test,12,ok,14.422624588012695,7.70001220703125,65.91502380371094,138.81497192382812,200.9000244140625,0.09292035398230089,7.69036340713501,18.9000244140625,0.00842548709847288,7.72311544418335,18.920019149780273,0.0070814365199797676,7.952763080596924,19.4000244140625,0.012224938875305624,7.950048923492432,19.0,0.00635386119257087,8.127152442932129,19.70001220703125,0.015137180700094607,8.253520965576172,19.79998779296875,0.012974976830398516,22.600553512573242,106.800048828125,0.19963031423290203,48.19606399536133,146.5,0.5201238390092879,8.333922386169434,20.119983673095703,0.013810962451445835,146.5,126.6500244140625,2.0,0.2222222222222222
2025-03-01 09:05:00,sample_data/synthetic_test/phase_01/synthetic_20250301_090500.tif,synthetic_test,13,ok,13.89714241027832,8.0999755859375,52.9000244140625,128.68600463867188,201.300048828125,0.09004158225823648,8.481674194335938,21.0999755859375,0.017377567140600316,8.432019233703613,21.5,0.02276176024279211,8.416674613952637,20.0999755859375,0.012713936430317848,8.917596817016602,22.20001220703125,0.02346041055718475,8.705864906311035,21.79998779296875,0.02270577105014191,8.748286247253418,21.4000244140625,0.021316033364226137,21.402124404907227,98.93999481201172,0.19408502772643252,40.38602066040039,134.300048828125,0.44095532950022115,9.10094928741455,22.0999755859375,0.021148036253776436,134.300048828125,116.62002182006836,2.0,0.2222222222222222
2025-03-01 09:10:00,sample_data/synthetic_test/phase_01/synthetic_20250301_091000.tif,synthetic_test,14,ok,13.83718490600586,9.4000244140625,38.0999755859375,108.24299621582031,178.5999755859375,0.09697195863098411,9.890573501586914,24.0999755859375,0.040021063717746184,9.642691612243652,23.220006942749023,0.0343955488113303,10.070610046386719,24.079980850219727,0.042053789731051346,10.122286796569824,23.29998779296875,0.03714565004887586,10.150285720825195,23.9000244140625,0.035477767265846734,10.188368797302246,23.79998779296875,0.03985171455050973,19.89805793762207,86.18500518798828,0.17837338262476896,32.33281707763672,111.5999755859375,0.38832375055285273,10.543071746826172,24.9000244140625,0.0487699611566681,111.5999755859375,98.89249038696289,2.0,0.2222222222222222
2025-03-01 09:15:00,sample_data/synthetic_test/phase_01/synthetic_20250301_091500.tif,synthetic_test,15,ok,13.750267028808594,10.5,32.79998779296875,89.0429916381836,191.0,0.0996907985926005,10.576672554016113,24.5,0.042127435492364404,11.213860511779785,25.70001220703125,0.05867475973697522,10.68078327178955,24.9000244140625,0.0488997555012225,11.047213554382324,25.5,0.056695992179863146,11.395837783813477,25.935016632080078,0.061021759697256386,11.427200317382812,26.0999755859375,0.061631139944392954,18.02901840209961,71.70001220703125,0.1621996303142329,26.365413665771484,92.199951171875,0.31711632021229547,11.671124458312988,26.79998779296875,0.06689684937419077,92.199951171875,81.94998168945312,7.0,0.7777777777777778
2025-03-01 09:20:00,sample_data/synthetic_test/phase_01/synthetic_20250301_092000.tif,synthetic_test,16,ok,13.507723808288574,10.79998779296875,31.0999755859375,78.6999740600586,197.9000244140625,0.09697195863098411,11.515217781066895,25.79998779296875,0.05687203791469194,11.459281921386719,25.819995880126953,0.05867475973697522,11.326650619506836,25.70001220703125,0.05867970660146699,11.287732124328613,25.04998779296875,0.050342130987292275,11.593992233276367,26.13498878479004,0.06669820245979187,12.024420738220215,27.4000244140625,0.0783132530120482,15.998705863952637,48.855018615722656,0.14972273567467653,23.64590835571289,91.5999755859375,0.26006191950464397,11.788045883178711,27.20001220703125,0.0755287009063444,91.5999755859375,70.22749710083008,9.0,1.0
2025-03-01 09:25:00,sample_data/synthetic_test/phase_01/synthetic_20250301_092500.tif,synthetic_test,17,ok,13.310891151428223,10.29998779296875,28.5999755859375,106.4430160522461,210.79998779296875,0.07975263887408039,10.556554794311523,24.319988250732422,0.04265402843601896,11.12007999420166,25.5999755859375,0.05513404147698533,11.155452728271484,25.279993057250977,0.05281173594132029,11.114174842834473,25.4000244140625,0.0552297165200391,11.104968070983887,25.5,0.05534531693472091,11.367284774780273,25.79998779296875,0.057460611677479144,13.950230598449707,35.610008239746094,0.11090573012939002,26.639982223510742,137.0,0.21494913754975675,11.574190139770508,25.9000244140625,0.06128614587829089,137.0,86.30500411987305,8.0,0.8888888888888888
2025-03-01 09:30:00,sample_data/synthetic_test/phase_01/synthetic_20250301_093000.tif,synthetic_test,18,ok,13.5780029296875,9.0,27.4000244140625,172.70001220703125,219.5999755859375,0.06637168141592921,9.797788619995117,23.0,0.03528172722485519,9.893272399902344,24.0,0.03692463328275165,9.688948631286621,22.680004119873047,0.034229828850855744,9.648094177246094,22.79998779296875,0.030791788856304986,10.080368995666504,23.5999755859375,0.03642384105960265,10.349444389343262,24.5999755859375,0.04541241890639481,12.09182071685791,27.784992218017578,0.06746765249537892,36.75612258911133,185.0,0.22998673153471916,12.24134635925293,26.619983673095703,0.06473888649115235,185.0,106.39249610900879,3.0,0.3333333333333333
2025-03-01 09:35:00,sample_data/synthetic_test/phase_01/synthetic_20250301_093500.tif,synthetic_test,19,ok,13.968477249145508,7.70001220703125,26.5999755859375,186.5,219.79998779296875,0.05698901801897857,8.680727005004883,20.5999755859375,0.013164823591363875,8.46519947052002,20.5,0.015174506828528073,8.403861999511719,21.079980850219727,0.017603911980440097,8.607918739318848,21.175003051757812,0.01857282502443793,8.680888175964355,21.235004425048828,0.023178807947019868,8.930305480957031,22.0,0.025949953660797033,11.039325714111328,23.685007095336914,0.04205175600739371,47.109153747558594,191.0999755859375,0.28792569659442724,13.34311580657959,25.0,0.04920155373327579,191.0999755859375,108.04998779296875,1.0,0.1111111111111111
2025-03-01 09:40:00,sample_data/synthetic_test/phase_01/synthetic_20250301_094000.tif,synthetic_test,20,ok,15.479362487792969,7.0999755859375,36.15998077392578,197.94300842285156,236.5,0.061253865017592495,7.923328399658203,19.20001220703125,0.007898894154818325,7.651188373565674,18.420019149780273,0.008093070308548306,7.812469482421875,19.29998779296875,0.0117359413202934,7.882013320922852,19.5,0.012218963831867057,7.839451313018799,19.20001220703125,0.01229895931882687,8.19999885559082,19.715007781982422,0.009267840593141797,10.443669319152832,22.0999755859375,0.036044362292051754,60.05546569824219,200.5999755859375,0.35869084475895624,17.9503231048584,151.6800079345703,0.07207596029348295,200.5999755859375,176.1399917602539,2.0,0.2222222222222222
2025-03-01 09:45:00,sample_data/synthetic_test/phase_01/synthetic_20250301_094500.tif,synthetic_test,21,ok,18.249374389648438,7.79998779296875,128.3750457763672,204.5999755859375,229.79998779296875,0.08033905533638981,7.955080986022949,19.319988250732422,0.010005265929436546,8.36585807800293,20.70001220703125,0.015174506828528073,8.334179878234863,20.4000244140625,0.014180929095354523,8.479910850524902,20.675003051757812,0.015151515151515152,8.340728759765625,20.13498878479004,0.014191106906338695,8.61844253540039,20.514995574951172,0.018072289156626505,11.640572547912598,23.584980010986328,0.04066543438077634,72.56682586669922,205.4000244140625,0.4506855373728439,24.959430694580078,190.46002197265625,0.11091929218817437,205.4000244140625,197.93002319335938,2.0,0.2222222222222222
2025-03-01 09:50:00,sample_data/synthetic_test/phase_01/synthetic_20250301_095000.tif,synthetic_test,22,ok,22.02948760986328,10.0999755859375,144.69996643066406,209.77198791503906,242.29998779296875,0.12117496534811814,10.549657821655273,24.210010528564453,0.03896787783043707,10.399595260620117,24.619983673095703,0.04552352048558422,10.247725486755371,24.059986114501953,0.038141809290953545,10.420185089111328,23.79998779296875,0.03714565004887586,10.236045837402344,24.29998779296875,0.04541154210028382,10.518118858337402,24.614980697631836,0.04541241890639481,14.582716941833496,29.29998779296875,0.0799445471349353,84.04612731933594,211.70001220703125,0.5501990269792127,31.820932388305664,196.4400177001953,0.16961588260681917,211.70001220703125,204.07001495361328,3.0,0.3333333333333333
2025-03-01 09:55:00,sample_data/synthetic_test/phase_01/synthetic_20250301_095500.tif,synthetic_test,23,ok,26.980297088623047,14.4000244140625,156.5,215.20001220703125,252.5999755859375,0.19469026548672566,13.427961349487305,27.910022735595703,0.08372827804107424,13.741982460021973,28.420019149780273,0.09914011127971674,13.557554244995117,28.79998779296875,0.10268948655256724,13.896479606628418,29.574981689453125,0.11925708699902249,14.054636001586914,29.83500099182129,0.11684011352885525,14.165616989135742,29.415019989013672,0.12279888785912882,16.64066505432129,33.37002182006836,0.13262476894639558,94.29850006103516,215.0,0.6638655462184874,41.9703483581543,205.33999633789062,0.26542943461372465,215.0,210.1699981689453,9.0,1.0
2025-03-01 10:00:00,sample_data/synthetic_test/phase_01/synthetic_20250301_100000.tif,synthetic_test,24,ok,33.27321243286133,19.0,170.79998779296875,223.7860107421875,251.79998779296875,0.3136794967480542,17.282989501953125,33.29998779296875,0.20537124802527645,17.242286682128906,33.20001220703125,0.2094081942336874,17.913936614990234,34.0,0.22640586797066015,17.427127838134766,32.67500305175781,0.21603128054740958,17.830936431884766,33.79998779296875,0.22894985808893092,17.794761657714844,34.01499557495117,0.21918443002780352,20.284982681274414,37.28499221801758,0.25092421441774493,109.1100845336914,222.29998779296875,0.7797434763379035,55.367069244384766,219.79998779296875,0.42857142857142855,222.29998779296875,221.04998779296875,9.0,1.0
2025-03-01 10:05:00,sample_data/synthetic_test/phase_01/synthetic_20250301_100500.tif,synthetic_test,25,ok,39.779788970947266,23.29998779296875,181.7150115966797,231.385986328125,263.0999755859375,0.43720012794540997,20.582727432250977,36.20001220703125,0.3180621379673512,21.181537628173828,37.519996643066406,0.32524026302478504,21.216772079467773,37.18000411987305,0.3471882640586797,21.172971725463867,36.67500305175781,0.33724340175953077,21.48112678527832,37.9000244140625,0.33964049195837276,21.92877769470215,37.23001480102539,0.3730305838739574,23.85268211364746,40.88501739501953,0.38632162661737524,127.3497085571289,227.20001220703125,0.8881026094648385,68.04298400878906,228.760009765625,0.5636599050496331,228.760009765625,227.98001098632812,9.0,1.0
2025-03-01 10:10:00,sample_data/synthetic_test/phase_01/synthetic_20250301_101000.tif,synthetic_test,26,ok,44.91497039794922,26.9000244140625,184.70001220703125,234.84300231933594,265.4000244140625,0.5625333191171766,24.39626121520996,40.0999755859375,0.47709320695102686,24.112899780273438,40.0999755859375,0.4618108244815377,24.331050872802734,40.18000411987305,0.4684596577017115,24.76764488220215,41.274993896484375,0.48533724340175954,31.27057647705078,45.5,0.5037842951750237,27.458852767944336,42.79998779296875,0.5139017608897127,25.57204246520996,43.28499221801758,0.4879852125693161,132.08677673339844,223.5999755859375,0.9270234409553295,78.75003051757812,233.13998413085938,0.6879585671126457,233.13998413085938,228.36997985839844,9.0,1.0
2025-03-01 10:15:00,sample_data/synthetic_test/phase_01/synthetic_20250301_101500.tif,synthetic_test,27,ok,47.734458923339844,29.4000244140625,184.61497497558594,235.34300231933594,266.4000244140625,0.6426591321036358,26.194732666015625,42.0099983215332,0.5523959978936283,26.75751304626465,43.0999755859375,0.5644916540212443,26.53579330444336,42.20001220703125,0.5628361858190709,26.876440048217773,43.5999755859375,0.5718475073313783,41.32038497924805,223.1400146484375,0.5988647114474929,36.969970703125,53.644981384277344,0.6014828544949027,27.933456420898438,45.0999755859375,0.5910351201478743,124.55996704101562,209.79998779296875,0.9425033171163202,81.316650390625,225.92001342773438,0.752697453603798,225.92001342773438,224.53001403808594,9.0,1.0
2025-03-01 10:20:00,sample_data/synthetic_test/phase_01/synthetic_20250301_102000.tif,synthetic_test,28,ok,50.203704833984375,31.0,186.01499938964844,241.1429901123047,275.0999755859375,0.6914916302377652,27.196577072143555,43.0099983215332,0.583464981569247,27.97142219543457,43.5999755859375,0.6226605968639353,28.33491325378418,44.29998779296875,0.6278728606356968,28.212610244750977,45.15000915527344,0.6212121212121212,53.30595779418945,234.0,0.6821192052980133,52.720252990722656,236.7150115966797,0.6876737720111215,28.62851333618164,45.29998779296875,0.6261552680221811,115.19562530517578,190.699951171875,0.9429455992923486,79.87751770019531,217.20001220703125,0.7919723780750971,236.7150115966797,235.35750579833984,9.0,1.0
2025-03-01 10:25:00,sample_data/synthetic_test/phase_01/synthetic_20250301_102500.tif,synthetic_test,29,ok,50.37444305419922,31.20001220703125,183.3000030517578,238.44300842285156,270.0999755859375,0.6973557948608594,27.977935791015625,43.4100227355957,0.6303317535545023,27.724428176879883,43.0999755859375,0.6236722306525038,28.13447380065918,44.8800163269043,0.6127139364303178,28.078834533691406,44.600006103515625,0.6275659824046921,60.986473083496094,231.27999877929688,0.7029328287606433,64.17381286621094,237.20001220703125,0.6964782205746061,28.318113327026367,44.9000244140625,0.6238447319778189,105.6732406616211,171.0,0.9420610349402919,73.18572235107422,198.4200439453125,0.7816141562365128,237.20001220703125,234.24000549316406,9.0,1.0
2025-03-01 10:30:00,sample_data/synthetic_test/phase_01/synthetic_20250301_103000.tif,synthetic_test,30,ok,49.520286560058594,30.29998779296875,179.51499938964844,239.4000244140625,276.5,0.665849237658599,26.583045959472656,42.0,0.5613480779357557,26.910722732543945,42.5999755859375,0.5781487101669196,27.066308975219727,43.779991149902344,0.5775061124694376,27.051025390625,43.074981689453125,0.5811339198435973,63.604305267333984,227.04000854492188,0.6825922421948912,76.54527282714844,242.01499938964844,0.6936978683966636,26.752033233642578,43.29998779296875,0.5670055452865065,94.92121887207031,160.800048828125,0.9345422379478107,67.67608642578125,177.88003540039062,0.7712559343979284,242.01499938964844,234.52750396728516,9.0,1.0
2025-03-01 10:35:00,sample_data/synthetic_test/phase_01/synthetic_20250301_103500.tif,synthetic_test,31,ok,47.88833236694336,28.29998779296875,176.01499938964844,237.885986328125,278.20001220703125,0.6011301844546327,24.779830932617188,40.29998779296875,0.48657187993680884,24.509254455566406,40.31999588012695,0.47496206373292865,24.660783767700195,40.5999755859375,0.49144254278728605,24.72023582458496,40.4000244140625,0.47947214076246336,63.405391693115234,218.97000122070312,0.6272469252601703,88.90560913085938,242.02999877929688,0.6899907321594069,25.172597885131836,41.68500518798828,0.506007393715342,85.74834442138672,155.5999755859375,0.9026979212737727,60.91398620605469,156.13998413085938,0.7017695295640914,242.02999877929688,230.5,9.0,1.0
2025-03-01 10:40:00,sample_data/synthetic_test/phase_01/synthetic_20250301_104000.tif,synthetic_test,32,ok,45.252017974853516,25.20001220703125,174.199951171875,235.54298400878906,265.0,0.5033052564239258,21.072406768798828,36.5,0.33543970510795157,21.174758911132812,37.720008850097656,0.3434496712190187,21.527236938476562,36.0999755859375,0.36821515892420537,21.56348991394043,37.70001220703125,0.3572825024437928,59.977203369140625,210.47499084472656,0.5383159886471145,98.77062225341797,239.41502380371094,0.6654309545875811,21.801340103149414,38.4000244140625,0.3655268022181146,78.16828918457031,159.199951171875,0.8536045997346307,55.068885803222656,149.5,0.6353042727665085,239.41502380371094,224.94500732421875,9.0,1.0
2025-03-01 10:45:00,sample_data/synthetic_test/phase_01/synthetic_20250301_104500.tif,synthetic_test,33,ok,40.55219268798828,21.0,167.91502380371094,223.54298400878906,263.0999755859375,0.3910864697728969,17.60884666442871,33.30998992919922,0.20747761979989468,17.750885009765625,33.720008850097656,0.21851289833080426,17.60405731201172,33.3800163269043,0.20293398533007334,17.924978256225586,33.4000244140625,0.22580645161290322,52.09318542480469,193.5,0.4380321665089877,97.259033203125,231.2150115966797,0.6167747914735866,17.994964599609375,33.58498001098633,0.23706099815157117,69.90892791748047,161.9000244140625,0.7642636001769129,49.127662658691406,144.219970703125,0.5291324989210185,231.2150115966797,212.35750579833984,9.0,1.0
2025-03-01 10:50:00,sample_data/synthetic_test/phase_01/synthetic_20250301_105000.tif,synthetic_test,34,ok,36.839149475097656,16.5999755859375,166.199951171875,222.2429962158203,260.70001220703125,0.3024842733766926,13.644285202026367,28.5,0.0995260663507109,13.542943954467773,28.5999755859375,0.09812847749114821,13.64156436920166,28.860021591186523,0.10317848410757946,13.921259880065918,29.29998779296875,0.11485826001955034,46.518638610839844,179.239990234375,0.3680227057710501,99.41519927978516,229.0999755859375,0.6260426320667285,14.041404724121094,29.4000244140625,0.11552680221811461,63.543121337890625,166.5,0.6638655462184874,45.51791000366211,156.300048828125,0.4561933534743202,229.0999755859375,204.16998291015625,9.0,1.0
2025-03-01 10:55:00,sample_data/synthetic_test/phase_01/synthetic_20250301_105500.tif,synthetic_test,35,ok,32.68686294555664,12.4000244140625,158.41502380371094,215.5,253.4000244140625,0.24757436826953833,10.346498489379883,23.79998779296875,0.037914691943127965,10.150429725646973,24.5,0.04400606980273141,10.369241714477539,24.79998779296875,0.045965770171149146,10.480058670043945,24.5,0.043010752688172046,41.712158203125,167.9350128173828,0.3339640491958373,93.46612548828125,221.51499938964844,0.6399443929564411,10.604851722717285,24.5999755859375,0.044824399260628464,56.92870330810547,168.4000244140625,0.5758513931888545,42.546653747558594,166.5399932861328,0.38498057833405264,221.51499938964844,194.95751190185547,4.0,0.4444444444444444
2025-03-01 11:00:00,sample_data/synthetic_test/phase_01/synthetic_20250301_110000.tif,synthetic_test,36,ok,28.374967575073242,9.5999755859375,146.31504821777344,202.74302673339844,247.79998779296875,0.21222944876852542,8.204264640808105,20.4000244140625,0.017377567140600316,8.303035736083984,20.519994735717773,0.017703591299949417,8.476038932800293,20.079980850219727,0.01613691931540342,8.282355308532715,20.0999755859375,0.012218963831867057,35.671756744384766,154.80496215820312,0.2876064333017975,84.09410858154297,208.5449981689453,0.6427247451343837,8.857625007629395,21.584980010986328,0.024029574861367836,48.45121765136719,157.9000244140625,0.4940291906236179,38.04173278808594,162.8400421142578,0.3228312473025464,208.5449981689453,185.69252014160156,4.0,0.4444444444444444
2025-03-01 11:05:00,sample_data/synthetic_test/phase_01/synthetic_20250301_110500.tif,synthetic_test,37,ok,25.436779022216797,8.79998779296875,138.0,200.72900390625,251.0,0.19053203966307708,7.645391941070557,18.410022735595703,0.010005265929436546,7.646636009216309,19.0999755859375,0.0065756196256954984,7.674670219421387,18.5,0.007334963325183374,7.809335708618164,18.574981689453125,0.010263929618768328,32.11736297607422,154.81500244140625,0.2620624408703879,74.77882385253906,202.41502380371094,0.6214087117701576,7.908224582672119,19.0999755859375,0.012014787430683918,41.19770431518555,147.800048828125,0.42459088898717384,35.44147872924805,158.31997680664062,0.29132498921018557,202.41502380371094,180.36750030517578,4.0,0.4444444444444444
2025-03-01 11:10:00,sample_data/synthetic_test/phase_01/synthetic_20250301_111000.tif,synthetic_test,38,ok,22.548696517944336,9.20001220703125,118.22996520996094,182.44300842285156,252.5999755859375,0.17256637168141592,8.620748519897461,21.20001220703125,0.022643496577145865,8.57926082611084,20.79998779296875,0.020232675771370764,8.786992073059082,21.079980850219727,0.022004889975550123,8.607233047485352,20.0999755859375,0.013685239491691105,29.266366958618164,143.1699981689453,0.2336802270577105,60.34119415283203,178.30496215820312,0.5505097312326228,8.544731140136719,21.284992218017578,0.02264325323475046,33.78695297241211,132.0,0.3498452012383901,30.979543685913086,144.40005493164062,0.25809236081139403,178.30496215820312,161.35250854492188,4.0,0.4444444444444444
2025-03-01 11:15:00,sample_data/synthetic_test/phase_01/synthetic_20250301_111500.tif,synthetic_test,39,ok,19.896907806396484,10.0,94.83003997802734,154.4860076904297,236.20001220703125,0.1623307388847425,9.478830337524414,22.910022735595703,0.030542390731964193,9.640464782714844,23.29998779296875,0.030854830551340414,9.537750244140625,22.579980850219727,0.028361858190709046,9.704398155212402,23.475006103515625,0.03176930596285435,26.588882446289062,125.40502166748047,0.22043519394512773,46.65824890136719,146.93002319335938,0.4768303985171455,9.76441764831543,23.5,0.03465804066543438,27.820344924926758,110.4000244140625,0.3069438301636444,25.69585609436035,115.67997741699219,0.24816573154941735,146.93002319335938,136.16752243041992,4.0,0.4444444444444444
2025-03-01 11:20:00,sample_data/synthetic_test/phase_01/synthetic_20250301_112000.tif,synthetic_test,40,ok,18.390899658203125,11.0,77.0999755859375,139.199951171875,244.5,0.15108220492589827,10.435702323913574,23.70001220703125,0.040021063717746184,10.642184257507324,25.319995880126953,0.05311077389984825,10.941564559936523,25.0999755859375,0.05085574572127139,11.159285545349121,24.975006103515625,0.04985337243401759,25.58614158630371,131.04502868652344,0.2043519394512772,37.36214065551758,125.7149658203125,0.39990732159406855,11.127402305603027,25.20001220703125,0.05268022181146026,22.440998077392578,88.5999755859375,0.24546660769570985,22.608675003051758,95.9200210571289,0.22270176952956408,131.04502868652344,128.37999725341797,7.0,0.7777777777777778
2025-03-01 11:25:00,sample_data/synthetic_test/phase_01/synthetic_20250301_112500.tif,synthetic_test,41,ok,17.490314483642578,11.20001220703125,62.2149658203125,147.7429962158203,242.699951171875,0.13908732274229663,11.256818771362305,26.20001220703125,0.06003159557661927,11.145927429199219,25.420019149780273,0.054628224582701064,11.0907564163208,25.380016326904297,0.05378973105134474,11.804007530212402,26.79998779296875,0.07038123167155426,25.796876907348633,135.65005493164062,0.1934720908230842,31.67154884338379,127.80496215820312,0.3220574606116775,11.52781867980957,26.20001220703125,0.06284658040665435,18.688720703125,67.5999755859375,0.19416187527642637,21.62045669555664,85.739990234375,0.20500647388864912,135.65005493164062,131.72750854492188,9.0,1.0
2025-03-01 11:30:00,sample_data/synthetic_test/phase_01/synthetic_20250301_113000.tif,synthetic_test,42,ok,17.970102310180664,10.5,55.31499481201172,187.14295959472656,254.699951171875,0.11770977716174433,10.97435474395752,25.4000244140625,0.05476566614007372,10.734699249267578,25.0,0.04957005563985837,11.300195693969727,25.5,0.05672371638141809,11.12218952178955,25.249984741210938,0.051319648093841645,25.53566551208496,132.9650115966797,0.1825922421948912,34.32135772705078,175.61497497558594,0.2655236329935125,11.171626091003418,26.0,0.05822550831792976,16.67439079284668,47.5999755859375,0.13578062804068997,27.078853607177734,169.1599884033203,0.17738454898575745,175.61497497558594,172.38748168945312,8.0,0.8888888888888888
2025-03-01 11:35:00,sample_data/synthetic_test/phase_01/synthetic_20250301_113500.tif,synthetic_test,43,ok,19.176239013671875,9.4000244140625,95.9000244140625,216.14295959472656,261.800048828125,0.10368909265380105,9.825223922729492,23.30999183654785,0.034228541337546076,9.955740928649902,23.5999755859375,0.03338391502276176,9.891834259033203,23.29998779296875,0.03276283618581907,10.385435104370117,24.274993896484375,0.04105571847507331,26.66797637939453,151.01004028320312,0.17880794701986755,41.02094650268555,201.02999877929688,0.25301204819277107,10.206238746643066,24.385019302368164,0.04528650646950092,16.832727432250977,36.79998779296875,0.10039805395842548,33.96194076538086,203.219970703125,0.1881743634009495,203.219970703125,202.12498474121094,4.0,0.4444444444444444
2025-03-01 11:40:00,sample_data/synthetic_test/phase_01/synthetic_20250301_114000.tif,synthetic_test,44,ok,21.797510147094727,8.29998779296875,160.300048828125,231.9000244140625,258.4000244140625,0.10203646444183814,8.525909423828125,21.210010528564453,0.01685097419694576,8.436822891235352,20.70001220703125,0.01719777440566515,8.468411445617676,20.5999755859375,0.018581907090464547,8.77468204498291,21.70001220703125,0.02785923753665689,28.017362594604492,176.7349853515625,0.15799432355723747,53.344482421875,226.01499938964844,0.29842446709916587,8.979249954223633,22.0999755859375,0.025878003696857672,20.1053524017334,147.5999755859375,0.08447589562140646,45.526973724365234,227.11997985839844,0.23349158394475614,227.11997985839844,226.56748962402344,4.0,0.4444444444444444
2025-03-01 11:45:00,sample_data/synthetic_test/phase_01/synthetic_20250301_114500.tif,synthetic_test,45,ok,25.819374084472656,7.70001220703125,191.5999755859375,238.0,263.29998779296875,0.11861605714894978,7.774670600891113,19.420019149780273,0.010005265929436546,7.8602423667907715,19.519994735717773,0.0065756196256954984,7.850709438323975,19.9000244140625,0.010757946210268949,7.950831413269043,19.70001220703125,0.011730205278592375,29.881977081298828,188.405029296875,0.17218543046357615,68.28688049316406,228.51499938964844,0.3809082483781279,8.14583969116211,20.485004425048828,0.013401109057301294,26.51534652709961,210.5,0.11322423706324636,60.200042724609375,237.29998779296875,0.3034095813552007,237.29998779296875,232.9074935913086,4.0,0.4444444444444444
2025-03-01 11:50:00,sample_data/synthetic_test/phase_01/synthetic_20250301_115000.tif,synthetic_test,46,ok,29.850730895996094,8.4000244140625,201.31504821777344,241.19998168945312,272.70001220703125,0.14692397910224972,8.188151359558105,20.020000457763672,0.013164823591363875,7.997522354125977,19.5,0.012645422357106728,7.762395858764648,19.079980850219727,0.009779951100244499,8.218181610107422,19.9000244140625,0.013685239491691105,31.40997886657715,183.5999755859375,0.19110690633869443,79.509033203125,226.04501342773438,0.47914735866543096,8.150739669799805,20.0999755859375,0.01432532347504621,33.89959716796875,222.20001220703125,0.15081822202565237,73.62451171875,242.01998901367188,0.37980146741476045,242.01998901367188,234.03250122070312,4.0,0.4444444444444444
2025-03-01 11:55:00,sample_data/synthetic_test/phase_01/synthetic_20250301_115500.tif,synthetic_test,47,ok,34.527740478515625,11.0,204.4000244140625,247.44300842285156,278.20001220703125,0.18978569143831964,9.986519813537598,23.30999183654785,0.0315955766192733,9.766311645507812,22.019994735717773,0.0278199291856348,10.10171127319336,23.70001220703125,0.038141809290953545,9.9347505569458,23.375015258789062,0.03128054740957967,33.0709114074707,185.0349884033203,0.21333964049195836,87.24397277832031,222.61497497558594,0.5708989805375347,10.12971305847168,24.0,0.04066543438077634,42.30831527709961,231.5,0.21539141972578504,86.83837127685547,249.4000244140625,0.4695727233491584,249.4000244140625,240.45001220703125,4.0,0.4444444444444444
2025-03-01 12:00:00,sample_data/synthetic_test/phase_01/synthetic_20250301_120000.tif,synthetic_test,48,ok,40.42698287963867,15.20001220703125,209.5999755859375,256.2430114746094,283.9000244140625,0.2623947115897217,12.894049644470215,28.0999755859375,0.08109531332280147,13.024531364440918,27.319995880126953,0.08952959028831563,13.20914363861084,28.380016326904297,0.09290953545232274,13.199413299560547,28.675003051757812,0.09579667644183773,35.227909088134766,175.405029296875,0.260643330179754,95.04166412353516,221.81504821777344,0.6668211306765524,13.307994842529297,28.70001220703125,0.09473197781885398,55.69292068481445,247.5999755859375,0.31180893409995575,99.35295867919922,256.1199951171875,0.586965904186448,256.1199951171875,251.8599853515625,9.0,1.0
2025-03-01 12:05:00,sample_data/synthetic_test/phase_01/synthetic_20250301_120500.tif,synthetic_test,49,ok,44.88469696044922,20.0,209.11497497558594,260.8430480957031,301.0999755859375,0.35590148203433203,16.66061019897461,31.9000244140625,0.18220115850447605,17.0880126953125,31.920019149780273,0.18209408194233687,17.109779357910156,32.70001220703125,0.19364303178484107,17.225906372070312,33.20001220703125,0.1823069403714565,36.748958587646484,163.29000854492188,0.3491012298959319,94.0704345703125,214.24496459960938,0.711306765523633,17.17943572998047,32.58498001098633,0.20656192236598891,64.33445739746094,247.0999755859375,0.41884122069880586,110.0671157836914,262.79998779296875,0.6974536037980147,262.79998779296875,254.94998168945312,9.0,1.0
2025-03-01 12:10:00,sample_data/synthetic_test/phase_01/synthetic_20250301_121000.tif,synthetic_test,50,ok,49.644996643066406,24.0999755859375,213.5999755859375,268.64300537109375,300.9000244140625,0.47174538863418275,20.109373092651367,35.81998825073242,0.2996313849394418,20.47936248779297,36.5999755859375,0.3272635306019221,20.549535751342773,36.279991149902344,0.30513447432762836,21.03328514099121,36.94999694824219,0.3455522971652004,36.00109100341797,141.9750518798828,0.44087038789025546,84.8456039428711,198.24496459960938,0.7224281742354032,21.387847900390625,37.0999755859375,0.36090573012939003,77.16328430175781,259.20001220703125,0.5608137992038921,130.36656188964844,269.84002685546875,0.8100992662926197,269.84002685546875,264.52001953125,9.0,1.0
2025-03-01 12:15:00,sample_data/synthetic_test/phase_01/synthetic_20250301_121500.tif,synthetic_test,51,ok,53.340736389160156,27.5999755859375,215.11497497558594,274.0999755859375,303.29998779296875,0.577033798912464,23.584518432617188,38.71001052856445,0.4291732490784623,23.979867935180664,39.9000244140625,0.451188669701568,24.38875389099121,40.70001220703125,0.4797066014669927,24.332744598388672,40.79998779296875,0.4633431085043988,34.695030212402344,117.08002471923828,0.5354777672658467,70.17947387695312,172.11497497558594,0.726598702502317,24.648656845092773,41.0999755859375,0.4787430683918669,88.78973388671875,265.4000244140625,0.6815568332596197,149.24212646484375,274.7999572753906,0.8895123003884333,274.7999572753906,270.09999084472656,9.0,1.0
2025-03-01 12:20:00,sample_data/synthetic_test/phase_01/synthetic_20250301_122000.tif,synthetic_test,52,ok,53.79303741455078,30.0,208.11497497558594,267.3430480957031,309.199951171875,0.6514020684507943,25.939125061035156,41.0999755859375,0.5476566614007372,26.399139404296875,41.81999588012695,0.556398583712696,26.60801887512207,42.79998779296875,0.5638141809290954,26.367645263671875,42.574981689453125,0.5420332355816226,33.66887283325195,92.44497680664062,0.6130558183538316,57.9820671081543,146.91502380371094,0.7349397590361446,27.063817977905273,43.20001220703125,0.5711645101663586,92.16639709472656,261.4000244140625,0.7496682883679787,151.289306640625,265.8200378417969,0.92921881743634,265.8200378417969,263.6100311279297,9.0,1.0
2025-03-01 12:25:00,sample_data/synthetic_test/phase_01/synthetic_20250301_122500.tif,synthetic_test,53,ok,51.629859924316406,31.0999755859375,191.7149658203125,252.34303283691406,301.199951171875,0.6867469879518072,27.526065826416016,43.5,0.5992627698788836,27.90743637084961,43.81999588012695,0.6059686393525544,27.74171257019043,43.4000244140625,0.6200488997555013,27.899660110473633,44.70001220703125,0.6099706744868035,32.28169250488281,70.93501281738281,0.6542100283822138,47.25977325439453,120.52999114990234,0.7075996292863763,28.28530502319336,44.5,0.6229205175600739,87.63290405273438,245.5,0.7841662980981866,143.16957092285156,249.719970703125,0.9356927060854553,249.719970703125,247.6099853515625,9.0,1.0
2025-03-01 12:30:00,sample_data/synthetic_test/phase_01/synthetic_20250301_123000.tif,synthetic_test,54,ok,48.619110107421875,30.9000244140625,175.199951171875,232.9000244140625,304.199951171875,0.6902121761381811,27.83559799194336,43.11997604370117,0.6192733017377567,27.926759719848633,43.4000244140625,0.6155791603439554,27.778728485107422,43.579978942871094,0.6117359413202934,28.062463760375977,43.79998779296875,0.626099706744868,29.9615421295166,51.93501663208008,0.6343424787133396,38.66330337524414,96.46002960205078,0.6645041705282669,28.732994079589844,44.70001220703125,0.6483364140480592,83.46775817871094,230.0,0.8027421494913755,131.43197631835938,223.9600067138672,0.9369874838152784,230.0,226.9800033569336,9.0,1.0
2025-03-01 12:35:00,sample_data/synthetic_test/phase_01/synthetic_20250301_123500.tif,synthetic_test,55,ok,44.7657585144043,29.79998779296875,161.5,206.5,303.5,0.6538010448875147,26.521272659301758,41.81998825073242,0.564507635597683,26.964845657348633,42.9000244140625,0.5842185128983308,27.44606590270996,43.759986877441406,0.5946210268948655,27.424341201782227,43.5,0.5987292277614858,28.003074645996094,46.800010681152344,0.5969725638599811,31.775718688964844,72.81504821777344,0.6037998146431881,27.18364143371582,43.0999755859375,0.5859519408502772,75.23011779785156,197.699951171875,0.7801857585139319,120.46623992919922,203.0399932861328,0.92921881743634,203.0399932861328,200.3699722290039,9.0,1.0
2025-03-01 12:40:00,sample_data/synthetic_test/phase_01/synthetic_20250301_124000.tif,synthetic_test,56,ok,40.494300842285156,27.4000244140625,150.0,187.800048828125,258.0999755859375,0.576873867150016,24.48272705078125,40.10997772216797,0.473407056345445,25.16534996032715,40.720008850097656,0.5042994436014163,25.185279846191406,41.68000411987305,0.5061124694376528,25.007966995239258,41.70001220703125,0.4995112414467253,25.25066375732422,41.43501663208008,0.5104068117313151,26.577852249145508,53.61497116088867,0.5069508804448564,25.230545043945312,41.78499221801758,0.5009242144177449,67.11827087402344,176.199951171875,0.729765590446705,109.78692626953125,189.5,0.9132498921018558,189.5,182.8499755859375,9.0,1.0
2025-03-01 12:45:00,sample_data/synthetic_test/phase_01/synthetic_20250301_124500.tif,synthetic_test,57,ok,35.980079650878906,24.20001220703125,135.4000244140625,184.0999755859375,226.800048828125,0.47387781213348973,21.55150032043457,37.5999755859375,0.36229594523433384,21.814922332763672,37.1199836730957,0.36317653009610523,22.22132110595703,38.55998611450195,0.38581907090464546,22.140518188476562,37.9000244140625,0.3787878787878788,22.276111602783203,38.834999084472656,0.3935666982024598,22.23424530029297,41.81504440307617,0.3860055607043559,22.206331253051758,38.4000244140625,0.38493530499075784,60.4669189453125,165.9000244140625,0.6510393631136665,99.07099914550781,189.800048828125,0.8882175226586103,189.800048828125,177.85003662109375,9.0,1.0
2025-03-01 12:50:00,sample_data/synthetic_test/phase_01/synthetic_20250301_125000.tif,synthetic_test,58,ok,31.357561111450195,20.20001220703125,126.61497497558594,189.5999755859375,241.5,0.3491310374240324,17.603843688964844,32.60997772216797,0.21274354923644023,18.142791748046875,34.240013122558594,0.2276176024279211,18.21021842956543,33.279991149902344,0.23863080684596577,18.641590118408203,33.9000244140625,0.25268817204301075,18.51636505126953,34.43501663208008,0.2507095553453169,18.39893341064453,35.79999542236328,0.24189063948100092,18.465574264526367,33.88501739501953,0.23613678373382624,54.93785858154297,166.9000244140625,0.562140645731977,90.00094604492188,197.01998901367188,0.8299525248165731,197.01998901367188,181.9600067138672,9.0,1.0
2025-03-01 12:55:00,sample_data/synthetic_test/phase_01/synthetic_20250301_125500.tif,synthetic_test,59,ok,26.885019302368164,15.5999755859375,118.9000244140625,198.28598022460938,264.199951171875,0.24160358247147884,14.10236930847168,29.0,0.110057925223802,14.034850120544434,29.79998779296875,0.10976226605968639,14.27515983581543,29.79998779296875,0.12518337408312957,14.454740524291992,30.20001220703125,0.13147605083088953,14.461872100830078,30.604995727539062,0.13103122043519394,14.687302589416504,29.9000244140625,0.12974976830398516,14.4560546875,30.20001220703125,0.13493530499075784,50.59557342529297,173.9000244140625,0.4666076957098629,82.12882995605469,205.3600311279297,0.7514026758739749,205.3600311279297,189.6300277709961,9.0,1.0
2025-03-01 13:00:00,sample_data/synthetic_test/phase_01/synthetic_20250301_130000.tif,synthetic_test,60,ok,22.915912628173828,11.4000244140625,115.81504821777344,204.44300842285156,280.699951171875,0.16600916942104701,10.766615867614746,25.0999755859375,0.05107951553449184,10.479615211486816,24.220006942749023,0.03945371775417299,10.701857566833496,26.0999755859375,0.05965770171149144,11.056987762451172,25.20001220703125,0.05327468230694037,10.912251472473145,24.805007934570312,0.04872280037842952,11.208202362060547,25.5,0.05468025949953661,11.175786018371582,25.385019302368164,0.054528650646950096,46.77743911743164,185.9000244140625,0.3861123396727112,74.6496353149414,210.0600128173828,0.6659473457056538,210.0600128173828,197.98001861572266,7.0,0.7777777777777778
2025-03-01 13:05:00,sample_data/synthetic_test/phase_01/synthetic_20250301_130500.tif,synthetic_test,61,ok,19.35822105407715,8.5,104.41502380371094,203.2429962158203,271.5,0.12021537477343,8.493470191955566,20.6099796295166,0.020537124802527645,8.660697937011719,21.019994735717773,0.017703591299949417,8.196040153503418,20.29998779296875,0.022493887530562348,8.725708961486816,20.9000244140625,0.020039100684261974,8.74465560913086,21.79998779296875,0.021759697256385997,8.616727828979492,21.5,0.020389249304911955,9.016728401184082,21.29998779296875,0.02033271719038817,41.257537841796875,180.5999755859375,0.31977001326846527,64.99896240234375,204.9400177001953,0.5476909797151489,204.9400177001953,192.7699966430664,2.0,0.2222222222222222
2025-03-01 13:10:00,sample_data/synthetic_test/phase_01/synthetic_20250301_131000.tif,synthetic_test,62,ok,17.298561096191406,7.5999755859375,90.31504821777344,195.0859832763672,281.5999755859375,0.10017059387994456,7.676302909851074,18.410022735595703,0.00842548709847288,7.82483434677124,19.220006942749023,0.00556398583712696,7.592127323150635,18.9000244140625,0.008801955990220049,7.794965744018555,19.0999755859375,0.010263929618768328,7.872280120849609,19.269977569580078,0.008987701040681173,8.139296531677246,20.0999755859375,0.015755329008341055,7.844360828399658,19.200002670288086,0.009242144177449169,37.543914794921875,174.199951171875,0.2857142857142857,56.917999267578125,195.9800262451172,0.48554164868364263,195.9800262451172,185.0899887084961,2.0,0.2222222222222222
2025-03-01 13:15:00,sample_data/synthetic_test/phase_01/synthetic_20250301_131500.tif,synthetic_test,63,ok,15.932770729064941,7.9000244140625,71.91502380371094,175.300048828125,274.5,0.09499946689412517,8.152711868286133,20.29998779296875,0.014218009478672985,8.214112281799316,19.819995880126953,0.015174506828528073,8.154963493347168,19.70001220703125,0.014669926650366748,8.506011962890625,20.175003051757812,0.01710654936461388,8.418258666992188,21.0999755859375,0.020813623462630087,8.777758598327637,21.300048828125,0.022706209453197405,8.310073852539062,20.29998779296875,0.018484288354898338,32.766475677490234,157.199951171875,0.26271561256081377,46.7242546081543,175.3400421142578,0.4156236512731981,175.3400421142578,166.2699966430664,2.0,0.2222222222222222
2025-03-01 13:20:00,sample_data/synthetic_test/phase_01/synthetic_20250301_132000.tif,synthetic_test,64,ok,15.046663284301758,9.0999755859375,49.12998580932617,145.199951171875,236.9000244140625,0.0935067704446103,9.068931579589844,22.20001220703125,0.021590310689836755,9.548152923583984,22.619983673095703,0.02680829539706626,9.640783309936523,22.29998779296875,0.02787286063569682,9.705472946166992,23.20001220703125,0.028836754643206255,9.871048927307129,23.534992218017578,0.033112582781456956,9.818721771240234,23.215017318725586,0.03521779425393883,9.681422233581543,23.784992218017578,0.03835489833641405,28.108448028564453,133.0999755859375,0.23706324635117204,36.26823806762695,144.11996459960938,0.3504531722054381,144.11996459960938,138.60997009277344,2.0,0.2222222222222222
2025-03-01 13:25:00,sample_data/synthetic_test/phase_01/synthetic_20250301_132500.tif,synthetic_test,65,ok,14.584705352783203,10.20001220703125,34.21500778198242,118.42901611328125,196.0,0.10219639620428617,10.425277709960938,24.5999755859375,0.0468667719852554,10.703540802001953,24.70001220703125,0.04754678806272129,10.655012130737305,24.880016326904297,0.0469437652811736,11.007135391235352,25.29998779296875,0.05229716520039101,10.948958396911621,25.0,0.04919583727530748,11.42479133605957,26.0,0.06255792400370713,11.108503341674805,26.084980010986328,0.05822550831792976,23.40791893005371,105.699951171875,0.21583370190181336,28.989166259765625,118.36003112792969,0.30427276650841606,118.36003112792969,112.02999114990234,5.0,0.5555555555555556
2025-03-01 13:30:00,sample_data/synthetic_test/phase_01/synthetic_20250301_133000.tif,synthetic_test,66,ok,14.023130416870117,10.79998779296875,31.29998779296875,97.22899627685547,231.0999755859375,0.09622561040622668,11.147287368774414,25.009998321533203,0.050026329647182725,11.149368286132812,25.20001220703125,0.05209914011127972,11.575695991516113,25.579980850219727,0.05623471882640587,11.860020637512207,26.475006103515625,0.0689149560117302,11.318306922912598,26.0,0.06054872280037843,11.490593910217285,26.114980697631836,0.060704355885078776,11.440388679504395,25.784992218017578,0.05683918669131238,19.897565841674805,83.9000244140625,0.17912428129146396,24.616357803344727,96.9200439453125,0.25636599050496334,96.9200439453125,90.4100341796875,9.0,1.0
2025-03-01 13:35:00,sample_data/synthetic_test/phase_01/synthetic_20250301_133500.tif,synthetic_test,67,ok,13.625417709350586,10.300048828125,29.4000244140625,95.5,291.0,0.0836443117603156,10.589098930358887,24.29998779296875,0.04107424960505529,11.032169342041016,24.920019149780273,0.04704097116843703,11.063716888427734,25.4000244140625,0.05330073349633252,11.081476211547852,25.5,0.05571847507331378,11.338836669921875,25.235004425048828,0.052980132450331126,11.37863826751709,25.84503746032715,0.056533827618164965,11.286921501159668,26.0,0.05822550831792976,16.848783493041992,56.699951171875,0.15126050420168066,25.947389602661133,146.260009765625,0.210617177384549,146.260009765625,101.47998046875,7.0,0.7777777777777778
2025-03-01 13:40:00,sample_data/synthetic_test/phase_01/synthetic_20250301_134000.tif,synthetic_test,68,ok,14.258268356323242,9.29998779296875,27.4000244140625,213.2429962158203,290.199951171875,0.06690478729075594,10.00942611694336,23.319988250732422,0.038441284886782515,10.122002601623535,23.5999755859375,0.03844208396560445,10.050905227661133,23.579980850219727,0.037163814180929094,10.249168395996094,24.449996948242188,0.04349951124144673,10.387227058410645,24.30000877380371,0.042100283822138124,10.448098182678223,24.4000244140625,0.042632066728452274,10.370795249938965,24.885019302368164,0.04805914972273567,16.047502517700195,37.199951171875,0.10128261831048209,37.396331787109375,242.5600128173828,0.18903754855416488,242.5600128173828,139.8799819946289,2.0,0.2222222222222222
2025-03-01 13:45:00,sample_data/synthetic_test/phase_01/synthetic_20250301_134500.tif,synthetic_test,69,ok,15.242728233337402,8.0,25.800048828125,255.14295959472656,298.5,0.05480328393218893,8.867563247680664,21.4000244140625,0.024749868351764088,8.866109848022461,21.920019149780273,0.021244309559939303,9.048606872558594,21.959997177124023,0.020048899755501223,8.992570877075195,21.274993896484375,0.02541544477028348,9.094985008239746,22.0,0.025070955534531692,8.972289085388184,22.0,0.025486561631139944,9.05794906616211,22.084980010986328,0.02356746765249538,16.570322036743164,30.300048828125,0.07076514816452897,52.80785369873047,265.219970703125,0.23133362106171773,265.219970703125,147.760009765625,2.0,0.2222222222222222
2025-03-01 13:50:00,sample_data/synthetic_test/phase_01/synthetic_20250301_135000.tif,synthetic_test,70,ok,17.43082046508789,7.29998779296875,27.215007781982422,271.800048828125,320.199951171875,0.055762874506877065,8.027909278869629,18.79998779296875,0.011058451816745656,7.810522079467773,19.619983673095703,0.013657056145675266,8.044888496398926,18.5,0.010757946210268949,7.882160663604736,19.175003051757812,0.01270772238514174,8.205204010009766,19.534992218017578,0.01466414380321665,8.464921951293945,20.514995574951172,0.016682113067655237,8.114603042602539,19.885019302368164,0.013863216266173753,18.615436553955078,60.9000244140625,0.06147722246793454,74.27112579345703,278.9200134277344,0.3129046180405697,278.9200134277344,169.91001892089844,2.0,0.2222222222222222
2025-03-01 13:55:00,sample_data/synthetic_test/phase_01/synthetic_20250301_135500.tif,synthetic_test,71,ok,19.41259002685547,7.4000244140625,107.8649673461914,271.0429992675781,313.300048828125,0.06743789316558269,7.978777885437012,19.30999183654785,0.012111637704054766,8.0560941696167,19.420019149780273,0.010622154779969651,8.159754753112793,20.180004119873047,0.015647921760391197,8.018377304077148,19.70001220703125,0.008308895405669599,8.33831787109375,20.0,0.015137180700094607,8.422752380371094,20.300048828125,0.018072289156626505,8.161553382873535,20.185007095336914,0.0166358595194085,19.227554321289062,110.800048828125,0.07430340557275542,88.977294921875,279.55999755859375,0.3901596892533448,279.55999755859375,195.18002319335938,2.0,0.2222222222222222
2025-03-01 14:00:00,sample_data/synthetic_test/phase_01/synthetic_20250301_140000.tif,synthetic_test,72,ok,23.92604637145996,9.199951171875,182.60499572753906,285.9859924316406,311.699951171875,0.09787823861818958,9.454766273498535,22.70001220703125,0.02632964718272775,9.612796783447266,22.70001220703125,0.030854830551340414,9.707822799682617,22.680004119873047,0.025427872860635695,9.48973560333252,22.5999755859375,0.028347996089931573,9.692573547363281,23.235004425048828,0.038315988647114475,9.906858444213867,23.715007781982422,0.0366079703429101,9.66871452331543,22.685007095336914,0.026802218114602587,21.923351287841797,142.5999755859375,0.10482087571870853,113.37212371826172,291.67999267578125,0.5058264997842037,291.67999267578125,217.13998413085938,2.0,0.2222222222222222
2025-03-01 14:05:00,sample_data/synthetic_test/phase_01/synthetic_20250301_140500.tif,synthetic_test,73,ok,28.22464370727539,12.79998779296875,190.44500732421875,283.0429992675781,322.699951171875,0.15854568717347264,12.71395492553711,27.210010528564453,0.07740916271721959,12.589631080627441,27.019994735717773,0.07587253414264036,12.292372703552246,27.380016326904297,0.08166259168704157,12.505620956420898,27.4000244140625,0.07575757575757576,12.920387268066406,28.5,0.09366130558183539,13.06000804901123,28.514995574951172,0.09916589434661724,12.654666900634766,27.084980010986328,0.08179297597042513,24.604421615600586,127.800048828125,0.15966386554621848,126.87345886230469,293.3200378417969,0.6184721622788089,293.3200378417969,210.56004333496094,9.0,1.0
2025-03-01 14:10:00,sample_data/synthetic_test/phase_01/synthetic_20250301_141000.tif,synthetic_test,74,ok,33.93478775024414,17.4000244140625,203.300048828125,292.77197265625,331.5,0.2599957351530014,16.052764892578125,31.9000244140625,0.1664033701948394,16.543399810791016,31.720006942749023,0.18411734951947395,16.66073226928711,32.79998779296875,0.18484107579462103,16.389101028442383,31.675003051757812,0.17253176930596287,16.677152633666992,32.70001220703125,0.1816461684011353,16.587953567504883,33.31504440307617,0.19184430027803523,16.741310119628906,33.29998779296875,0.18807763401109057,30.99968910217285,159.199951171875,0.26006191950464397,143.4472198486328,301.1199645996094,0.7380233059991368,301.1199645996094,230.1599578857422,9.0,1.0
2025-03-01 14:15:00,sample_data/synthetic_test/phase_01/synthetic_20250301_141500.tif,synthetic_test,75,ok,39.6362419128418,22.0,215.44500732421875,296.9430236816406,331.0,0.39503145324661476,19.636228561401367,36.20001220703125,0.28541337546076884,20.00859832763672,35.5999755859375,0.2979261507334345,20.497116088867188,36.3800163269043,0.32078239608801956,20.46080207824707,36.574981689453125,0.31573802541544477,21.09394645690918,36.9000244140625,0.34105960264900664,20.87771224975586,36.9000244140625,0.34244670991658943,20.85503578186035,37.0999755859375,0.327634011090573,32.774169921875,140.4000244140625,0.39628482972136225,163.62814331054688,305.44000244140625,0.8536901165299957,305.44000244140625,222.92001342773438,9.0,1.0
2025-03-01 14:20:00,sample_data/synthetic_test/phase_01/synthetic_20250301_142000.tif,synthetic_test,76,ok,44.104007720947266,25.5,217.22996520996094,290.4859924316406,336.5999755859375,0.5159398656573195,23.198312759399414,38.71001052856445,0.40968931016324384,23.586748123168945,39.79998779296875,0.44461305007587254,23.780000686645508,40.5999755859375,0.447921760391198,23.87224006652832,40.475006103515625,0.44379276637341153,24.013578414916992,39.800010681152344,0.45600756859035,24.292030334472656,40.9000244140625,0.4643188137164041,24.343345642089844,40.569984436035156,0.4658040665434381,33.24237060546875,111.0,0.5223352498894295,177.7943115234375,303.5999755859375,0.9236081139404402,303.5999755859375,207.29998779296875,9.0,1.0
2025-03-01 14:25:00,sample_data/synthetic_test/phase_01/synthetic_20250301_142500.tif,synthetic_test,77,ok,47.96760559082031,28.20001220703125,220.83004760742188,299.300048828125,339.800048828125,0.6081671820023457,25.76276969909668,41.4100227355957,0.5339652448657188,25.704957962036133,42.4000244140625,0.5118866970156803,26.185474395751953,42.20001220703125,0.5476772616136919,26.23206329345703,42.0999755859375,0.5498533724340176,26.680700302124023,42.634986877441406,0.5624408703878903,30.811819076538086,44.81499481201172,0.5885078776645042,26.515480041503906,43.29998779296875,0.5480591497227357,34.70269775390625,101.5999755859375,0.6165413533834586,189.47885131835938,306.94000244140625,0.9602934829520933,306.94000244140625,204.26998901367188,9.0,1.0
2025-03-01 14:30:00,sample_data/synthetic_test/phase_01/synthetic_20250301_143000.tif,synthetic_test,78,ok,50.091552734375,29.9000244140625,211.699951171875,297.3430480957031,346.0,0.6740590681309307,27.038494110107422,43.10997772216797,0.5708267509215377,27.66752815246582,43.720008850097656,0.6095093576125442,28.25144386291504,43.980003356933594,0.6288508557457213,27.46759605407715,43.475006103515625,0.6041055718475073,28.305864334106445,45.199951171875,0.6385998107852412,48.43785858154297,303.8199462890625,0.6844300278035218,28.35619354248047,44.9000244140625,0.6372458410351202,34.7066764831543,95.4000244140625,0.6638655462184874,181.28587341308594,287.44000244140625,0.974104445403539,303.8199462890625,295.6299743652344,9.0,1.0
2025-03-01 14:35:00,sample_data/synthetic_test/phase_01/synthetic_20250301_143500.tif,synthetic_test,79,ok,50.04005813598633,30.5999755859375,202.51499938964844,289.4720153808594,346.300048828125,0.6896257596758716,27.903738021850586,43.9000244140625,0.6129541864139021,27.831514358520508,43.79998779296875,0.6140617096611026,28.60283660888672,45.0,0.643520782396088,28.44975471496582,44.5999755859375,0.635386119257087,29.01736068725586,45.699951171875,0.6622516556291391,59.78479766845703,302.1149597167969,0.6955514365152919,28.236459732055664,44.5999755859375,0.6344731977818854,34.331668853759766,85.0,0.6855373728438744,168.05873107910156,257.3200378417969,0.9745360379801468,302.1149597167969,279.7174987792969,9.0,1.0
2025-03-01 14:40:00,sample_data/synthetic_test/phase_01/synthetic_20250301_144000.tif,synthetic_test,80,ok,48.969364166259766,29.5999755859375,197.91502380371094,286.199951171875,342.5,0.6555069836869603,27.008161544799805,42.30998992919922,0.5892575039494471,27.327363967895508,43.29998779296875,0.595852301466869,27.114913940429688,43.480003356933594,0.5863080684596577,27.621845245361328,44.17500305175781,0.5904203323558163,28.02724838256836,44.234962463378906,0.6177861873226111,70.31436920166016,303.9200439453125,0.680259499536608,27.595056533813477,43.79998779296875,0.5914972273567468,31.9161434173584,70.300048828125,0.6390977443609023,156.45895385742188,236.23995971679688,0.9671989641778161,303.9200439453125,270.0800018310547,9.0,1.0
2025-03-01 14:45:00,sample_data/synthetic_test/phase_01/synthetic_20250301_144500.tif,synthetic_test,81,ok,46.36967468261719,27.70001220703125,192.300048828125,277.1290283203125,337.699951171875,0.5926538010448875,24.621538162231445,39.81998825073242,0.48657187993680884,25.606830596923828,41.31999588012695,0.5280728376327769,25.057897567749023,41.70001220703125,0.48948655256723717,25.540128707885742,41.87501525878906,0.5102639296187683,25.613529205322266,42.0999755859375,0.5184484389782403,75.45801544189453,294.8150329589844,0.6450417052826691,25.959842681884766,41.78499221801758,0.5351201478743068,29.260461807250977,54.800048828125,0.5931003980539584,143.45590209960938,222.219970703125,0.9594302977988779,294.8150329589844,258.5175018310547,9.0,1.0
2025-03-01 14:50:00,sample_data/synthetic_test/phase_01/synthetic_20250301_145000.tif,synthetic_test,82,ok,42.8043327331543,24.70001220703125,186.5,265.9430236816406,335.699951171875,0.4905640260155667,22.098526000976562,37.31998825073242,0.3828330700368615,22.281030654907227,37.5999755859375,0.38694992412746587,22.388708114624023,37.9000244140625,0.37897310513447435,22.466325759887695,38.79998779296875,0.396871945259042,23.100757598876953,38.93501663208008,0.423841059602649,75.93911743164062,288.97503662109375,0.5551436515291936,23.285581588745117,39.2850341796875,0.4320702402957486,24.69097900390625,46.199951171875,0.43653250773993807,132.902587890625,227.0399932861328,0.9533880017263703,288.97503662109375,258.0075149536133,9.0,1.0
2025-03-01 14:55:00,sample_data/synthetic_test/phase_01/synthetic_20250301_145500.tif,synthetic_test,83,ok,38.015872955322266,21.0999755859375,176.300048828125,252.5999755859375,333.300048828125,0.3790382770018126,18.71616554260254,35.0999755859375,0.2601369141653502,18.961658477783203,34.9000244140625,0.257460799190693,18.842493057250977,34.679954528808594,0.25770171149144255,19.150781631469727,34.975006103515625,0.2761485826001955,19.178049087524414,35.0,0.27057710501419113,70.55375671386719,270.3150329589844,0.4823911028730306,19.63761329650879,35.58498001098633,0.2897412199630314,20.25143814086914,38.300048828125,0.29721362229102166,121.64774322509766,231.4000244140625,0.92921881743634,270.3150329589844,250.85752868652344,9.0,1.0
2025-03-01 15:00:00,sample_data/synthetic_test/phase_01/synthetic_20250301_150000.tif,synthetic_test,84,ok,32.35511016845703,16.5,162.9000244140625,247.94300842285156,322.800048828125,0.264473824501546,15.030488967895508,30.710010528564453,0.13744075829383887,14.813250541687012,31.0999755859375,0.13657056145675264,15.09139347076416,30.4000244140625,0.15207823960880196,14.976832389831543,30.9000244140625,0.135386119257087,15.606669425964355,31.034992218017578,0.15562913907284767,61.6847038269043,250.52999877929688,0.37488415199258573,15.097042083740234,30.385028839111328,0.13817005545286506,15.800309181213379,32.5999755859375,0.17293233082706766,108.9996566772461,236.800048828125,0.8782908933966336,250.52999877929688,243.66502380371094,9.0,1.0
2025-03-01 15:05:00,sample_data/synthetic_test/phase_01/synthetic_20250301_150500.tif,synthetic_test,85,ok,27.18097686767578,12.0999755859375,150.199951171875,239.22900390625,324.4000244140625,0.18493442797739632,11.137650489807129,25.6099796295166,0.0573986308583465,11.270764350891113,26.0,0.06069802731411229,11.524303436279297,26.180004119873047,0.062102689486552565,11.683382034301758,26.0999755859375,0.059628543499511244,11.254730224609375,25.800048828125,0.05581835383159887,53.50334167480469,219.41502380371094,0.3290083410565338,11.543620109558105,26.4000244140625,0.06700554528650647,11.953605651855469,27.0,0.06855373728438743,97.48596954345703,235.8599853515625,0.7962883038411739,235.8599853515625,227.63750457763672,9.0,1.0
2025-03-01 15:10:00,sample_data/synthetic_test/phase_01/synthetic_20250301_151000.tif,synthetic_test,86,ok,23.09201431274414,8.800048828125,134.9000244140625,240.35797119140625,317.0999755859375,0.13903401215481395,8.420431137084961,20.0999755859375,0.013164823591363875,8.558572769165039,21.220006942749023,0.01719777440566515,8.987383842468262,22.0999755859375,0.022004889975550123,9.094526290893555,21.79998779296875,0.021994134897360705,8.718164443969727,20.800048828125,0.017029328287606435,48.095184326171875,210.46995544433594,0.31000926784059313,8.959057807922363,22.485004425048828,0.02634011090573013,8.876070976257324,22.0,0.0291906236178682,85.84164428710938,243.1199951171875,0.6931376780319378,243.1199951171875,226.79497528076172,2.0,0.2222222222222222
2025-03-01 15:15:00,sample_data/synthetic_test/phase_01/synthetic_20250301_151500.tif,synthetic_test,87,ok,19.89801597595215,7.699951171875,115.5,230.699951171875,322.9000244140625,0.11392472545047447,7.779357433319092,18.70001220703125,0.006845708267509215,7.927211761474609,18.70001220703125,0.010116337885685382,7.806112766265869,19.0,0.0117359413202934,7.970039367675781,19.174957275390625,0.010752688172043012,7.971049785614014,19.800048828125,0.01229895931882687,40.783226013183594,190.72996520996094,0.288693234476367,7.855128288269043,19.5,0.01155268022181146,8.067315101623535,19.300048828125,0.01238390092879257,72.6496810913086,235.0800018310547,0.5735865343116099,235.0800018310547,212.9049835205078,2.0,0.2222222222222222
2025-03-01 15:20:00,sample_data/synthetic_test/phase_01/synthetic_20250301_152000.tif,synthetic_test,88,ok,17.897531509399414,8.0,92.0,208.6290283203125,322.0,0.10022390446742722,8.392206192016602,19.720012664794922,0.01369141653501843,8.098129272460938,20.119983673095703,0.01163378856853819,8.536771774291992,20.5,0.017114914425427872,8.270723342895508,20.0999755859375,0.013685239491691105,8.55709457397461,20.7349853515625,0.015137180700094607,34.22613525390625,173.54501342773438,0.24606116774791473,8.305913925170898,20.0,0.012939001848428836,8.634232521057129,20.699951171875,0.019460415745245468,60.10103225708008,208.9000244140625,0.48079413034095814,208.9000244140625,191.22251892089844,2.0,0.2222222222222222
2025-03-01 15:25:00,sample_data/synthetic_test/phase_01/synthetic_20250301_152500.tif,synthetic_test,89,ok,16.92066764831543,9.0,67.7149658203125,188.64295959472656,327.800048828125,0.10145004797952874,9.229962348937988,21.70001220703125,0.020537124802527645,9.283611297607422,22.040002822875977,0.026302478502781994,9.456771850585938,22.380029678344727,0.02689486552567237,9.588268280029297,22.274978637695312,0.026392961876832845,9.47157096862793,23.300048828125,0.032639545884579,30.405746459960938,157.31500244140625,0.2242817423540315,9.916913032531738,23.684955596923828,0.03835489833641405,9.884298324584961,24.0999755859375,0.043343653250773995,48.913291931152344,188.3600311279297,0.4121709106603366,188.3600311279297,172.83751678466797,2.0,0.2222222222222222
2025-03-01 15:30:00,sample_data/synthetic_test/phase_01/synthetic_20250301_153000.tif,synthetic_test,90,ok,16.152538299560547,10.199951171875,42.300048828125,166.0859832763672,314.800048828125,0.10614137967800405,10.467560768127441,24.20001220703125,0.04265402843601896,10.508345603942871,24.119983673095703,0.0409711684370258,10.95677375793457,24.980005264282227,0.04987775061124694,10.669110298156738,25.0,0.04985337243401759,10.787700653076172,25.199951171875,0.051561021759697255,27.942075729370117,151.25498962402344,0.19879518072289157,10.825507164001465,25.4000244140625,0.05545286506469501,10.856390953063965,25.800048828125,0.05661211853162318,38.05252456665039,157.719970703125,0.358653431160984,157.719970703125,154.48748016357422,5.0,0.5555555555555556
2025-03-01 15:35:00,sample_data/synthetic_test/phase_01/synthetic_20250301_153500.tif,synthetic_test,91,ok,15.514616966247559,10.699951171875,33.31504440307617,146.52899169921875,318.699951171875,0.10288943384156093,11.151448249816895,25.0,0.049499736703528176,11.324885368347168,25.320043563842773,0.05209914011127972,11.14948844909668,25.4000244140625,0.05378973105134474,11.142033576965332,25.775039672851562,0.06304985337243402,11.670577049255371,26.5,0.06575212866603596,28.438459396362305,170.52999877929688,0.1872103799814643,11.526617050170898,26.300048828125,0.06377079482439926,11.90247631072998,27.5999755859375,0.07739938080495357,28.39020347595215,122.9200210571289,0.27967198964177814,170.52999877929688,146.7250099182129,8.0,0.8888888888888888
2025-03-01 15:40:00,sample_data/synthetic_test/phase_01/synthetic_20250301_154000.tif,synthetic_test,92,ok,15.13072395324707,10.5,30.699951171875,161.84303283691406,324.9000244140625,0.08812240110886022,11.14828872680664,25.5,0.05476566614007372,11.114365577697754,24.5,0.04704097116843703,11.181075096130371,25.0999755859375,0.05085574572127139,11.32683277130127,25.4000244140625,0.05474095796676442,11.522612571716309,26.300048828125,0.06054872280037843,31.037397384643555,194.08001708984375,0.17794253938832252,11.289185523986816,25.885028839111328,0.05683918669131238,11.419281959533691,26.199951171875,0.058823529411764705,23.477428436279297,99.53999328613281,0.20500647388864912,194.08001708984375,146.81000518798828,8.0,0.8888888888888888
2025-03-01 15:45:00,sample_data/synthetic_test/phase_01/synthetic_20250301_154500.tif,synthetic_test,93,ok,14.578339576721191,9.5,27.9000244140625,197.44400024414062,322.5999755859375,0.0725557095639194,10.159557342529297,23.5,0.03580832016850974,10.307232856750488,24.319995880126953,0.042488619119878605,10.789877891540527,24.79998779296875,0.045965770171149146,10.422727584838867,24.975006103515625,0.04985337243401759,10.711116790771484,25.4000244140625,0.052980132450331126,31.2553768157959,207.5650177001953,0.16404077849860982,10.33858585357666,23.985004425048828,0.0411275415896488,10.729235649108887,25.300048828125,0.0513047324192835,23.532329559326172,129.64004516601562,0.14976262408286578,207.5650177001953,168.60253143310547,4.0,0.4444444444444444
2025-03-01 15:50:00,sample_data/synthetic_test/phase_01/synthetic_20250301_155000.tif,synthetic_test,94,ok,15.683591842651367,8.20001220703125,27.0,275.10101318359375,332.5999755859375,0.061147243842627146,9.072933197021484,21.9000244140625,0.021590310689836755,9.109711647033691,22.0999755859375,0.025290844714213456,9.186258316040039,22.480005264282227,0.026405867970660146,9.106696128845215,22.79998779296875,0.028347996089931573,9.210028648376465,22.4000244140625,0.026490066225165563,37.02418518066406,248.80496215820312,0.18072289156626506,9.291680335998535,22.485004425048828,0.030961182994454713,9.59049129486084,23.5,0.03715170278637771,34.32231521606445,263.0600280761719,0.14760466119982737,263.0600280761719,255.9324951171875,2.0,0.2222222222222222
2025-03-01 15:55:00,sample_data/synthetic_test/phase_01/synthetic_20250301_155500.tif,synthetic_test,95,ok,16.175739288330078,7.29998779296875,25.299997329711914,283.74298095703125,334.800048828125,0.05101823222091907,7.556345462799072,18.420019149780273,0.007898894154818325,7.822964191436768,19.799999237060547,0.010116337885685382,8.129437446594238,19.79998779296875,0.015158924205378973,8.293744087219238,20.20001220703125,0.015151515151515152,8.125591278076172,20.5,0.014191106906338695,39.60810852050781,267.3150329589844,0.17747914735866543,8.263400077819824,20.0,0.012939001848428836,8.259886741638184,20.4000244140625,0.016364440513047324,42.64165115356445,285.08001708984375,0.16098403107466552,285.08001708984375,276.19752502441406,2.0,0.2222222222222222
2025-03-01 16:00:00,sample_data/synthetic_test/phase_01/synthetic_20250301_160000.tif,synthetic_test,96,ok,18.03923225402832,7.199951171875,28.915019989013672,293.2859802246094,349.300048828125,0.05848171446849344,7.585202217102051,19.1099796295166,0.00631911532385466,7.539858341217041,18.920019149780273,0.008598887202832575,8.047873497009277,19.579980850219727,0.014180929095354523,7.807624340057373,19.199951171875,0.011730205278592375,7.962487697601318,19.034992218017578,0.011825922421948912,43.98484420776367,265.19500732421875,0.20389249304911955,8.027125358581543,19.5,0.013863216266173753,7.959486484527588,19.300048828125,0.011499336576735958,54.68389892578125,301.15997314453125,0.20630125161847215,301.15997314453125,283.177490234375,2.0,0.2222222222222222
2025-03-01 16:05:00,sample_data/synthetic_test/phase_01/synthetic_20250301_160500.tif,synthetic_test,97,ok,21.121376037597656,8.5999755859375,88.199951171875,299.6429748535156,351.0999755859375,0.08636315172193197,9.310479164123535,22.5,0.03317535545023697,9.084267616271973,22.20001220703125,0.025290844714213456,9.314131736755371,22.380016326904297,0.03129584352078239,9.476736068725586,22.9000244140625,0.03519061583577713,9.301750183105469,22.534992218017578,0.029801324503311258,47.465660095214844,264.7149658203125,0.24003707136237257,9.476387023925781,22.800048828125,0.031423290203327174,9.694293975830078,23.800048828125,0.03847854931446263,66.89379119873047,310.60003662109375,0.2667242123435477,310.60003662109375,287.6575012207031,2.0,0.2222222222222222
2025-03-01 16:10:00,sample_data/synthetic_test/phase_01/synthetic_20250301_161000.tif,synthetic_test,98,ok,25.960832595825195,12.199951171875,158.41502380371094,309.74298095703125,363.4000244140625,0.13690158865550697,11.846076011657715,26.410022735595703,0.06266456029489205,11.776681900024414,26.0999755859375,0.0622154779969651,12.628067970275879,27.480005264282227,0.07872860635696821,12.16089916229248,25.875030517578125,0.05718475073313783,12.391249656677246,27.4000244140625,0.07710501419110691,50.22173309326172,258.5149841308594,0.2845227062094532,12.409890174865723,27.300048828125,0.07486136783733827,12.786023139953613,27.699951171875,0.09022556390977443,85.46603393554688,326.699951171875,0.38972809667673713,326.699951171875,292.6074676513672,9.0,1.0
2025-03-01 16:15:00,sample_data/synthetic_test/phase_01/synthetic_20250301_161500.tif,synthetic_test,99,ok,30.806732177734375,16.5999755859375,175.15997314453125,316.0429992675781,363.199951171875,0.23131463908732275,15.812005043029785,31.5,0.14691943127962084,15.840768814086914,30.79998779296875,0.16135558927668184,15.944352149963379,32.179954528808594,0.16430317848410758,15.844477653503418,31.674957275390625,0.16911045943304007,16.419206619262695,31.699951171875,0.17549668874172186,47.5501823425293,229.89004516601562,0.3382761816496756,15.723891258239746,31.300048828125,0.16497227356746766,16.307519912719727,32.800048828125,0.17470145953118088,104.43003845214844,334.15997314453125,0.524384980578334,334.15997314453125,282.02500915527344,9.0,1.0
2025-03-01 16:20:00,sample_data/synthetic_test/phase_01/synthetic_20250301_162000.tif,synthetic_test,100,ok,36.203006744384766,20.9000244140625,194.0999755859375,326.7859802246094,372.5999755859375,0.35504851263460924,19.17224884033203,34.71001052856445,0.25908372827804105,19.920183181762695,35.5,0.29033889731917045,19.431636810302734,35.300048828125,0.2762836185819071,19.734703063964844,35.4000244140625,0.2903225806451613,20.03429412841797,36.33504104614258,0.29422894985808895,44.2916145324707,197.20498657226562,0.43744207599629287,20.57550811767578,37.2850341796875,0.32255083179297594,20.47076416015625,37.0999755859375,0.31225121627598407,126.53488159179688,341.6199645996094,0.6473888649115235,341.6199645996094,269.4124755859375,9.0,1.0
2025-03-01 16:25:00,sample_data/synthetic_test/phase_01/synthetic_20250301_162500.tif,synthetic_test,101,ok,40.43283462524414,24.699951171875,198.7149658203125,328.0,383.0,0.48741870135408893,22.817798614501953,39.10997772216797,0.40126382306477093,23.188922882080078,39.519996643066406,0.4289327263530602,23.62425422668457,38.8000373840332,0.4366748166259169,23.480449676513672,39.274993896484375,0.4413489736070381,23.913576126098633,40.699951171875,0.44512771996215705,40.92127227783203,160.86000061035156,0.5282669138090825,23.645151138305664,39.800048828125,0.44870609981515713,24.056215286254883,40.5,0.4564352056612119,141.58558654785156,343.0,0.7496763055675443,343.0,251.93000030517578,9.0,1.0
2025-03-01 16:30:00,sample_data/synthetic_test/phase_01/synthetic_20250301_163000.tif,synthetic_test,102,ok,41.75271224975586,27.4000244140625,190.64498901367188,312.5859680175781,376.0,0.588655506983687,25.689626693725586,41.4100227355957,0.536071616640337,25.860952377319336,41.6999626159668,0.5402124430955993,25.979413986206055,41.70000076293945,0.5256723716381418,25.833969116210938,41.5999755859375,0.5283479960899315,26.45624351501465,43.199951171875,0.5633869441816461,37.71821212768555,127.36997985839844,0.618628359592215,26.257299423217773,42.88502883911133,0.5540665434380776,26.658735275268555,42.4000244140625,0.5731977001326847,139.7472686767578,325.53997802734375,0.8191627104013811,325.53997802734375,226.4549789428711,9.0,1.0
2025-03-01 16:35:00,sample_data/synthetic_test/phase_01/synthetic_20250301_163500.tif,synthetic_test,103,ok,41.556419372558594,29.0,174.5999755859375,286.22900390625,381.0,0.6460176991150443,26.826858520507812,42.80998992919922,0.584518167456556,27.59772300720215,43.119972229003906,0.6059686393525544,27.580293655395508,43.9000244140625,0.5960880195599022,27.8819637298584,44.0999755859375,0.6265884652981427,28.054540634155273,44.0999755859375,0.6258278145695364,34.56283187866211,98.7499771118164,0.6404077849860983,28.000829696655273,44.800048828125,0.6127541589648798,28.809511184692383,44.9000244140625,0.6448474126492703,130.5289764404297,299.46002197265625,0.8381527837721191,299.46002197265625,199.10499954223633,9.0,1.0
2025-03-01 16:40:00,sample_data/synthetic_test/phase_01/synthetic_20250301_164000.tif,synthetic_test,104,ok,40.32801818847656,29.4000244140625,158.51499938964844,260.24298095703125,372.4000244140625,0.6601450047979529,27.589677810668945,43.5999755859375,0.6008425487098473,27.923519134521484,44.0,0.6150733434496712,28.363080978393555,44.300048828125,0.630317848410758,27.98704719543457,43.574981689453125,0.6270772238514174,28.418304443359375,44.300048828125,0.6371807000946074,32.01955795288086,62.930015563964844,0.6575532900834106,28.464740753173828,45.0999755859375,0.6298521256931608,29.175098419189453,45.800048828125,0.6523662096417514,120.35533905029297,270.0999755859375,0.8528269313767803,270.0999755859375,166.51499557495117,9.0,1.0
2025-03-01 16:45:00,sample_data/synthetic_test/phase_01/synthetic_20250301_164500.tif,synthetic_test,105,ok,38.25639724731445,28.9000244140625,137.2149658203125,235.04298400878906,356.9000244140625,0.6399936027295021,26.907583236694336,42.30998992919922,0.5892575039494471,26.9739990234375,42.699951171875,0.569549822964087,27.644254684448242,43.199951171875,0.6102689486552567,27.717058181762695,43.5,0.5977517106549365,28.14200782775879,43.699951171875,0.6140018921475875,29.655515670776367,49.5999755859375,0.6353104726598703,28.1018009185791,44.199951171875,0.6196857670979667,28.665191650390625,45.800048828125,0.6364440513047325,109.29805755615234,243.3400421142578,0.8480794130340958,243.3400421142578,146.47000885009766,9.0,1.0
2025-03-01 16:50:00,sample_data/synthetic_test/phase_01/synthetic_20250301_165000.tif,synthetic_test,106,ok,35.24525451660156,27.0,125.2149658203125,224.68600463867188,303.4000244140625,0.5692504531399936,25.27288055419922,41.0999755859375,0.5081621906266456,25.520132064819336,40.920021057128906,0.5123925139099645,25.60845947265625,41.679954528808594,0.5271393643031785,25.911584854125977,42.37501525878906,0.5303030303030303,26.35685920715332,43.199951171875,0.5491958372753075,26.30250358581543,43.51499557495117,0.5500463392029658,26.10129165649414,42.98500442504883,0.5268022181146026,26.953384399414062,42.9000244140625,0.5807164971251658,98.91484069824219,233.4800262451172,0.7911091929218818,233.4800262451172,138.49751091003418,9.0,1.0
2025-03-01 16:55:00,sample_data/synthetic_test/phase_01/synthetic_20250301_165500.tif,synthetic_test,107,ok,31.62613296508789,24.0,105.22996520996094,214.300048828125,289.800048828125,0.46374880051178163,22.679147720336914,38.0999755859375,0.4060031595576619,22.704757690429688,38.420021057128906,0.4071825998988366,22.981369018554688,38.880027770996094,0.4097799511002445,22.73631477355957,38.699951171875,0.40615835777126097,23.642099380493164,39.5999755859375,0.44512771996215705,23.459917068481445,39.9000244140625,0.448563484708063,23.505544662475586,39.58498001098633,0.42929759704251386,23.52025604248047,40.5,0.44272445820433437,90.30168151855469,236.61996459960938,0.7358653431160984,236.61996459960938,138.5599822998047,9.0,1.0
2025-03-01 17:00:00,sample_data/synthetic_test/phase_01/synthetic_20250301_170000.tif,synthetic_test,108,ok,27.585853576660156,20.0999755859375,87.91502380371094,223.0859832763672,312.5999755859375,0.32732700714361873,19.227487564086914,34.70001220703125,0.26224328593996843,19.396106719970703,35.4000244140625,0.2736469398077896,19.708507537841797,35.5999755859375,0.2865525672371638,19.3304500579834,35.5999755859375,0.272238514173998,19.640636444091797,35.800048828125,0.2899716177861873,19.599119186401367,36.0999755859375,0.2919369786839666,19.309612274169922,35.9000244140625,0.26571164510166356,19.40304946899414,35.5999755859375,0.2888102609464839,83.87138366699219,245.32003784179688,0.6607682347863617,245.32003784179688,140.7100067138672,9.0,1.0
2025-03-01 17:05:00,sample_data/synthetic_test/phase_01/synthetic_20250301_170500.tif,synthetic_test,109,ok,23.548826217651367,15.9000244140625,69.4000244140625,234.01504516601562,329.300048828125,0.20332658065891887,15.467931747436523,30.910022735595703,0.14375987361769352,14.872533798217773,29.719970703125,0.12291350531107739,15.193544387817383,30.4000244140625,0.1393643031784841,15.632551193237305,31.0999755859375,0.14760508308895406,15.819772720336914,31.534992218017578,0.16130558183538315,15.97205924987793,31.199951171875,0.1607970342910102,15.71746826171875,31.199951171875,0.15711645101663585,16.251659393310547,32.699951171875,0.17912428129146396,78.51238250732422,254.719970703125,0.5619335347432024,254.719970703125,143.7099609375,9.0,1.0
2025-03-01 17:10:00,sample_data/synthetic_test/phase_01/synthetic_20250301_171000.tif,synthetic_test,110,ok,19.538238525390625,11.5,47.300048828125,239.3289794921875,348.699951171875,0.12154813946049685,11.378040313720703,25.710010528564453,0.055818852027382834,11.839859962463379,26.800048828125,0.06423874557410217,11.771685600280762,26.0999755859375,0.06356968215158924,11.944478034973145,26.0,0.06060606060606061,11.94011402130127,27.0,0.07332071901608325,12.202223777770996,27.415019989013672,0.07970342910101946,11.788169860839844,26.300048828125,0.06746765249537892,12.152055740356445,27.4000244140625,0.08182220256523662,72.67643737792969,261.25994873046875,0.49244712990936557,261.25994873046875,144.3374843597412,9.0,1.0
2025-03-01 17:15:00,sample_data/synthetic_test/phase_01/synthetic_20250301_171500.tif,synthetic_test,111,ok,16.331884384155273,8.300048828125,32.800048828125,235.11502075195312,348.0,0.07511461776308775,9.000682830810547,21.0999755859375,0.020010531858873092,8.96064567565918,21.699951171875,0.02276176024279211,8.82288646697998,22.079980850219727,0.02493887530562347,9.155081748962402,22.074981689453125,0.02541544477028348,8.952789306640625,21.634967803955078,0.02554399243140965,9.392260551452637,21.9000244140625,0.025023169601482854,9.333733558654785,23.184955596923828,0.03188539741219963,9.313401222229004,22.5999755859375,0.03272888102609465,66.3979263305664,263.219970703125,0.4151920586965904,263.219970703125,143.2024631500244,1.0,0.1111111111111111
2025-03-01 17:20:00,sample_data/synthetic_test/phase_01/synthetic_20250301_172000.tif,synthetic_test,112,ok,14.108870506286621,7.0999755859375,27.199951171875,215.5,360.800048828125,0.05544301098198102,7.795577526092529,18.9000244140625,0.010005265929436546,7.8861918449401855,19.019994735717773,0.012139605462822459,7.916577339172363,19.300048828125,0.013691931540342298,7.783137798309326,18.800048828125,0.008797653958944282,7.994654178619385,19.699951171875,0.010406811731315043,8.027247428894043,19.830041885375977,0.010658016682113068,7.842791557312012,19.184955596923828,0.00831792975970425,7.9732866287231445,19.9000244140625,0.012826183104820876,57.06357955932617,243.0399932861328,0.36599050496331464,243.0399932861328,131.47000885009766,1.0,0.1111111111111111
2025-03-01 17:25:00,sample_data/synthetic_test/phase_01/synthetic_20250301_172500.tif,synthetic_test,113,ok,13.254707336425781,7.300048828125,26.300048828125,191.87196350097656,341.9000244140625,0.05395031453246615,7.8465495109558105,19.0,0.008952080042127435,8.01906967163086,19.5999755859375,0.01163378856853819,8.185524940490723,20.5,0.013202933985330073,8.301955223083496,20.800048828125,0.016129032258064516,8.068211555480957,20.134967803955078,0.01229895931882687,8.357831001281738,20.5,0.016682113067655237,8.394083976745605,20.5,0.021719038817005546,8.680540084838867,21.0999755859375,0.018575851393188854,47.94129943847656,215.01998901367188,0.3249892101855848,215.01998901367188,118.05998229980469,1.0,0.1111111111111111
2025-03-01 17:30:00,sample_data/synthetic_test/phase_01/synthetic_20250301_173000.tif,synthetic_test,114,ok,13.189230918884277,8.4000244140625,27.0,160.44300842285156,336.9000244140625,0.06040089561786971,9.183517456054688,22.0,0.021063717746182202,8.89934253692627,22.219970703125,0.027314112291350532,9.43584156036377,22.4000244140625,0.02591687041564792,9.089834213256836,21.7750244140625,0.021994134897360705,9.482402801513672,23.835041046142578,0.03500473036896878,9.632298469543457,22.2149658203125,0.026876737720111215,9.180267333984375,22.584980010986328,0.024953789279112754,9.701237678527832,23.0999755859375,0.030959752321981424,39.83853530883789,182.8600311279297,0.2939145446698317,182.8600311279297,103.34753608703613,1.0,0.1111111111111111
2025-03-01 17:35:00,sample_data/synthetic_test/phase_01/synthetic_20250301_173500.tif,synthetic_test,115,ok,13.365347862243652,9.699951171875,28.199951171875,125.05902099609375,255.800048828125,0.07319543661371149,10.673460960388184,24.5999755859375,0.045813586097946286,10.449114799499512,24.5999755859375,0.04704097116843703,10.689046859741211,23.980005264282227,0.040097799511002445,10.29902172088623,24.800048828125,0.04594330400782014,10.773699760437012,24.2349853515625,0.04115421002838222,11.120853424072266,25.300048828125,0.052363299351251155,10.772180557250977,25.084980010986328,0.050369685767097966,10.733922004699707,25.4000244140625,0.05263157894736842,31.888864517211914,151.54000854492188,0.25636599050496334,151.54000854492188,88.47001647949219,4.0,0.4444444444444444
2025-03-01 17:40:00,sample_data/synthetic_test/phase_01/synthetic_20250301_174000.tif,synthetic_test,116,ok,13.266786575317383,10.5999755859375,28.4000244140625,94.41494750976562,201.300048828125,0.08087216121121654,11.112059593200684,24.5999755859375,0.04528699315429173,11.146232604980469,24.9000244140625,0.049064238745574106,11.270610809326172,25.9000244140625,0.05623471882640587,11.459334373474121,26.074981689453125,0.06451612903225806,11.741864204406738,26.7349853515625,0.06669820245979187,11.554864883422852,26.199951171875,0.06441149212233549,11.370240211486816,25.684955596923828,0.05545286506469501,11.696285247802734,26.9000244140625,0.06988058381247236,25.942686080932617,121.84004211425781,0.2274492878722486,121.84004211425781,74.37003326416016,7.0,0.7777777777777778
2025-03-01 17:45:00,sample_data/synthetic_test/phase_01/synthetic_20250301_174500.tif,synthetic_test,117,ok,12.62903118133545,10.300048828125,27.5,61.37196350097656,263.0999755859375,0.07586096598784518,10.981884956359863,25.509998321533203,0.05318588730911006,11.198027610778809,25.4000244140625,0.057157309054122404,11.01608943939209,24.699951171875,0.04352078239608802,11.285971641540527,25.975006103515625,0.06451612903225806,11.485005378723145,25.5999755859375,0.059602649006622516,11.711444854736328,26.815044403076172,0.07228915662650602,11.496581077575684,26.699951171875,0.07070240295748614,11.537327766418457,26.800048828125,0.06988058381247236,21.36124038696289,88.06001281738281,0.17393180837289599,88.06001281738281,57.43752861022949,8.0,0.8888888888888888
2025-03-01 17:50:00,sample_data/synthetic_test/phase_01/synthetic_20250301_175000.tif,synthetic_test,118,ok,11.880536079406738,9.5999755859375,25.9000244140625,37.14296340942383,325.5999755859375,0.057841987418701356,10.20152759552002,23.7099609375,0.03896787783043707,10.458524703979492,24.5,0.04552352048558422,10.3610258102417,24.5999755859375,0.045965770171149146,10.632551193237305,24.5,0.0386119257086999,10.884627342224121,24.9000244140625,0.04872280037842952,10.941102981567383,25.199951171875,0.05329008341056534,10.675369262695312,25.084980010986328,0.050369685767097966,10.925077438354492,25.300048828125,0.05263157894736842,20.29633140563965,57.739990234375,0.1294777729823047,57.739990234375,41.52001953125,4.0,0.4444444444444444
2025-03-01 17:55:00,sample_data/synthetic_test/phase_01/synthetic_20250301_175500.tif,synthetic_test,119,ok,11.253865242004395,8.199951171875,23.5999755859375,34.94301223754883,370.0,0.038596865337456016,9.040495872497559,21.810047149658203,0.023696682464454975,9.596460342407227,23.4000244140625,0.036418816388467376,9.174866676330566,22.300048828125,0.03080684596577017,9.308504104614258,22.4000244140625,0.024926686217008796,9.302412986755371,22.7349853515625,0.03122043519394513,9.700509071350098,23.5,0.03568118628359592,9.467745780944824,22.199951171875,0.029574861367837338,9.838655471801758,23.5999755859375,0.03184431667403804,23.53034019470215,143.760009765625,0.09149762624082866,143.760009765625,83.67999267578125,1.0,0.1111111111111111
2025-03-01 18:00:00,sample_data/synthetic_test/phase_02/synthetic_20250301_180000.tif,synthetic_test,120,ok,10.971287727355957,7.0,21.0,104.44696044921875,377.0,0.02441624906706472,7.963138580322266,18.9000244140625,0.011058451816745656,8.239401817321777,20.199951171875,0.015174506828528073,8.213397979736328,20.0,0.014669926650366748,8.108846664428711,19.574981689453125,0.011730205278592375,8.298532485961914,20.435016632080078,0.015137180700094607,8.17840576171875,19.5,0.013438368860055607,8.117374420166016,19.885028839111328,0.01432532347504621,8.169791221618652,20.4000244140625,0.012826183104820876,30.215839385986328,278.79998779296875,0.09710832973672853,278.79998779296875,149.6175022125244,1.0,0.1111111111111111
2025-03-01 18:05:00,sample_data/synthetic_test/phase_02/synthetic_20250301_180500.tif,synthetic_test,121,ok,11.122843742370605,6.9000244140625,20.5999755859375,203.14500427246094,381.0,0.02484273376692611,7.772247314453125,19.119976043701172,0.005792522380200105,7.9334330558776855,19.199951171875,0.014162873039959535,7.669193267822266,18.880029678344727,0.010268948655256724,7.7762451171875,19.375030517578125,0.009286412512218964,7.767218589782715,19.199951171875,0.014191106906338695,8.12113094329834,20.7149658203125,0.013901760889712697,8.105591773986816,18.985004425048828,0.013863216266173753,7.999733924865723,19.5999755859375,0.01592215833701902,33.15351486206055,282.27996826171875,0.11091929218817437,282.27996826171875,151.49746704101562,1.0,0.1111111111111111
2025-03-01 18:10:00,sample_data/synthetic_test/phase_02/synthetic_20250301_181000.tif,synthetic_test,122,ok,12.845088958740234,7.800048828125,23.699951171875,229.14295959472656,391.699951171875,0.0396630770871095,8.637335777282715,21.79998779296875,0.022643496577145865,8.759078025817871,21.5999755859375,0.02175012645422357,8.853104591369629,21.380029678344727,0.022493887530562348,8.859821319580078,21.800048828125,0.02346041055718475,9.031220436096191,22.199951171875,0.02554399243140965,9.244439125061035,22.114971160888672,0.028730305838739572,9.111459732055664,22.684955596923828,0.025878003696857672,9.336840629577637,22.4000244140625,0.022998673153471916,39.14911651611328,293.15997314453125,0.1441519205869659,293.15997314453125,157.92246437072754,1.0,0.1111111111111111
2025-03-01 18:15:00,sample_data/synthetic_test/phase_02/synthetic_20250301_181500.tif,synthetic_test,123,ok,15.61868953704834,10.9000244140625,28.300048828125,223.5009765625,386.5,0.08337775882290223,11.610321044921875,26.199951171875,0.06424433912585571,11.578097343444824,26.0999755859375,0.06120384420839656,11.855159759521484,26.480005264282227,0.06748166259168704,11.682745933532715,25.674957275390625,0.056695992179863146,11.99919605255127,27.300048828125,0.07568590350047304,12.180119514465332,26.800048828125,0.07275254865616311,11.683363914489746,26.300048828125,0.062384473197781884,11.96351146697998,27.4000244140625,0.07651481645289694,41.35097122192383,272.0000305175781,0.19205869659041863,272.0000305175781,149.7000274658203,9.0,1.0
2025-03-01 18:20:00,sample_data/synthetic_test/phase_02/synthetic_20250301_182000.tif,synthetic_test,124,ok,19.484256744384766,15.5,33.4000244140625,214.75799560546875,393.300048828125,0.17555176458044566,15.145235061645508,30.300048828125,0.13796735123749343,15.467323303222656,30.5,0.1537683358624178,15.497653007507324,31.280029296875,0.14425427872860636,15.160508155822754,30.5999755859375,0.12854349951124144,15.847163200378418,30.935016632080078,0.1608325449385052,15.746293067932129,31.9000244140625,0.1696014828544949,16.12139320373535,32.199951171875,0.17698706099815156,16.397966384887695,32.199951171875,0.18531623175586023,45.229393005371094,267.53997802734375,0.2982304704359085,267.53997802734375,149.86996459960938,9.0,1.0
2025-03-01 18:25:00,sample_data/synthetic_test/phase_02/synthetic_20250301_182500.tif,synthetic_test,125,ok,23.39345932006836,19.5999755859375,38.0,213.94300842285156,407.4000244140625,0.2952340334790489,18.7601375579834,35.0999755859375,0.24960505529225907,19.083560943603516,35.719970703125,0.2589782498735458,19.040977478027344,34.5999755859375,0.26943765281173593,19.217496871948242,35.074981689453125,0.2702834799608993,20.071901321411133,36.300048828125,0.29280983916745507,19.93735122680664,36.31504440307617,0.29564411492122333,19.59810447692871,35.7850341796875,0.28049907578558225,20.028438568115234,36.5,0.2998673153471915,49.622955322265625,266.03997802734375,0.41001294777729824,266.03997802734375,151.26998901367188,9.0,1.0
2025-03-01 18:30:00,sample_data/synthetic_test/phase_02/synthetic_20250301_183000.tif,synthetic_test,126,ok,27.336755752563477,23.4000244140625,41.699951171875,231.54397583007812,405.5999755859375,0.43565412090841243,22.567140579223633,38.3100471496582,0.3902053712480253,22.81755256652832,39.019996643066406,0.4107233181588265,23.154767990112305,39.199951171875,0.4156479217603912,23.08147430419922,38.975006103515625,0.41837732160312807,23.401704788208008,40.03499221801758,0.42431409649952695,23.698333740234375,40.300048828125,0.4411492122335496,23.172874450683594,39.58498001098633,0.41728280961182995,23.56598663330078,39.800048828125,0.43034055727554177,55.003108978271484,276.48004150390625,0.5481225722917565,276.48004150390625,158.39004516601562,9.0,1.0
2025-03-01 18:35:00,sample_data/synthetic_test/phase_02/synthetic_20250301_183500.tif,synthetic_test,127,ok,29.802490234375,26.300048828125,44.699951171875,218.2429962158203,393.699951171875,0.5513380957458152,25.02706527709961,41.5999755859375,0.4965771458662454,25.685888290405273,41.5,0.5250379362670713,25.67530632019043,41.0999755859375,0.5246943765281173,25.96290397644043,41.7750244140625,0.5386119257086999,26.30350112915039,43.0999755859375,0.5520340586565752,26.43813705444336,43.11497116088867,0.5574606116774792,26.06682014465332,42.800048828125,0.539279112754159,26.91539192199707,44.0999755859375,0.56656346749226,54.66922378540039,254.0600128173828,0.63314630988347,254.0600128173828,149.07999420166016,9.0,1.0
2025-03-01 18:40:00,sample_data/synthetic_test/phase_02/synthetic_20250301_184000.tif,synthetic_test,128,ok,31.045473098754883,28.300048828125,46.31504440307617,190.0859832763672,386.9000244140625,0.6235739417848385,27.355712890625,42.5,0.5950500263296472,27.600757598876953,43.5999755859375,0.6009104704097117,27.462541580200195,42.9000244140625,0.5990220048899756,28.06676483154297,44.9000244140625,0.604594330400782,28.216463088989258,44.63496780395508,0.6315042573320719,28.16969108581543,44.4000244140625,0.6274328081556997,27.675554275512695,43.7850341796875,0.6118299445471349,28.59995460510254,45.300048828125,0.6333480760725343,51.64756393432617,224.61996459960938,0.6901165299956841,224.61996459960938,134.9600067138672,9.0,1.0
2025-03-01 18:45:00,sample_data/synthetic_test/phase_02/synthetic_20250301_184500.tif,synthetic_test,129,ok,31.184301376342773,28.800048828125,46.9000244140625,165.91600036621094,291.0,0.6436187226783239,27.66666603088379,43.4000244140625,0.6145339652448657,28.060394287109375,43.619972229003906,0.6282245827010622,28.39598846435547,44.0999755859375,0.6396088019559902,28.50156593322754,44.300048828125,0.6378299120234604,28.943849563598633,45.03499221801758,0.6494796594134342,28.741243362426758,45.0,0.6422613531047267,28.316450119018555,43.88502883911133,0.6256931608133087,28.70836067199707,45.199951171875,0.6382131800088456,49.533447265625,197.8400421142578,0.7047906776003453,197.8400421142578,121.5199966430664,9.0,1.0
2025-03-01 18:50:00,sample_data/synthetic_test/phase_02/synthetic_20250301_185000.tif,synthetic_test,130,ok,30.472501754760742,28.300048828125,46.800048828125,156.25799560546875,275.199951171875,0.6215481394604968,27.109216690063477,42.0999755859375,0.588204318062138,27.46160888671875,43.219970703125,0.5978755690440061,27.584253311157227,44.0999755859375,0.5960880195599022,27.69217872619629,43.875030517578125,0.5894428152492669,28.245176315307617,44.800048828125,0.6140018921475875,28.46177101135254,44.5999755859375,0.6329935125115848,28.16497230529785,45.48500442504883,0.6141404805914972,28.948604583740234,46.0,0.6567890314020345,47.048465728759766,183.50003051757812,0.6836426413465688,183.50003051757812,114.75001525878906,9.0,1.0
2025-03-01 18:55:00,sample_data/synthetic_test/phase_02/synthetic_20250301_185500.tif,synthetic_test,131,ok,28.43596649169922,26.5999755859375,44.5999755859375,140.51504516601562,238.699951171875,0.5620535238298326,25.776090621948242,41.2199592590332,0.5355450236966824,25.807790756225586,41.9000244140625,0.5128983308042488,25.689682006835938,42.199951171875,0.5290953545232274,25.943450927734375,41.0999755859375,0.5474095796676441,26.363954544067383,42.5,0.5610217596972564,26.760242462158203,43.0,0.577386468952734,26.82781982421875,42.300048828125,0.5633086876155268,26.654489517211914,43.9000244140625,0.5670057496682883,43.03103256225586,154.61996459960938,0.6439361242986621,154.61996459960938,99.25999450683594,9.0,1.0
2025-03-01 19:00:00,sample_data/synthetic_test/phase_02/synthetic_20250301_190000.tif,synthetic_test,132,ok,25.41262435913086,23.699951171875,42.0999755859375,116.58597564697266,206.5,0.4465294807548779,23.105844497680664,39.4000244140625,0.40126382306477093,22.868133544921875,38.5999755859375,0.40515933232169954,23.472469329833984,39.380027770996094,0.443520782396088,23.283430099487305,39.5,0.41300097751710657,23.874549865722656,40.0999755859375,0.45411542100283825,23.999120712280273,40.7149658203125,0.4541241890639481,23.295841217041016,40.5,0.41404805914972276,24.46890640258789,41.4000244140625,0.4714727996461743,37.72429656982422,136.40005493164062,0.5425118687958567,136.40005493164062,88.90003967285156,9.0,1.0
2025-03-01 19:05:00,sample_data/synthetic_test/phase_02/synthetic_20250301_190500.tif,synthetic_test,133,ok,21.500179290771484,20.0999755859375,37.800048828125,90.8430404663086,214.0,0.31287983793581403,19.53780746459961,35.0999755859375,0.27330173775671407,19.740718841552734,35.0999755859375,0.27870510875063226,19.710416793823242,35.980003356933594,0.28899755501222496,19.86573600769043,35.95001220703125,0.29227761485826004,19.798202514648438,36.0,0.28429517502365187,20.632251739501953,36.72996139526367,0.3206672845227062,20.15928840637207,35.9000244140625,0.3100739371534196,20.211719512939453,36.5,0.3157894736842105,31.65960121154785,114.5,0.4246870953819594,114.5,75.61498069763184,9.0,1.0
2025-03-01 19:10:00,sample_data/synthetic_test/phase_02/synthetic_20250301_191000.tif,synthetic_test,134,ok,17.364627838134766,15.9000244140625,33.9000244140625,65.0,181.800048828125,0.18850623733873548,15.950605392456055,31.9000244140625,0.16587677725118483,15.968234062194824,32.019996643066406,0.16793120890237734,16.130123138427734,31.0999755859375,0.17114914425427874,15.91304874420166,32.0999755859375,0.15933528836754643,16.461444854736328,32.2349853515625,0.1773888363292337,16.396894454956055,32.699951171875,0.18489341983317886,16.141773223876953,31.699951171875,0.1645101663585952,16.446130752563477,33.0,0.18398938522777533,25.129995346069336,91.08000183105469,0.30168321104876994,91.08000183105469,62.040000915527344,9.0,1.0
2025-03-01 19:15:00,sample_data/synthetic_test/phase_02/synthetic_20250301_191500.tif,synthetic_test,135,ok,13.100894927978516,11.5,28.5999755859375,43.43000030517578,151.4000244140625,0.09537264100650389,12.043180465698242,27.0999755859375,0.07898894154818326,11.912141799926758,26.320043563842773,0.06525037936267071,11.976381301879883,27.4000244140625,0.07823960880195599,12.314906120300293,27.174957275390625,0.08357771260997067,12.316224098205566,26.300048828125,0.07190160832544938,12.827199935913086,28.5999755859375,0.10426320667284522,12.390851020812988,27.584980010986328,0.07855822550831792,12.83334732055664,28.5,0.0950906678460858,17.973541259765625,62.36003494262695,0.183426845058265,62.36003494262695,45.48000526428223,9.0,1.0
2025-03-01 19:20:00,sample_data/synthetic_test/phase_02/synthetic_20250301_192000.tif,synthetic_test,136,ok,9.841965675354004,8.199951171875,23.5999755859375,33.04298782348633,134.0999755859375,0.03683761595052777,8.9028959274292,21.9000244140625,0.022643496577145865,9.370511054992676,22.0999755859375,0.025290844714213456,9.439461708068848,22.5999755859375,0.03178484107579462,9.082209587097168,22.4000244140625,0.025904203323558164,9.510785102844238,23.0,0.0293282876064333,9.655330657958984,23.5999755859375,0.03614457831325301,9.384888648986816,22.084980010986328,0.024491682070240297,9.623573303222656,23.0,0.03184431667403804,12.707035064697266,32.03998947143555,0.09020284851100561,32.03998947143555,27.819982528686523,1.0,0.1111111111111111
2025-03-01 19:25:00,sample_data/synthetic_test/phase_02/synthetic_20250301_192500.tif,synthetic_test,137,ok,8.265198707580566,6.9000244140625,20.0,27.64296531677246,93.300048828125,0.01732594093186907,7.804896354675293,18.609973907470703,0.007898894154818325,8.01340389251709,19.0999755859375,0.008598887202832575,7.933055877685547,19.280029296875,0.009290953545232274,7.733625411987305,19.300048828125,0.01270772238514174,8.14328384399414,20.199951171875,0.01750236518448439,7.996570587158203,19.800048828125,0.015755329008341055,8.212153434753418,20.169958114624023,0.01155268022181146,8.313754081726074,20.199951171875,0.017691287041132243,9.7098388671875,24.420019149780273,0.04574881312041433,24.420019149780273,22.309985160827637,0.0,0.0
2025-03-01 19:30:00,sample_data/synthetic_test/phase_02/synthetic_20250301_193000.tif,synthetic_test,138,ok,8.189061164855957,6.9000244140625,20.199951171875,26.54298973083496,60.0999755859375,0.0156200021324235,7.858240604400635,19.410022735595703,0.010531858873091101,8.076884269714355,20.0999755859375,0.012139605462822459,7.988165855407715,20.079980850219727,0.016625916870415647,7.998288154602051,20.5,0.017595307917888565,8.204209327697754,19.699951171875,0.012771996215704825,8.203289031982422,19.915019989013672,0.013438368860055607,8.156329154968262,20.0,0.01155268022181146,8.464706420898438,20.5999755859375,0.017249004865103935,8.536426544189453,21.420019149780273,0.022442813983599482,21.420019149780273,21.009997367858887,0.0,0.0
2025-03-01 19:35:00,sample_data/synthetic_test/phase_02/synthetic_20250301_193500.tif,synthetic_test,139,ok,9.215315818786621,7.9000244140625,22.4000244140625,29.199951171875,45.5,0.027508263141059815,8.974565505981445,21.910022735595703,0.021063717746182202,8.933991432189941,21.5,0.02276176024279211,9.037750244140625,22.0999755859375,0.026405867970660146,9.259726524353027,22.5999755859375,0.030791788856304986,9.462912559509277,22.5,0.03074739829706717,9.192909240722656,22.514995574951172,0.027340129749768304,9.12975788116455,22.084980010986328,0.024029574861367836,9.445908546447754,23.0,0.029632905793896505,9.321794509887695,23.219970703125,0.03452740612861459,23.219970703125,23.1099853515625,0.0,0.0
2025-03-01 19:40:00,sample_data/synthetic_test/phase_02/synthetic_20250301_194000.tif,synthetic_test,140,ok,10.577812194824219,9.300048828125,24.699951171875,31.5999755859375,46.800048828125,0.046966627572235846,10.1488676071167,23.5,0.038441284886782515,10.257055282592773,24.699951171875,0.04704097116843703,10.675305366516113,24.9000244140625,0.04938875305623472,10.125365257263184,23.5,0.03567937438905181,10.557097434997559,24.5999755859375,0.04541154210028382,10.805929183959961,25.0,0.04911955514365153,10.592698097229004,24.300048828125,0.04343807763401109,10.77912712097168,25.4000244140625,0.053516143299425036,11.144021987915039,26.199951171875,0.059991368148467845,26.199951171875,25.79998779296875,2.0,0.2222222222222222
2025-03-01 19:45:00,sample_data/synthetic_test/phase_02/synthetic_20250301_194500.tif,synthetic_test,141,ok,11.383234024047852,10.199951171875,26.0999755859375,32.5,50.0999755859375,0.06178697089241923,10.931279182434082,24.9000244140625,0.04897314375987362,11.084672927856445,25.820043563842773,0.05614567526555387,11.193349838256836,25.5,0.05819070904645477,11.410704612731934,26.300048828125,0.0635386119257087,11.259933471679688,25.435016632080078,0.058183538315988645,11.717470169067383,26.415019989013672,0.06487488415199258,11.458874702453613,25.9000244140625,0.060536044362292055,11.398716926574707,26.4000244140625,0.06766917293233082,11.900951385498047,27.300048828125,0.07423392317652136,27.300048828125,26.857534408569336,8.0,0.8888888888888888
2025-03-01 19:50:00,sample_data/synthetic_test/phase_02/synthetic_20250301_195000.tif,synthetic_test,142,ok,11.414916038513184,10.199951171875,25.9000244140625,32.800048828125,51.0,0.05890819916835484,11.075724601745605,25.310047149658203,0.053712480252764615,11.151695251464844,25.199951171875,0.05209914011127972,11.121319770812988,24.9000244140625,0.04743276283618582,11.395601272583008,25.4000244140625,0.05474095796676442,11.710597038269043,26.134967803955078,0.0586565752128666,11.602409362792969,26.729961395263672,0.07136237256719184,11.298291206359863,25.9000244140625,0.06099815157116451,11.409907341003418,25.9000244140625,0.05616983635559487,11.873067855834961,26.9000244140625,0.07164436771687527,26.9000244140625,26.814992904663086,8.0,0.8888888888888888
2025-03-01 19:55:00,sample_data/synthetic_test/phase_02/synthetic_20250301_195500.tif,synthetic_test,143,ok,10.850260734558105,9.5999755859375,25.4000244140625,32.5,48.300048828125,0.05379038277001812,10.270037651062012,23.800048828125,0.04160084254870985,10.694637298583984,25.320043563842773,0.05361659079413252,10.606403350830078,25.179956436157227,0.05134474327628362,10.70171070098877,24.574981689453125,0.04349951124144673,10.62578010559082,24.5999755859375,0.04588457899716178,11.28368854522705,26.0,0.05931417979610751,10.806884765625,25.684955596923828,0.054528650646950096,10.95537281036377,25.9000244140625,0.05926581158779301,11.516703605651855,26.9000244140625,0.06991799741044454,26.9000244140625,26.45001220703125,6.0,0.6666666666666666
2025-03-01 20:00:00,sample_data/synthetic_test/phase_02/synthetic_20250301_200000.tif,synthetic_test,144,ok,9.593826293945312,8.300048828125,23.0999755859375,29.4000244140625,42.300048828125,0.03177311013967374,9.353132247924805,23.300048828125,0.031068983675618746,9.403440475463867,22.420019149780273,0.030349013657056147,9.119217872619629,22.380029678344727,0.025427872860635695,9.551711082458496,22.4000244140625,0.028347996089931573,9.59276294708252,22.699951171875,0.031693472090823085,9.590639114379883,22.4000244140625,0.025023169601482854,9.726432800292969,23.199951171875,0.032809611829944546,9.809021949768066,23.300048828125,0.0362671384343211,10.038497924804688,24.199951171875,0.04229607250755287,24.199951171875,23.75,0.0,0.0
2025-03-01 20:05:00,sample_data/synthetic_test/phase_02/synthetic_20250301_200500.tif,synthetic_test,145,ok,8.385963439941406,7.0999755859375,20.5,26.9000244140625,51.800048828125,0.016792835057042328,8.139126777648926,19.810047149658203,0.013164823591363875,8.182246208190918,20.0999755859375,0.013657056145675266,8.246502876281738,19.480005264282227,0.014669926650366748,8.104398727416992,19.9000244140625,0.012218963831867057,8.485760688781738,21.134967803955078,0.02034058656575213,8.455836296081543,20.4000244140625,0.014828544949026877,8.600276947021484,21.300048828125,0.019870609981515713,8.550332069396973,20.9000244140625,0.019902697921273773,8.627880096435547,20.920019149780273,0.020716443677168753,21.300048828125,21.21750831604004,0.0,0.0
2025-03-01 20:10:00,sample_data/synthetic_test/phase_02/synthetic_20250301_201000.tif,synthetic_test,146,ok,7.939887523651123,6.699951171875,19.5,25.5999755859375,43.5999755859375,0.011195223371361552,7.534544944763184,18.699951171875,0.007898894154818325,7.779262065887451,19.300048828125,0.009610520991401113,7.8362345695495605,19.4000244140625,0.012224938875305624,7.840810298919678,18.9000244140625,0.007820136852394917,7.96873140335083,19.800048828125,0.009933774834437087,7.950092315673828,19.4000244140625,0.012974976830398516,8.014095306396484,18.885028839111328,0.012476894639556377,7.996152400970459,20.300048828125,0.012826183104820876,8.388303756713867,19.920019149780273,0.013810962451445835,20.300048828125,20.110033988952637,0.0,0.0
2025-03-01 20:15:00,sample_data/synthetic_test/phase_02/synthetic_20250301_201500.tif,synthetic_test,147,ok,8.895020484924316,7.5999755859375,21.699951171875,28.0999755859375,45.4000244140625,0.022923552617549844,8.580145835876465,21.0,0.016324381253291206,8.75877571105957,21.619970321655273,0.026302478502781994,8.571882247924805,21.139965057373047,0.020537897310513448,8.785581588745117,20.975006103515625,0.021016617790811338,9.096641540527344,22.335041046142578,0.023651844843897825,8.99541187286377,22.014995574951172,0.025023169601482854,8.951017379760742,21.184955596923828,0.021719038817005546,9.136488914489746,22.0,0.02476780185758514,9.14173412322998,22.0999755859375,0.02762192490289167,22.335041046142578,22.21750831604004,0.0,0.0
2025-03-01 20:20:00,sample_data/synthetic_test/phase_02/synthetic_20250301_202000.tif,synthetic_test,148,ok,11.510177612304688,10.300048828125,26.0999755859375,33.199951171875,46.4000244140625,0.06120055443010982,11.435175895690918,26.0999755859375,0.06477093206951026,11.272686004638672,24.4000244140625,0.0409711684370258,11.304742813110352,25.699951171875,0.060146699266503664,11.225708961486816,25.674957275390625,0.060117302052785926,11.680840492248535,26.5999755859375,0.06575212866603596,11.308526992797852,26.5999755859375,0.06441149212233549,11.494823455810547,25.7850341796875,0.057763401109057304,11.65024471282959,25.800048828125,0.057938965059708095,12.139707565307617,27.4000244140625,0.0759602934829521,27.4000244140625,27.0,8.0,0.8888888888888888
2025-03-01 20:25:00,sample_data/synthetic_test/phase_02/synthetic_20250301_202500.tif,synthetic_test,149,ok,15.090109825134277,14.5999755859375,30.415019989013672,37.5,55.800048828125,0.14148629917901695,14.401264190673828,29.4000244140625,0.10689836756187467,14.951695442199707,29.9000244140625,0.1360647445624684,14.763912200927734,30.0,0.1310513447432763,15.06231689453125,30.674957275390625,0.13831867057673508,15.238504409790039,29.9000244140625,0.14191106906338694,15.45936107635498,31.629985809326172,0.16172381835032437,14.865942001342773,30.7850341796875,0.1344731977818854,15.346704483032227,30.699951171875,0.15524104378593542,15.521492004394531,30.800048828125,0.15839447561501943,31.629985809326172,31.215017318725586,9.0,1.0
2025-03-01 20:30:00,sample_data/synthetic_test/phase_02/synthetic_20250301_203000.tif,synthetic_test,150,ok,19.107999801635742,18.9000244140625,35.5,42.4000244140625,56.0,0.2663396950634396,18.47403907775879,33.800048828125,0.23275408109531331,18.306928634643555,34.0,0.24329792615073342,18.970659255981445,35.5,0.2523227383863081,18.93880844116211,34.875030517578125,0.26588465298142716,19.0876522064209,35.5999755859375,0.26915799432355725,19.61260414123535,36.0,0.2812789620018536,19.214740753173828,35.5999755859375,0.2754158964879852,19.40384864807129,36.5999755859375,0.2724458204334365,19.724428176879883,36.800048828125,0.29650410012947775,36.800048828125,36.70001220703125,9.0,1.0
2025-03-01 20:35:00,sample_data/synthetic_test/phase_02/synthetic_20250301_203500.tif,synthetic_test,151,ok,22.77708625793457,22.699951171875,39.0999755859375,45.699951171875,59.4000244140625,0.40532039663077085,22.26276969909668,38.300048828125,0.38704581358609796,22.428476333618164,38.219970703125,0.38543247344461307,22.194965362548828,38.5,0.37017114914425425,22.79486846923828,38.574981689453125,0.40762463343108507,22.61296272277832,38.53499221801758,0.4035004730368969,22.997777938842773,39.5,0.4161260426320667,22.564186096191406,39.18495559692383,0.3960258780036969,23.349578857421875,40.0,0.44139761167624947,23.492921829223633,40.820045471191406,0.42727665084160554,40.820045471191406,40.4100227355957,9.0,1.0
2025-03-01 20:40:00,sample_data/synthetic_test/phase_02/synthetic_20250301_204000.tif,synthetic_test,152,ok,25.799654006958008,25.699951171875,42.199951171875,49.4000244140625,63.0,0.5246828020044781,25.13091278076172,41.0999755859375,0.4907846234860453,25.063783645629883,41.5,0.49570055639858374,25.52621078491211,41.0999755859375,0.5129584352078239,25.271408081054688,41.475006103515625,0.5087976539589443,25.80165672302246,42.83504104614258,0.5165562913907285,26.240873336791992,42.7149658203125,0.5417052826691381,25.82901954650879,42.199951171875,0.5277264325323475,26.281160354614258,42.800048828125,0.5413533834586466,26.718257904052734,43.199951171875,0.5701337936987484,43.199951171875,43.01749610900879,9.0,1.0
2025-03-01 20:45:00,sample_data/synthetic_test/phase_02/synthetic_20250301_204500.tif,synthetic_test,153,ok,27.803016662597656,27.800048828125,44.300048828125,51.24299240112305,67.300048828125,0.6097664996268259,27.174882888793945,43.2099609375,0.5824117956819379,27.164541244506836,42.800048828125,0.5923115832068792,27.606748580932617,43.5999755859375,0.5946210268948655,27.68323516845703,43.975006103515625,0.6133919843597263,27.590774536132812,43.699951171875,0.6073793755912961,28.180627822875977,44.7149658203125,0.6283595922150139,27.675832748413086,44.98500442504883,0.6012014787430684,27.889516830444336,44.0999755859375,0.6134453781512605,28.934614181518555,45.9000244140625,0.6452309020284851,45.9000244140625,45.442514419555664,9.0,1.0
2025-03-01 20:50:00,sample_data/synthetic_test/phase_02/synthetic_20250301_205000.tif,synthetic_test,154,ok,28.528398513793945,28.5999755859375,44.800048828125,51.4000244140625,65.699951171875,0.6372747627678857,27.68588638305664,43.9000244140625,0.6097946287519748,27.74653434753418,43.820045471191406,0.6150733434496712,28.03501319885254,43.579978942871094,0.6244498777506112,28.24550437927246,44.0999755859375,0.6251221896383187,28.66608238220215,45.43501663208008,0.6385998107852412,28.448240280151367,44.51499557495117,0.6316033364226136,28.66427993774414,45.18495559692383,0.6464879852125693,29.40212059020996,45.5,0.6638655462184874,29.618860244750977,46.920021057128906,0.6711264566249461,46.920021057128906,46.21001052856445,9.0,1.0
2025-03-01 20:55:00,sample_data/synthetic_test/phase_02/synthetic_20250301_205500.tif,synthetic_test,155,ok,28.19293785095215,28.199951171875,44.4000244140625,50.84303665161133,73.699951171875,0.6212815865230835,27.47356605529785,43.300048828125,0.6013691416535019,27.4846248626709,43.619972229003906,0.5948406676783005,27.570514678955078,42.800048828125,0.5990220048899756,27.87839698791504,43.674957275390625,0.6041055718475073,28.31319808959961,44.63496780395508,0.6272469252601703,27.865522384643555,44.300048828125,0.6010194624652456,28.512523651123047,44.5,0.6427911275415896,29.21734046936035,45.699951171875,0.6585581601061478,29.204227447509766,46.420021057128906,0.6547259387138541,46.420021057128906,46.05998611450195,9.0,1.0
2025-03-01 21:00:00,sample_data/synthetic_test/phase_02/synthetic_20250301_210000.tif,synthetic_test,156,ok,26.666345596313477,26.5999755859375,43.0999755859375,49.699951171875,63.9000244140625,0.5626932508796247,25.51384735107422,41.2099609375,0.5292259083728278,25.88816261291504,41.320045471191406,0.5280728376327769,26.023080825805664,42.0999755859375,0.5452322738386308,26.230205535888672,42.4000244140625,0.5405669599217986,26.69243049621582,42.7349853515625,0.5633869441816461,27.258804321289062,43.5999755859375,0.5866543095458758,26.866451263427734,43.300048828125,0.5670055452865065,27.32689094543457,44.199951171875,0.5842547545333923,27.741390228271484,45.0999755859375,0.6016400517911092,45.0999755859375,44.64996337890625,9.0,1.0
2025-03-01 21:05:00,sample_data/synthetic_test/phase_02/synthetic_20250301_210500.tif,synthetic_test,157,ok,24.13446617126465,24.0999755859375,40.300048828125,47.4000244140625,67.199951171875,0.4612965134875786,23.590837478637695,39.9000244140625,0.43759873617693523,23.441526412963867,39.639991760253906,0.424886191198786,23.956920623779297,39.4000244140625,0.4449877750611247,23.721210479736328,39.0999755859375,0.4452590420332356,24.174219131469727,40.0,0.47019867549668876,24.199722290039062,40.2149658203125,0.46014828544949027,24.216127395629883,40.199951171875,0.46164510166358597,24.510923385620117,40.699951171875,0.4834144183989385,25.14238166809082,42.5999755859375,0.5088476478204574,42.5999755859375,41.64996337890625,9.0,1.0
2025-03-01 21:10:00,sample_data/synthetic_test/phase_02/synthetic_20250301_211000.tif,synthetic_test,158,ok,20.723623275756836,20.5999755859375,36.81504440307617,43.5,56.300048828125,0.33121868002985394,20.184255599975586,35.1099739074707,0.3048973143759874,20.571319580078125,36.699951171875,0.3227111785533637,20.164058685302734,36.199951171875,0.30660146699266505,20.27570915222168,35.800048828125,0.3176930596285435,20.730180740356445,37.4000244140625,0.3207190160832545,21.452411651611328,37.529991149902344,0.3563484708063021,20.58258056640625,36.88502883911133,0.32717190388170053,20.782663345336914,37.4000244140625,0.3423264042459089,21.5461368560791,38.199951171875,0.37073802330599914,38.199951171875,37.86497116088867,9.0,1.0
2025-03-01 21:15:00,sample_data/synthetic_test/phase_02/synthetic_20250301_211500.tif,synthetic_test,159,ok,16.833280563354492,16.5,32.5,39.0999755859375,57.300048828125,0.19548992429896578,16.261873245239258,31.5,0.1779884149552396,16.379615783691406,31.820043563842773,0.18057663125948406,16.734472274780273,31.300048828125,0.19119804400977994,16.717302322387695,31.800048828125,0.18670576735092864,17.004682540893555,33.300048828125,0.19962157048249762,17.2332706451416,33.199951171875,0.21872103799814643,16.92351722717285,32.0999755859375,0.1899260628465804,16.772756576538086,33.0,0.1968155683325962,17.476436614990234,33.420021057128906,0.21665947345705655,33.420021057128906,33.36003494262695,9.0,1.0
2025-03-01 21:20:00,sample_data/synthetic_test/phase_02/synthetic_20250301_212000.tif,synthetic_test,160,ok,12.799274444580078,11.9000244140625,28.0999755859375,34.5999755859375,49.5,0.08854888580872161,12.232858657836914,26.0,0.0631911532385466,12.66403579711914,28.0,0.08649468892261002,12.67369270324707,27.199951171875,0.08704156479217603,12.437585830688477,26.975006103515625,0.07575757575757576,12.76173210144043,28.335041046142578,0.08561967833491012,12.993975639343262,28.114971160888672,0.09453197405004633,12.892468452453613,28.4000244140625,0.09288354898336414,13.193275451660156,28.0,0.0950906678460858,13.299656867980957,29.699951171875,0.11221406991799741,29.699951171875,29.04998779296875,9.0,1.0
2025-03-01 21:25:00,sample_data/synthetic_test/phase_02/synthetic_20250301_212500.tif,synthetic_test,161,ok,9.760064125061035,8.4000244140625,23.300048828125,30.5,44.9000244140625,0.03486512421366884,9.394680976867676,22.0999755859375,0.028962611901000527,9.547749519348145,22.519994735717773,0.027314112291350532,9.612566947937012,23.199951171875,0.03374083129584352,9.582209587097168,22.674957275390625,0.02785923753665689,9.921711921691895,23.4000244140625,0.033112582781456956,10.011260032653809,23.614971160888672,0.03985171455050973,9.911968231201172,23.5,0.0355822550831793,9.70044231414795,24.0,0.04113224237063246,10.156753540039062,24.5,0.0466119982736297,24.5,24.25,0.0,0.0
2025-03-01 21:30:00,sample_data/synthetic_test/phase_02/synthetic_20250301_213000.tif,synthetic_test,162,ok,8.166360855102539,6.9000244140625,20.0,26.0999755859375,39.5,0.01327433628318584,7.962243556976318,19.410022735595703,0.012111637704054766,8.061254501342773,20.0,0.01163378856853819,7.933006286621094,19.4000244140625,0.010268948655256724,7.833870887756348,19.4000244140625,0.008308895405669599,8.235100746154785,20.199951171875,0.013718070009460738,8.326552391052246,20.0,0.013901760889712697,8.221672058105469,20.4000244140625,0.01155268022181146,8.503230094909668,21.0,0.022114108801415303,8.398056983947754,20.5999755859375,0.0146741476046612,21.0,20.79998779296875,0.0,0.0
2025-03-01 21:35:00,sample_data/synthetic_test/phase_02/synthetic_20250301_213500.tif,synthetic_test,163,ok,8.110779762268066,6.9000244140625,19.9000244140625,25.5999755859375,42.5999755859375,0.011461776308774922,7.675566673278809,18.800048828125,0.00842548709847288,8.056550025939941,19.699951171875,0.012139605462822459,7.90557336807251,19.380029678344727,0.013202933985330073,7.977859020233154,19.5,0.009286412512218964,8.021143913269043,19.9000244140625,0.008987701040681173,8.208202362060547,20.415019989013672,0.016682113067655237,8.266912460327148,19.699951171875,0.009242144177449169,8.224193572998047,20.0999755859375,0.009287925696594427,8.434309959411621,20.5999755859375,0.013379369874838154,20.5999755859375,20.507497787475586,0.0,0.0
2025-03-01 21:40:00,sample_data/synthetic_test/phase_02/synthetic_20250301_214000.tif,synthetic_test,164,ok,9.14669418334961,7.800048828125,22.014995574951172,28.5999755859375,45.300048828125,0.025269218466787504,8.968034744262695,21.5,0.019483938915218536,8.983003616333008,22.119970321655273,0.025796661608497723,9.222103118896484,22.280029296875,0.02885085574572127,8.958064079284668,21.300048828125,0.01906158357771261,9.08254337310791,22.199951171875,0.02459791863765374,8.867006301879883,21.430017471313477,0.024559777571825765,9.156515121459961,21.985004425048828,0.02356746765249538,9.295443534851074,21.9000244140625,0.02476780185758514,9.75183391571045,23.119970321655273,0.03625377643504532,23.119970321655273,22.699999809265137,0.0,0.0
2025-03-01 21:45:00,sample_data/synthetic_test/phase_02/synthetic_20250301_214500.tif,synthetic_test,165,ok,10.361072540283203,9.0999755859375,24.4000244140625,30.84303855895996,45.0,0.04424778761061947,10.242231369018555,23.910022735595703,0.04160084254870985,10.2722806930542,23.699951171875,0.036418816388467376,9.871441841125488,23.0999755859375,0.03667481662591687,10.28704833984375,24.0999755859375,0.042033235581622676,10.471712112426758,24.800048828125,0.04777672658467361,10.138043403625488,24.199951171875,0.04402224281742354,10.52245807647705,24.5999755859375,0.04621072088724584,10.554621696472168,24.9000244140625,0.04909332153914197,10.76180362701416,25.0999755859375,0.050496331463098836,25.0999755859375,25.0,1.0,0.1111111111111111
2025-03-01 21:50:00,sample_data/synthetic_test/phase_02/synthetic_20250301_215000.tif,synthetic_test,166,ok,11.258919715881348,10.0999755859375,25.9000244140625,32.4000244140625,47.9000244140625,0.05842840388101077,10.836915016174316,24.5,0.04265402843601896,11.042892456054688,25.9000244140625,0.057157309054122404,10.871832847595215,25.300048828125,0.05232273838630807,10.93602180480957,25.300048828125,0.05327468230694037,11.292242050170898,26.199951171875,0.06764427625354778,11.630675315856934,26.199951171875,0.0639481000926784,11.443068504333496,25.885028839111328,0.05868761552680222,11.581070899963379,26.199951171875,0.06368863334807608,11.66227912902832,26.719970703125,0.06560207164436772,26.719970703125,26.4599609375,8.0,0.8888888888888888
2025-03-01 21:55:00,sample_data/synthetic_test/phase_02/synthetic_20250301_215500.tif,synthetic_test,167,ok,11.602612495422363,10.5,26.300048828125,32.5999755859375,49.199951171875,0.06477236379144898,11.370458602905273,24.810047149658203,0.04844655081621906,11.080777168273926,24.800048828125,0.04704097116843703,11.639510154724121,26.280029296875,0.06601466992665037,11.267889022827148,25.975006103515625,0.06207233626588465,11.536421775817871,26.0,0.06385998107852413,11.956720352172852,27.514995574951172,0.07599629286376275,11.63489055633545,25.5,0.05545286506469501,11.533039093017578,26.800048828125,0.07120743034055728,12.315796852111816,27.719970703125,0.08761329305135952,27.719970703125,27.617483139038086,7.0,0.7777777777777778
2025-03-01 22:00:00,sample_data/synthetic_test/phase_02/synthetic_20250301_220000.tif,synthetic_test,168,ok,11.0095853805542,9.800048828125,25.4000244140625,32.4000244140625,46.300048828125,0.0538436933575008,10.588204383850098,24.0,0.03738809899947341,10.650632858276367,24.320043563842773,0.04451188669701568,10.723179817199707,24.880029678344727,0.04841075794621027,10.664908409118652,25.0999755859375,0.05083088954056696,11.13334846496582,25.5,0.056291390728476824,11.399026870727539,26.0999755859375,0.061631139944392954,11.407115936279297,26.0999755859375,0.060536044362292055,11.14776611328125,25.800048828125,0.05926581158779301,11.240266799926758,25.920019149780273,0.06128614587829089,26.0999755859375,26.0999755859375,6.0,0.6666666666666666
2025-03-01 22:05:00,sample_data/synthetic_test/phase_02/synthetic_20250301_220500.tif,synthetic_test,169,ok,9.871495246887207,8.5999755859375,23.4000244140625,30.242992401123047,53.5,0.035291608913530226,9.476460456848145,22.109973907470703,0.025803054239073198,9.730146408081055,23.019994735717773,0.0343955488113303,9.551392555236816,22.480005264282227,0.026405867970660146,9.848191261291504,23.800048828125,0.04398826979472141,9.695507049560547,23.4000244140625,0.03500473036896878,10.240036964416504,24.300048828125,0.03985171455050973,10.081422805786133,23.5,0.034195933456561925,9.947543144226074,23.699951171875,0.0367094206103494,10.136556625366211,23.420019149780273,0.03884333189469141,24.300048828125,24.050048828125,0.0,0.0
2025-03-01 22:10:00,sample_data/synthetic_test/phase_02/synthetic_20250301_221000.tif,synthetic_test,170,ok,8.553971290588379,7.300048828125,20.800048828125,27.5999755859375,42.0999755859375,0.019138500906279988,8.28888988494873,20.0999755859375,0.013164823591363875,8.070863723754883,20.0,0.014668689934243804,8.416528701782227,20.5999755859375,0.017603911980440097,8.279275894165039,19.9000244140625,0.011730205278592375,8.631407737731934,20.935016632080078,0.023651844843897825,8.899721145629883,22.199951171875,0.029657089898053754,8.585028648376465,21.0,0.013863216266173753,8.786023139953613,21.300048828125,0.022114108801415303,8.934139251708984,21.480030059814453,0.023737591713422528,22.199951171875,21.839990615844727,0.0,0.0
2025-03-01 22:15:00,sample_data/synthetic_test/phase_02/synthetic_20250301_221500.tif,synthetic_test,171,ok,7.935014247894287,6.800048828125,19.4000244140625,25.699951171875,44.4000244140625,0.011568397483740271,8.053923606872559,19.009998321533203,0.010531858873091101,7.644714832305908,18.800048828125,0.009610520991401113,7.7422003746032715,18.9000244140625,0.009290953545232274,8.002686500549316,19.5999755859375,0.012218963831867057,7.932922840118408,19.0,0.00804162724692526,7.793326377868652,19.2149658203125,0.010658016682113068,7.876525402069092,19.4000244140625,0.01432532347504621,8.015345573425293,19.699951171875,0.012826183104820876,8.282952308654785,20.300048828125,0.0146741476046612,20.300048828125,20.0,0.0,0.0
2025-03-01 22:20:00,sample_data/synthetic_test/phase_02/synthetic_20250301_222000.tif,synthetic_test,172,ok,8.644497871398926,7.4000244140625,21.0,27.54298973083496,40.9000244140625,0.02063119735579486,8.228174209594727,20.009998321533203,0.01474460242232754,8.529642105102539,20.699951171875,0.01618614061709661,8.447920799255371,20.300048828125,0.016625916870415647,8.638269424438477,21.72503662109375,0.019550342130987292,8.64664077758789,21.199951171875,0.026017029328287606,8.671687126159668,21.2149658203125,0.022706209453197405,8.825556755065918,21.385028839111328,0.021256931608133085,8.7886323928833,21.300048828125,0.021671826625386997,9.0,22.0999755859375,0.025463962019853258,22.0999755859375,21.912506103515625,0.0,0.0
2025-03-01 22:25:00,sample_data/synthetic_test/phase_02/synthetic_20250301_222500.tif,synthetic_test,173,ok,11.088873863220215,9.9000244140625,25.5999755859375,32.5,51.5999755859375,0.056242669794221135,10.823854446411133,24.800048828125,0.0468667719852554,10.650076866149902,24.719970703125,0.048558421851289835,10.816722869873047,24.699951171875,0.04547677261613692,10.894135475158691,24.9000244140625,0.04740957966764418,11.231740951538086,26.0,0.06291390728476821,11.388971328735352,26.5,0.06441149212233549,10.724629402160645,24.699951171875,0.047597042513863215,11.518709182739258,26.199951171875,0.06766917293233082,11.531377792358398,26.699951171875,0.06905481225722918,26.699951171875,26.5999755859375,4.0,0.4444444444444444
2025-03-01 22:30:00,sample_data/synthetic_test/phase_02/synthetic_20250301_223000.tif,synthetic_test,174,ok,14.60356616973877,13.9000244140625,30.300048828125,37.0999755859375,54.0999755859375,0.12837189465827914,13.977252006530762,28.800048828125,0.110057925223802,14.342741966247559,30.019994735717773,0.112797167425392,13.963326454162598,28.9000244140625,0.09975550122249388,14.601025581359863,29.875030517578125,0.12609970674486803,14.393946647644043,29.5999755859375,0.11494796594134342,14.736699104309082,30.5,0.14504170528266913,14.744269371032715,30.699951171875,0.13401109057301294,15.035337448120117,31.199951171875,0.14639540026536932,15.44031047821045,31.199951171875,0.15796288303841174,31.199951171875,31.199951171875,9.0,1.0
2025-03-01 22:35:00,sample_data/synthetic_test/phase_02/synthetic_20250301_223500.tif,synthetic_test,175,ok,18.57558250427246,18.300048828125,34.699951171875,41.800048828125,58.0,0.24629491416995417,17.801313400268555,33.800048828125,0.2143233280674039,17.874608993530273,33.519996643066406,0.21294891249367728,18.539119720458984,34.280029296875,0.23863080684596577,18.009042739868164,33.624969482421875,0.22140762463343108,18.863386154174805,34.800048828125,0.2620624408703879,18.999305725097656,35.699951171875,0.25301204819277107,18.571258544921875,34.4000244140625,0.24491682070240295,18.977088928222656,35.4000244140625,0.2768686421937196,19.35157585144043,36.300048828125,0.2813983599482089,36.300048828125,36.0,9.0,1.0
2025-03-01 22:40:00,sample_data/synthetic_test/phase_02/synthetic_20250301_224000.tif,synthetic_test,176,ok,22.364707946777344,22.199951171875,38.800048828125,45.800048828125,59.5,0.387141486299179,21.70131492614746,36.8100471496582,0.3696682464454976,22.067678451538086,38.719970703125,0.37329286798179057,21.901762008666992,38.179954528808594,0.3750611246943765,22.143892288208008,38.475006103515625,0.38220918866080156,22.13528823852539,38.4000244140625,0.37228003784295177,22.88067626953125,39.800048828125,0.41056533827618164,22.276155471801758,37.800048828125,0.37430683918669133,22.958425521850586,39.800048828125,0.41088014153029634,23.04471206665039,40.53998947143555,0.41044454035390593,40.53998947143555,40.17001914978027,9.0,1.0
2025-03-01 22:45:00,sample_data/synthetic_test/phase_02/synthetic_20250301_224500.tif,synthetic_test,177,ok,25.575117111206055,25.5,41.800048828125,48.9000244140625,64.300048828125,0.5165795927071116,24.652185440063477,40.0999755859375,0.4823591363875724,25.004955291748047,41.0,0.48710166919575115,24.865968704223633,40.480003356933594,0.49486552567237163,25.28064727783203,41.524993896484375,0.5073313782991202,25.583066940307617,42.199951171875,0.5141911069063387,26.066078186035156,42.4000244140625,0.5370713623725671,25.703882217407227,41.5,0.522181146025878,26.267005920410156,43.699951171875,0.5347191508182221,26.47522735595703,42.9000244140625,0.5563228312473025,43.699951171875,43.29998779296875,9.0,1.0
2025-03-01 22:50:00,sample_data/synthetic_test/phase_02/synthetic_20250301_225000.tif,synthetic_test,178,ok,27.59049415588379,27.5999755859375,43.800048828125,50.5999755859375,65.4000244140625,0.5986778974304297,26.84365463256836,43.5,0.5750394944707741,26.930904388427734,42.420021057128906,0.5766312594840668,26.709293365478516,43.5,0.5589242053789731,27.345163345336914,43.2750244140625,0.5889540566959922,27.766460418701172,44.0999755859375,0.5993377483443708,27.959590911865234,43.699951171875,0.6158480074142725,27.774860382080078,43.699951171875,0.6076709796672828,28.151260375976562,45.0999755859375,0.6214064573197701,28.55062484741211,44.9000244140625,0.631851532153647,45.0999755859375,45.0,9.0,1.0
2025-03-01 22:55:00,sample_data/synthetic_test/phase_02/synthetic_20250301_225500.tif,synthetic_test,179,ok,28.487119674682617,28.4000244140625,44.9000244140625,51.699951171875,69.5999755859375,0.634129438106408,27.533809661865234,43.5,0.59768299104792,28.042436599731445,43.800048828125,0.6170966110268084,27.716672897338867,43.96001052856445,0.6156479217603912,28.06891441345215,43.875030517578125,0.6280547409579668,28.671428680419922,44.800048828125,0.631031220435194,28.807273864746094,44.800048828125,0.6422613531047267,28.48137855529785,45.4000244140625,0.6372458410351202,29.061521530151367,46.0,0.6554621848739496,29.667888641357422,46.699951171875,0.6706948640483383,46.699951171875,46.3499755859375,9.0,1.0
2025-03-01 23:00:00,sample_data/synthetic_test/phase_02/synthetic_20250301_230000.tif,synthetic_test,180,ok,28.372394561767578,28.4000244140625,44.9000244140625,51.699951171875,67.199951171875,0.6316238404947222,27.166086196899414,42.699951171875,0.5908372827804107,27.509458541870117,43.4000244140625,0.6079919069296914,28.10259437561035,44.0,0.6273838630806846,28.158113479614258,45.45001220703125,0.6231671554252199,28.330652236938477,45.0,0.6371807000946074,28.459917068481445,45.0999755859375,0.6274328081556997,28.63613510131836,44.699951171875,0.6395563770794824,29.02034568786621,45.5999755859375,0.653250773993808,29.621320724487305,46.5999755859375,0.6655157531290462,46.5999755859375,46.0999755859375,9.0,1.0
2025-03-01 23:05:00,sample_data/synthetic_test/phase_02/synthetic_20250301_230500.tif,synthetic_test,181,ok,27.14727020263672,27.0999755859375,43.800048828125,50.0999755859375,66.300048828125,0.5838575541102463,26.58536148071289,41.820045471191406,0.5681937862032649,26.137832641601562,42.800048828125,0.5417298937784522,26.836233139038086,43.0,0.5775061124694376,26.85904312133789,43.750030517578125,0.5718475073313783,27.102506637573242,43.800048828125,0.5671712393566698,27.53364372253418,44.4000244140625,0.5936051899907322,27.26700782775879,43.88502883911133,0.5878003696857671,27.70513153076172,43.699951171875,0.6072534276868642,27.849979400634766,45.0,0.6201985325852395,45.0,44.70001220703125,9.0,1.0
2025-03-01 23:10:00,sample_data/synthetic_test/phase_02/synthetic_20250301_231000.tif,synthetic_test,182,ok,24.70119857788086,24.5999755859375,41.0,47.800048828125,73.800048828125,0.4843266872800938,23.79146957397461,38.9100227355957,0.444971037388099,24.411279678344727,40.0999755859375,0.47698533131006576,24.35256576538086,40.280029296875,0.4792176039119804,24.259675979614258,40.199951171875,0.4682306940371456,24.649856567382812,41.43501663208008,0.467360454115421,24.885774612426758,41.12998580932617,0.4995366079703429,24.54718017578125,41.0,0.47597042513863214,25.406015396118164,42.4000244140625,0.5192392746572313,25.76624870300293,43.019996643066406,0.5174794993526112,43.019996643066406,42.71001052856445,9.0,1.0
2025-03-01 23:15:00,sample_data/synthetic_test/phase_02/synthetic_20250301_231500.tif,synthetic_test,183,ok,21.142446517944336,20.9000244140625,37.300048828125,44.0,58.0,0.338895404627359,20.94918441772461,36.8100471496582,0.32385466034755134,20.5596866607666,36.5,0.31057157309054123,21.109485626220703,37.880027770996094,0.3359413202933985,20.737926483154297,36.199951171875,0.3201368523949169,21.137605667114258,37.0999755859375,0.33964049195837276,21.39930534362793,37.800048828125,0.3535681186283596,20.773151397705078,37.0,0.3322550831792976,21.444494247436523,37.4000244140625,0.34940291906236176,22.007896423339844,38.320045471191406,0.3724643936124299,38.320045471191406,38.10003662109375,9.0,1.0
2025-03-01 23:20:00,sample_data/synthetic_test/phase_02/synthetic_20250301_232000.tif,synthetic_test,184,ok,17.09996795654297,16.5999755859375,33.0999755859375,40.199951171875,59.0,0.19964815012261436,16.223432540893555,30.910022735595703,0.16113744075829384,16.841224670410156,32.619972229003906,0.18715225088517956,17.43560218811035,33.179954528808594,0.21320293398533008,16.651660919189453,33.199951171875,0.18621700879765396,17.148958206176758,33.4000244140625,0.19820245979186377,17.229658126831055,34.0,0.20481927710843373,16.752635955810547,32.4000244140625,0.19085027726432532,17.593233108520508,33.5999755859375,0.21892967713401149,17.63763427734375,34.199951171875,0.22183858437634874,34.199951171875,34.0999755859375,9.0,1.0
2025-03-01 23:25:00,sample_data/synthetic_test/phase_02/synthetic_20250301_232500.tif,synthetic_test,185,ok,13.24760627746582,12.4000244140625,28.0999755859375,35.0,50.199951171875,0.09435973984433309,12.973987579345703,27.300048828125,0.09057398630858346,12.992969512939453,28.0999755859375,0.08952959028831563,13.140878677368164,27.579980850219727,0.09144254278728606,12.970576286315918,27.2750244140625,0.08308895405669599,13.248533248901367,27.699951171875,0.09318826868495743,13.364178657531738,29.029993057250977,0.10426320667284522,13.361922264099121,28.084980010986328,0.08964879852125693,13.370014190673828,28.300048828125,0.102609464838567,13.626327514648438,29.0,0.10185584807941303,29.029993057250977,29.01499652862549,9.0,1.0
2025-03-01 23:30:00,sample_data/synthetic_test/phase_02/synthetic_20250301_233000.tif,synthetic_test,186,ok,10.090804100036621,8.699951171875,23.800048828125,30.64296531677246,45.800048828125,0.039076660624800086,9.515111923217773,22.810047149658203,0.0315955766192733,9.856245994567871,23.0999755859375,0.029843196762771876,10.080636024475098,23.679956436157227,0.03667481662591687,10.259628295898438,23.5999755859375,0.036656891495601175,10.124313354492188,24.0,0.03926206244087039,10.198563575744629,24.244958877563477,0.04494902687673772,9.94718074798584,23.385028839111328,0.034195933456561925,10.34117603302002,25.0,0.04953560371517028,10.448380470275879,24.800048828125,0.04704359085023738,25.0,24.9000244140625,0.0,0.0
2025-03-01 23:35:00,sample_data/synthetic_test/phase_02/synthetic_20250301_233500.tif,synthetic_test,187,ok,8.251182556152344,7.0,20.0999755859375,26.0999755859375,40.0,0.013540889220599211,7.951921463012695,19.300048828125,0.008952080042127435,7.884825229644775,19.0,0.009610520991401113,8.287775039672852,20.880029678344727,0.017603911980440097,8.096039772033691,19.875030517578125,0.010752688172043012,8.332355499267578,20.300048828125,0.013245033112582781,8.5392484664917,20.199951171875,0.015291936978683966,8.154621124267578,20.0,0.01432532347504621,8.486066818237305,20.300048828125,0.014153029632905795,8.478591918945312,20.820043563842773,0.01683211048769961,20.880029678344727,20.85003662109375,0.0,0.0
2025-03-01 23:40:00,sample_data/synthetic_test/phase_02/synthetic_20250301_234000.tif,synthetic_test,188,ok,7.984001636505127,6.800048828125,19.4000244140625,25.199951171875,40.5999755859375,0.010928670433948183,7.60563325881958,18.699951171875,0.0052659294365455505,7.940364837646484,18.699951171875,0.008598887202832575,7.679560661315918,18.880029678344727,0.012224938875305624,8.058014869689941,19.5,0.013196480938416423,8.035429954528809,20.5,0.013718070009460738,8.121036529541016,19.5,0.011121408711770158,8.010857582092285,19.300048828125,0.01155268022181146,8.029853820800781,19.5,0.011499336576735958,8.286577224731445,20.0999755859375,0.01078981441519206,20.5,20.29998779296875,0.0,0.0
2025-03-01 23:45:00,sample_data/synthetic_test/phase_02/synthetic_20250301_234500.tif,synthetic_test,189,ok,8.929437637329102,7.5999755859375,21.9000244140625,28.800048828125,40.5999755859375,0.025375839641752853,8.432437896728516,21.310047149658203,0.024749868351764088,8.826251029968262,20.9000244140625,0.02225594334850784,8.912665367126465,21.780029296875,0.025427872860635695,8.791299819946289,21.574981689453125,0.025904203323558164,9.053357124328613,22.0999755859375,0.022232734153263954,9.00389289855957,22.014995574951172,0.025949953660797033,8.867650985717773,21.699951171875,0.024029574861367836,9.015081405639648,22.0,0.02565236620964175,9.40759563446045,23.0,0.030643072939145446,23.0,22.54998779296875,0.0,0.0
2025-03-01 23:50:00,sample_data/synthetic_test/phase_02/synthetic_20250301_235000.tif,synthetic_test,190,ok,10.22415542602539,8.800048828125,24.199951171875,30.5999755859375,45.0,0.041475637061520416,9.821803092956543,22.820043563842773,0.02843601895734597,9.9923095703125,23.5999755859375,0.03692463328275165,10.071393966674805,24.159961700439453,0.04254278728606357,9.968718528747559,23.699951171875,0.03714565004887586,10.122325897216797,23.800048828125,0.03595080416272469,10.501993179321289,24.0999755859375,0.04170528266913809,10.299492835998535,24.4000244140625,0.0411275415896488,10.480184555053711,24.699951171875,0.04599734630694383,10.553690910339355,25.9000244140625,0.05912818299525248,25.9000244140625,25.29998779296875,1.0,0.1111111111111111
2025-03-01 23:55:00,sample_data/synthetic_test/phase_02/synthetic_20250301_235500.tif,synthetic_test,191,ok,11.25549602508545,10.0999755859375,25.699951171875,32.699951171875,44.9000244140625,0.05634929096918648,10.966562271118164,24.5999755859375,0.0468667719852554,11.160697937011719,25.4000244140625,0.054628224582701064,11.082101821899414,24.800048828125,0.04547677261613692,10.853862762451172,24.975006103515625,0.04985337243401759,11.145601272583008,25.634967803955078,0.05676442762535478,11.530631065368652,26.7149658203125,0.06533827618164968,11.626571655273438,26.300048828125,0.06007393715341959,11.200043678283691,26.199951171875,0.06103494029190624,11.644539833068848,26.4000244140625,0.06301251618472162,26.7149658203125,26.5574951171875,6.0,0.6666666666666666
2025-03-02 00:00:00,sample_data/synthetic_test/phase_02/synthetic_20250302_000000.tif,synthetic_test,192,ok,11.54372501373291,10.4000244140625,26.300048828125,33.4000244140625,50.9000244140625,0.06322635675445143,11.327645301818848,25.810047149658203,0.06003159557661927,10.985331535339355,25.300048828125,0.05209914011127972,11.282591819763184,26.0,0.05867970660146699,11.398777961730957,26.375030517578125,0.059628543499511244,11.725258827209473,25.5999755859375,0.05912961210974456,11.65996265411377,26.114971160888672,0.06302131603336422,11.562614440917969,26.4000244140625,0.06377079482439926,11.828614234924316,27.199951171875,0.07164971251658558,12.002849578857422,27.4000244140625,0.07639188605955978,27.4000244140625,27.29998779296875,9.0,1.0
2025-03-02 00:05:00,sample_data/synthetic_test/phase_02/synthetic_20250302_000500.tif,synthetic_test,193,ok,11.050169944763184,9.800048828125,25.5,32.5999755859375,46.800048828125,0.054163556882396845,10.684677124023438,24.5999755859375,0.044233807266982623,10.574355125427246,25.119970321655273,0.05058168942842691,11.235403060913086,25.280029296875,0.05281173594132029,10.740272521972656,24.7750244140625,0.0469208211143695,10.797870635986328,24.170001983642578,0.04399243140964995,11.269830703735352,25.800048828125,0.05560704355885079,11.120471954345703,25.5,0.05591497227356747,11.348384857177734,26.300048828125,0.0659000442282176,11.516140937805176,26.5,0.06905481225722918,26.5,26.4000244140625,6.0,0.6666666666666666
2025-03-02 00:10:00,sample_data/synthetic_test/phase_02/synthetic_20250302_001000.tif,synthetic_test,194,ok,9.997030258178711,8.5999755859375,23.800048828125,30.5999755859375,46.199951171875,0.03763727476276789,9.577621459960938,23.0,0.02738283307003686,9.721242904663086,23.019994735717773,0.03388973191704603,9.882640838623047,23.5999755859375,0.03765281173594132,9.81485652923584,23.199951171875,0.03225806451612903,10.110878944396973,23.9000244140625,0.036896877956480605,10.077293395996094,23.7149658203125,0.038461538461538464,9.917606353759766,23.5999755859375,0.036968576709796676,10.455196380615234,24.5,0.045112781954887216,10.218082427978516,24.719970703125,0.04574881312041433,24.719970703125,24.6099853515625,0.0,0.0
2025-03-02 00:15:00,sample_data/synthetic_test/phase_02/synthetic_20250302_001500.tif,synthetic_test,195,ok,8.682012557983398,7.5,21.300048828125,27.9000244140625,42.800048828125,0.022017272630344385,8.137124061584473,20.5,0.015271195365982097,8.3546781539917,20.5999755859375,0.018715225088517955,8.569584846496582,20.380029678344727,0.01613691931540342,8.829472541809082,21.300048828125,0.024926686217008796,8.751513481140137,21.5999755859375,0.02554399243140965,8.98725700378418,22.0,0.025486561631139944,8.719684600830078,21.5,0.018946395563770795,8.50796127319336,21.4000244140625,0.022114108801415303,9.150279998779297,22.699951171875,0.030643072939145446,22.699951171875,22.3499755859375,0.0,0.0
2025-03-02 00:20:00,sample_data/synthetic_test/phase_02/synthetic_20250302_002000.tif,synthetic_test,196,ok,7.969751358032227,6.800048828125,19.5999755859375,25.5,45.199951171875,0.010928670433948183,7.522854328155518,18.699951171875,0.010005265929436546,7.6780476570129395,18.9000244140625,0.007587253414264037,8.069046020507812,19.980005264282227,0.010757946210268949,7.864467144012451,18.875030517578125,0.012218963831867057,7.984862804412842,20.170001983642578,0.010406811731315043,8.050880432128906,19.800048828125,0.016218721037998145,8.03253173828125,19.885028839111328,0.01155268022181146,8.150818824768066,20.0,0.011057054400707651,8.301163673400879,20.0,0.008200258955545965,20.170001983642578,20.08500099182129,0.0,0.0
2025-03-02 00:25:00,sample_data/synthetic_test/phase_02/synthetic_20250302_002500.tif,synthetic_test,197,ok,8.443964958190918,7.0999755859375,20.800048828125,27.199951171875,41.5999755859375,0.017485872694317093,8.092047691345215,20.0,0.01685097419694576,8.30703067779541,21.199951171875,0.018715225088517955,8.434815406799316,20.579980850219727,0.01613691931540342,8.367741584777832,20.0,0.01270772238514174,8.414663314819336,20.935016632080078,0.01466414380321665,8.599631309509277,21.0999755859375,0.019462465245597776,8.450969696044922,21.0,0.020794824399260628,8.399378776550293,20.5999755859375,0.019460415745245468,8.816357612609863,21.119970321655273,0.01812688821752266,21.199951171875,21.159960746765137,0.0,0.0
2025-03-02 00:30:00,sample_data/synthetic_test/phase_02/synthetic_20250302_003000.tif,synthetic_test,198,ok,10.611104011535645,9.300048828125,24.800048828125,31.9000244140625,50.9000244140625,0.047499733447062584,10.166614532470703,23.320043563842773,0.0315955766192733,10.356804847717285,23.800048828125,0.03945371775417299,10.403617858886719,24.460010528564453,0.04352078239608802,10.487977981567383,24.699951171875,0.0469208211143695,10.88486385345459,25.0999755859375,0.05203405865657521,10.920991897583008,25.514995574951172,0.056070435588507876,10.348151206970215,24.470006942749023,0.045748613678373386,11.050198554992676,25.699951171875,0.05572755417956656,10.751832962036133,25.199951171875,0.05179110919292188,25.699951171875,25.607473373413086,4.0,0.4444444444444444
2025-03-02 00:35:00,sample_data/synthetic_test/phase_02/synthetic_20250302_003500.tif,synthetic_test,199,ok,14.148065567016602,13.4000244140625,29.800048828125,36.14296340942383,61.5999755859375,0.11957564772363792,13.454344749450684,28.2099609375,0.0937335439705108,13.816944122314453,28.719970703125,0.09357612544258978,14.086064338684082,29.5999755859375,0.12176039119804401,14.18714714050293,29.0,0.11192570869990225,13.916223526000977,29.9000244140625,0.11920529801324503,14.10977840423584,30.300048828125,0.13160333642261354,14.038816452026367,29.184955596923828,0.11691312384473197,14.8613862991333,31.4000244140625,0.14374170720919946,14.569314002990723,30.4000244140625,0.13336210617177385,31.4000244140625,30.9000244140625,9.0,1.0
2025-03-02 00:40:00,sample_data/synthetic_test/phase_02/synthetic_20250302_004000.tif,synthetic_test,200,ok,18.160993576049805,17.800048828125,34.0999755859375,41.0999755859375,61.5,0.23547286491097133,17.779146194458008,33.699951171875,0.21695629278567669,17.712848663330078,33.300048828125,0.2210419828022256,17.82048797607422,33.380027770996094,0.2293398533007335,17.883136749267578,33.475006103515625,0.22238514173998045,18.446121215820312,34.63496780395508,0.25165562913907286,18.584753036499023,34.4000244140625,0.24513438368860055,18.14866065979004,34.300048828125,0.22134935304990758,18.41242790222168,35.0999755859375,0.2547545333923043,18.523609161376953,35.4000244140625,0.2537764350453172,35.4000244140625,35.25,9.0,1.0
2025-03-02 00:45:00,sample_data/synthetic_test/phase_02/synthetic_20250302_004500.tif,synthetic_test,201,ok,21.987401962280273,21.9000244140625,38.0999755859375,44.800048828125,60.9000244140625,0.3759995735153001,21.379093170166016,36.5099983215332,0.35018430753027907,21.747039794921875,37.619972229003906,0.3636823469903895,21.760440826416016,37.280029296875,0.36577017114914423,21.664613723754883,37.2750244140625,0.36070381231671556,21.98126792907715,38.9000244140625,0.3770104068117313,22.304216384887695,39.0999755859375,0.3860055607043559,22.079387664794922,37.98500442504883,0.37430683918669133,22.193321228027344,38.5,0.3931888544891641,22.730857849121094,38.920021057128906,0.40914976262408287,39.0999755859375,39.0099983215332,9.0,1.0
2025-03-02 00:50:00,sample_data/synthetic_test/phase_02/synthetic_20250302_005000.tif,synthetic_test,202,ok,25.03496551513672,24.9000244140625,41.5,48.14296340942383,67.800048828125,0.4931762448022177,24.127172470092773,40.4100227355957,0.43970510795155343,24.124229431152344,40.5,0.45928174001011635,24.39251708984375,41.300048828125,0.46112469437652814,24.688369750976562,41.0999755859375,0.4750733137829912,25.023794174194336,41.800048828125,0.49479659413434246,25.736980438232422,42.12998580932617,0.5315106580166821,25.15799331665039,40.4000244140625,0.5041589648798521,25.317380905151367,41.300048828125,0.5077399380804953,26.357099533081055,43.300048828125,0.5489857574449719,43.300048828125,42.715017318725586,9.0,1.0
2025-03-02 00:55:00,sample_data/synthetic_test/phase_02/synthetic_20250302_005500.tif,synthetic_test,203,ok,27.33505630493164,27.35003662109375,43.699951171875,50.5,66.199951171875,0.5905213775455805,26.47493553161621,42.199951171875,0.5576619273301737,26.538240432739258,42.699951171875,0.5624683864441072,26.834815979003906,43.079978942871094,0.5647921760391198,26.930742263793945,43.5999755859375,0.5767350928641252,27.562772750854492,44.199951171875,0.6035950804162725,27.757413864135742,44.0,0.6088971269694161,27.141220092773438,43.699951171875,0.5854898336414048,27.876161575317383,44.4000244140625,0.6090225563909775,28.502113342285156,45.0999755859375,0.6374622356495468,45.0999755859375,44.75,9.0,1.0
2025-03-02 01:00:00,sample_data/synthetic_test/phase_02/synthetic_20250302_010000.tif,synthetic_test,204,ok,28.372148513793945,28.300048828125,44.699951171875,51.5999755859375,72.5,0.6293314852329672,27.533174514770508,42.3100471496582,0.592943654555029,27.75159454345703,43.219970703125,0.6105209914011128,28.132665634155273,44.13996505737305,0.6132029339853301,28.018720626831055,43.975006103515625,0.6202346041055719,28.25198745727539,44.4000244140625,0.6281929990539262,28.34791374206543,44.81504440307617,0.6367006487488415,28.12430763244629,44.4000244140625,0.6317005545286506,29.032020568847656,45.699951171875,0.6444051304732419,29.980751037597656,46.5,0.6784635304272767,46.5,46.0999755859375,9.0,1.0
2025-03-02 01:05:00,sample_data/synthetic_test/phase_02/synthetic_20250302_010500.tif,synthetic_test,205,ok,28.313663482666016,28.300048828125,44.699951171875,51.199951171875,65.199951171875,0.6276255464335218,27.379199981689453,43.699951171875,0.6008425487098473,28.01962661743164,43.820045471191406,0.6241780475467881,27.583423614501953,43.300048828125,0.6039119804400978,28.173166275024414,43.875030517578125,0.6192570869990225,28.347349166870117,45.33504104614258,0.6296121097445601,28.908016204833984,44.91501998901367,0.6501390176088971,28.16497230529785,44.58498001098633,0.6293900184842883,28.601680755615234,45.0999755859375,0.6324635117204777,29.392536163330078,46.920021057128906,0.649546827794562,46.920021057128906,46.12753105163574,9.0,1.0
2025-03-02 01:10:00,sample_data/synthetic_test/phase_02/synthetic_20250302_011000.tif,synthetic_test,206,ok,27.099008560180664,27.0999755859375,43.4000244140625,50.199951171875,68.300048828125,0.5814585776735259,26.35165786743164,41.3100471496582,0.5534491837809373,26.368234634399414,42.0999755859375,0.56398583712696,26.41745948791504,42.0999755859375,0.5613691931540342,26.76788902282715,43.074981689453125,0.5674486803519062,27.22545051574707,43.0999755859375,0.5837275307473982,27.338045120239258,44.41501998901367,0.5792400370713624,27.237199783325195,42.800048828125,0.5910351201478743,27.756126403808594,44.5999755859375,0.6099071207430341,27.9879150390625,45.019996643066406,0.6102719033232629,45.019996643066406,44.80998611450195,9.0,1.0
2025-03-02 01:15:00,sample_data/synthetic_test/phase_02/synthetic_20250302_011500.tif,synthetic_test,207,ok,24.903417587280273,24.699951171875,41.300048828125,48.0999755859375,66.199951171875,0.487898496641433,24.0855712890625,40.2099609375,0.4570826750921538,24.178857803344727,39.719970703125,0.45624683864441073,24.39339828491211,40.199951171875,0.4684596577017115,24.36500358581543,40.5,0.47653958944281527,25.222139358520508,41.300048828125,0.5023651844843898,25.406997680664062,42.0999755859375,0.5069508804448564,24.892560958862305,41.4000244140625,0.49353049907578556,25.1434326171875,41.9000244140625,0.48606811145510836,26.116788864135742,43.4000244140625,0.5347432024169184,43.4000244140625,42.75,9.0,1.0
2025-03-02 01:20:00,sample_data/synthetic_test/phase_02/synthetic_20250302_012000.tif,synthetic_test,208,ok,21.622438430786133,21.5,37.5999755859375,44.4000244140625,57.5,0.3657639407186267,20.934175491333008,36.5,0.3486045286993154,21.619020462036133,37.800048828125,0.35710672736469395,21.320632934570312,37.079978942871094,0.35599022004889974,21.287830352783203,36.975006103515625,0.34701857282502446,21.626253128051758,37.7349853515625,0.35714285714285715,21.607694625854492,37.9000244140625,0.36561631139944395,21.701847076416016,37.2850341796875,0.36968576709796674,21.999467849731445,37.300048828125,0.38876603272888105,22.334484100341797,39.5,0.3949072075960294,39.5,38.70001220703125,9.0,1.0
2025-03-02 01:25:00,sample_data/synthetic_test/phase_02/synthetic_20250302_012500.tif,synthetic_test,209,ok,17.76288604736328,17.4000244140625,33.800048828125,40.5,65.0,0.22118562746561468,17.072195053100586,32.800048828125,0.19010005265929436,17.88416862487793,33.5,0.22964087000505817,17.504596710205078,32.4000244140625,0.20342298288508556,17.264320373535156,33.0999755859375,0.21700879765395895,17.853546142578125,34.03499221801758,0.21570482497634816,17.805885314941406,34.199951171875,0.21733086190917517,17.77264404296875,33.800048828125,0.22273567467652494,18.365415573120117,34.800048828125,0.23971693940734187,18.214157104492188,35.199951171875,0.24428139835994822,35.199951171875,35.0,9.0,1.0
2025-03-02 01:30:00,sample_data/synthetic_test/phase_02/synthetic_20250302_013000.tif,synthetic_test,210,ok,13.904583930969238,13.0999755859375,29.5,36.44301223754883,48.5999755859375,0.1192024736112592,13.537230491638184,28.699951171875,0.10163243812532911,13.539352416992188,29.119970321655273,0.11229135053110774,13.803814888000488,28.5999755859375,0.11051344743276284,13.603959083557129,28.5,0.10263929618768329,13.961304664611816,29.699951171875,0.12346263008514664,14.015199661254883,30.614971160888672,0.1329935125115848,13.891775131225586,28.5,0.11275415896487985,14.181424140930176,29.9000244140625,0.13268465280849182,14.436685562133789,30.199951171875,0.13638325420802763,30.614971160888672,30.407461166381836,9.0,1.0
2025-03-02 01:35:00,sample_data/synthetic_test/phase_02/synthetic_20250302_013500.tif,synthetic_test,211,ok,10.413130760192871,9.0999755859375,24.5,31.5999755859375,50.9000244140625,0.04472758289796354,10.192891120910645,24.109973907470703,0.03949447077409163,9.939807891845703,23.699951171875,0.03743045017703591,10.124499320983887,23.740039825439453,0.038141809290953545,10.23812198638916,24.5999755859375,0.045454545454545456,10.445600509643555,24.5,0.04541154210028382,10.495366096496582,24.614971160888672,0.04772937905468026,10.604482650756836,24.184955596923828,0.04390018484288355,10.659619331359863,25.199951171875,0.05174701459531181,10.800992012023926,25.199951171875,0.050927924039706515,25.199951171875,25.199951171875,2.0,0.2222222222222222
2025-03-02 01:40:00,sample_data/synthetic_test/phase_02/synthetic_20250302_014000.tif,synthetic_test,212,ok,8.38095760345459,7.0,20.5999755859375,27.0999755859375,42.800048828125,0.0170593879944557,8.148183822631836,19.7099609375,0.014218009478672985,8.276680946350098,20.320043563842773,0.01163378856853819,8.176234245300293,20.300048828125,0.0117359413202934,8.41031265258789,21.074981689453125,0.01710654936461388,8.237797737121582,20.699951171875,0.01892147587511826,8.507369041442871,20.7149658203125,0.019462465245597776,8.40106201171875,20.4000244140625,0.019870609981515713,8.374436378479004,20.0999755859375,0.01680672268907563,8.785195350646973,21.9000244140625,0.022442813983599482,21.9000244140625,21.487503051757812,0.0,0.0
2025-03-02 01:45:00,sample_data/synthetic_test/phase_02/synthetic_20250302_014500.tif,synthetic_test,213,ok,7.880732536315918,6.5999755859375,19.300048828125,25.199951171875,39.800048828125,0.010448875146604116,7.812531471252441,18.810047149658203,0.007898894154818325,7.630652904510498,19.5,0.010622154779969651,7.407774925231934,18.679956436157227,0.007823960880195598,7.73817253112793,18.674957275390625,0.009775171065493646,7.829564571380615,19.335041046142578,0.011825922421948912,8.116960525512695,19.315044403076172,0.010658016682113068,7.786690711975098,19.0,0.00831792975970425,8.17531967163086,19.300048828125,0.011057054400707651,8.308241844177246,21.119970321655273,0.015105740181268883,21.119970321655273,20.309985160827637,0.0,0.0
2025-03-02 01:50:00,sample_data/synthetic_test/phase_02/synthetic_20250302_015000.tif,synthetic_test,214,ok,8.74096393585205,7.5,21.0999755859375,27.742992401123047,41.0999755859375,0.02057788676831219,8.466771125793457,19.910022735595703,0.014218009478672985,8.584219932556152,21.219970703125,0.024785027819929185,8.707871437072754,21.079980850219727,0.018581907090464547,8.701562881469727,21.0,0.020527859237536656,8.88973617553711,21.699951171875,0.02554399243140965,8.907090187072754,21.0,0.017608897126969416,8.574307441711426,20.9000244140625,0.018484288354898338,8.741971969604492,21.0,0.021229544449358692,9.061674118041992,21.5999755859375,0.024600776866637895,21.699951171875,21.64996337890625,0.0,0.0
2025-03-02 01:55:00,sample_data/synthetic_test/phase_02/synthetic_20250302_015500.tif,synthetic_test,215,ok,10.053252220153809,8.699951171875,23.9000244140625,30.300048828125,43.9000244140625,0.038596865337456016,9.534440040588379,23.310047149658203,0.0315955766192733,9.86697006225586,23.800048828125,0.032878098128477494,9.997505187988281,23.179956436157227,0.033251833740831294,10.015639305114746,23.699951171875,0.0386119257086999,9.889971733093262,23.4000244140625,0.036896877956480605,10.146014213562012,24.7149658203125,0.047265987025023166,10.179759979248047,23.4000244140625,0.03650646950092421,10.319637298583984,24.300048828125,0.04157452454666077,10.411394119262695,24.699951171875,0.0466119982736297,24.7149658203125,24.70745849609375,0.0,0.0
2025-03-02 02:00:00,sample_data/synthetic_test/phase_02/synthetic_20250302_020000.tif,synthetic_test,216,ok,11.174283027648926,9.800048828125,25.9000244140625,32.5999755859375,51.9000244140625,0.06056082738031773,11.170088768005371,26.009998321533203,0.06003159557661927,11.037532806396484,25.5999755859375,0.0556398583712696,10.697750091552734,24.880029678344727,0.04792176039119805,11.101905822753906,25.475006103515625,0.056695992179863146,11.258468627929688,26.0,0.061021759697256386,11.243420600891113,26.2149658203125,0.06348470806302131,11.0955171585083,25.5999755859375,0.06007393715341959,11.356170654296875,26.699951171875,0.06988058381247236,11.625162124633789,26.699951171875,0.07078118256365991,26.699951171875,26.699951171875,8.0,0.8888888888888888
2025-03-02 02:05:00,sample_data/synthetic_test/phase_02/synthetic_20250302_020500.tif,synthetic_test,217,ok,11.49374771118164,10.4000244140625,26.114971160888672,33.0999755859375,51.5999755859375,0.061946902654867256,10.896419525146484,25.109973907470703,0.051606108478146395,11.356904983520508,25.5999755859375,0.0556398583712696,11.351000785827637,26.0999755859375,0.061124694376528114,11.408064842224121,25.800048828125,0.05865102639296188,11.340350151062012,25.9000244140625,0.059602649006622516,11.650508880615234,26.5999755859375,0.06950880444856349,11.487431526184082,26.569982528686523,0.06146025878003697,11.771472930908203,26.4000244140625,0.06722689075630252,11.91933536529541,26.300048828125,0.06430729391454466,26.5999755859375,26.58497905731201,9.0,1.0
2025-03-02 02:10:00,sample_data/synthetic_test/phase_02/synthetic_20250302_021000.tif,synthetic_test,218,ok,11.18301010131836,10.0,25.815044403076172,32.5,50.5,0.057362192131357286,11.014166831970215,25.0999755859375,0.05055292259083728,10.95493221282959,24.699951171875,0.04704097116843703,10.941222190856934,25.679956436157227,0.05427872860635697,10.614662170410156,25.0999755859375,0.05180840664711633,11.470956802368164,26.4000244140625,0.06717123935666983,11.381464004516602,25.915019989013672,0.056997219647822055,11.425737380981445,26.485004425048828,0.06469500924214418,11.33202075958252,25.9000244140625,0.05661211853162318,11.50707721710205,26.639989852905273,0.06473888649115235,26.639989852905273,26.56249713897705,8.0,0.8888888888888888
2025-03-02 02:15:00,sample_data/synthetic_test/phase_02/synthetic_20250302_021500.tif,synthetic_test,219,ok,10.090265274047852,8.699951171875,23.699951171875,30.9000244140625,43.300048828125,0.038436933575008,9.894469261169434,22.699951171875,0.032122169562927856,9.874153137207031,22.699951171875,0.03388973191704603,10.043862342834473,23.699951171875,0.038141809290953545,10.013293266296387,23.699951171875,0.039100684261974585,10.053169250488281,23.7349853515625,0.038315988647114475,10.225996017456055,24.114971160888672,0.04170528266913809,10.08516788482666,23.584980010986328,0.038817005545286505,10.367049217224121,24.199951171875,0.043343653250773995,10.331290245056152,24.300048828125,0.041432887354337505,24.300048828125,24.25,0.0,0.0
2025-03-02 02:20:00,sample_data/synthetic_test/phase_02/synthetic_20250302_022000.tif,synthetic_test,220,ok,8.825204849243164,7.4000244140625,21.699951171875,28.199951171875,49.300048828125,0.022443757330205778,8.492205619812012,20.509998321533203,0.021063717746182202,8.6326265335083,21.0999755859375,0.02276176024279211,8.921464920043945,22.179956436157227,0.023960880195599023,8.722824096679688,21.0999755859375,0.01270772238514174,8.790019035339355,21.199951171875,0.02034058656575213,8.941705703735352,21.800048828125,0.020852641334569044,8.80859661102295,22.0999755859375,0.024029574861367836,9.010261535644531,22.300048828125,0.026094648385670056,9.01476001739502,22.519994735717773,0.0293482952093224,22.519994735717773,22.410021781921387,0.0,0.0
2025-03-02 02:25:00,sample_data/synthetic_test/phase_02/synthetic_20250302_022500.tif,synthetic_test,221,ok,7.948705196380615,6.699951171875,19.5,25.64296531677246,38.4000244140625,0.011888261008636315,7.6526594161987305,18.5999755859375,0.007898894154818325,7.774658679962158,18.699951171875,0.007587253414264037,7.8238139152526855,19.679956436157227,0.014180929095354523,7.894819736480713,19.2750244140625,0.010752688172043012,7.872847080230713,19.7349853515625,0.011825922421948912,8.032808303833008,19.5,0.012974976830398516,8.012939453125,20.0999755859375,0.015249537892791128,8.092260360717773,19.800048828125,0.011941618752764263,8.267932891845703,20.820043563842773,0.015105740181268883,20.820043563842773,20.460009574890137,0.0,0.0
2025-03-02 02:30:00,sample_data/synthetic_test/phase_02/synthetic_20250302_023000.tif,synthetic_test,222,ok,8.250341415405273,7.0,20.300048828125,26.84303855895996,42.5,0.015833244482354195,7.882095813751221,19.699951171875,0.012111637704054766,8.057409286499023,20.300048828125,0.01568032372281234,8.371882438659668,19.9000244140625,0.012713936430317848,7.974975109100342,19.699951171875,0.010263929618768328,8.273366928100586,20.2349853515625,0.019867549668874173,8.417191505432129,20.699951171875,0.019462465245597776,8.103372573852539,19.885028839111328,0.012476894639556377,8.324104309082031,20.699951171875,0.01813356921716055,8.663487434387207,21.0,0.01985325852395339,21.0,20.8499755859375,0.0,0.0
2025-03-02 02:35:00,sample_data/synthetic_test/phase_02/synthetic_20250302_023500.tif,synthetic_test,223,ok,10.280035018920898,8.95001220703125,24.4000244140625,31.0999755859375,46.0,0.04350143938586203,9.582358360290527,22.9000244140625,0.028962611901000527,9.999646186828613,23.920019149780273,0.0409711684370258,10.055159568786621,23.679956436157227,0.03960880195599022,10.14041805267334,24.0999755859375,0.04105571847507331,10.383681297302246,23.7349853515625,0.0402081362346263,10.388601303100586,24.315044403076172,0.04402224281742354,10.449444770812988,24.985004425048828,0.04944547134935305,10.669703483581543,25.0999755859375,0.0508624502432552,10.620413780212402,25.199951171875,0.05179110919292188,25.199951171875,25.14996337890625,2.0,0.2222222222222222
2025-03-02 02:40:00,sample_data/synthetic_test/phase_02/synthetic_20250302_024000.tif,synthetic_test,224,ok,13.576430320739746,12.699951171875,28.9000244140625,35.34303665161133,51.5,0.10352916089135303,13.260926246643066,27.420019149780273,0.08583464981569247,13.249468803405762,28.4000244140625,0.09357612544258978,13.372421264648438,28.480005264282227,0.09877750611246944,13.169794082641602,28.5999755859375,0.093841642228739,13.448200225830078,28.534992218017578,0.09602649006622517,14.197961807250977,30.0999755859375,0.12326227988878591,13.807440757751465,29.084980010986328,0.11182994454713494,13.514860153198242,29.0,0.10526315789473684,13.98636245727539,30.320043563842773,0.11825636599050496,30.320043563842773,30.210009574890137,9.0,1.0
2025-03-02 02:45:00,sample_data/synthetic_test/phase_02/synthetic_20250302_024500.tif,synthetic_test,225,ok,17.686321258544922,17.4000244140625,33.5,40.5,55.0,0.21670753811707005,17.073986053466797,32.3100471496582,0.1911532385466035,17.047344207763672,33.019996643066406,0.18816388467374812,17.7230281829834,33.079978942871094,0.21858190709046454,17.3059139251709,32.95001220703125,0.20674486803519063,17.609790802001953,33.4000244140625,0.22043519394512773,17.890039443969727,34.01499557495117,0.21686746987951808,17.687108993530273,34.0,0.21857670979667282,18.12445831298828,34.199951171875,0.23131357806280406,18.505266189575195,34.519996643066406,0.24902891670263272,34.519996643066406,34.3599739074707,9.0,1.0
2025-03-02 02:50:00,sample_data/synthetic_test/phase_02/synthetic_20250302_025000.tif,synthetic_test,226,ok,21.427581787109375,21.300048828125,37.800048828125,44.4000244140625,58.5,0.35248960443544086,20.783935546875,36.6099739074707,0.3228014744602422,20.597166061401367,36.219970703125,0.3232169954476479,21.05682373046875,37.280029296875,0.3330073349633252,20.926294326782227,36.800048828125,0.3289345063538612,21.520200729370117,37.5,0.36045411542100286,21.70935821533203,38.7149658203125,0.36932344763670066,21.824304580688477,37.5999755859375,0.3632162661737523,21.930118560791016,38.5,0.3772666961521451,22.239620208740234,39.5,0.385843763487268,39.5,39.10748291015625,9.0,1.0
2025-03-02 02:55:00,sample_data/synthetic_test/phase_02/synthetic_20250302_025500.tif,synthetic_test,227,ok,24.602373123168945,24.5,40.9000244140625,48.0999755859375,62.4000244140625,0.4792088708817571,23.743127822875977,39.4100227355957,0.4439178515007899,23.83201789855957,40.320045471191406,0.4501770359129995,24.26850700378418,40.4000244140625,0.46601466992665036,24.096431732177734,39.54998779296875,0.4628543499511241,24.424457550048828,40.03499221801758,0.48013245033112584,24.926321029663086,41.31504440307617,0.4879518072289157,24.725135803222656,40.699951171875,0.4856746765249538,25.429899215698242,42.0,0.5019902697921274,25.698360443115234,42.4000244140625,0.5269745360379802,42.4000244140625,42.20001220703125,9.0,1.0
2025-03-02 03:00:00,sample_data/synthetic_test/phase_02/synthetic_20250302_030000.tif,synthetic_test,228,ok,27.13874053955078,27.0999755859375,43.5999755859375,50.5,68.800048828125,0.5796993282865978,26.77440643310547,42.8100471496582,0.5613480779357557,26.637989044189453,43.4000244140625,0.5483055134041477,26.532958984375,42.480003356933594,0.5696821515892421,26.514123916625977,42.300048828125,0.5493646138807429,27.348817825317383,43.5999755859375,0.5879848628193,27.364458084106445,43.5999755859375,0.5852641334569045,27.21839141845703,43.7850341796875,0.5817929759704251,27.736265182495117,44.0,0.6183104820875719,27.948772430419922,45.519996643066406,0.6081139404402244,45.519996643066406,44.7599983215332,9.0,1.0
2025-03-02 03:05:00,sample_data/synthetic_test/phase_02/synthetic_20250302_030500.tif,synthetic_test,229,ok,28.355037689208984,28.4000244140625,44.699951171875,51.04298782348633,65.800048828125,0.6330632263567545,27.853870391845703,43.0999755859375,0.6103212216956293,27.7829532623291,43.800048828125,0.6059686393525544,27.818435668945312,44.360008239746094,0.6166259168704157,28.217008590698242,44.475006103515625,0.6231671554252199,28.212724685668945,44.33504104614258,0.6315042573320719,28.39383888244629,45.4000244140625,0.6445783132530121,28.37929916381836,44.800048828125,0.6284658040665434,28.941530227661133,44.800048828125,0.6625386996904025,29.28774070739746,46.219970703125,0.6633577902460077,46.219970703125,45.80999755859375,9.0,1.0
2025-03-02 03:10:00,sample_data/synthetic_test/phase_02/synthetic_20250302_031000.tif,synthetic_test,230,ok,28.47863006591797,28.300048828125,44.9000244140625,52.24299240112305,66.699951171875,0.6346625439812347,27.609111785888672,43.5999755859375,0.6145339652448657,28.161659240722656,44.0,0.6256954982296409,27.960195541381836,43.980003356933594,0.6180929095354524,28.02898406982422,43.7750244140625,0.6182795698924731,28.46031379699707,45.13496780395508,0.6362346263008515,28.96061134338379,45.51499557495117,0.6450417052826691,28.290250778198242,44.5,0.6312384473197782,28.982221603393555,45.4000244140625,0.6572313135780629,29.6593017578125,46.920021057128906,0.6620630125161847,46.920021057128906,46.21750831604004,9.0,1.0
2025-03-02 03:15:00,sample_data/synthetic_test/phase_02/synthetic_20250302_031500.tif,synthetic_test,231,ok,27.450607299804688,27.4000244140625,43.699951171875,50.0999755859375,70.5,0.5939865657319544,26.219905853271484,41.5999755859375,0.5513428120063191,27.02847671508789,43.699951171875,0.5655032878098128,26.77560043334961,43.380027770996094,0.5687041564792176,26.915056228637695,43.95001220703125,0.5762463343108505,27.628477096557617,43.9000244140625,0.6040681173131505,27.819046020507812,43.699951171875,0.6093605189990732,27.23387336730957,43.7850341796875,0.5767097966728281,28.322467803955078,44.4000244140625,0.6346749226006192,28.713726043701172,44.9000244140625,0.6443677168752697,44.9000244140625,44.6500244140625,9.0,1.0
2025-03-02 03:20:00,sample_data/synthetic_test/phase_02/synthetic_20250302_032000.tif,synthetic_test,232,ok,25.290233612060547,25.199951171875,41.5999755859375,48.699951171875,66.5999755859375,0.5061840281479902,24.343759536743164,40.199951171875,0.4649815692469721,24.632877349853516,40.5999755859375,0.47698533131006576,24.81134605407715,40.5,0.4899755501222494,24.96133804321289,41.174957275390625,0.4951124144672532,25.59186363220215,41.83504104614258,0.5255439924314097,25.535913467407227,42.2149658203125,0.5074142724745134,24.8869686126709,40.699951171875,0.49306839186691315,25.90928840637207,42.5999755859375,0.5294117647058824,26.360767364501953,43.5,0.5476909797151489,43.5,43.04998779296875,9.0,1.0
2025-03-02 03:25:00,sample_data/synthetic_test/phase_02/synthetic_20250302_032500.tif,synthetic_test,233,ok,22.091609954833984,22.0,38.300048828125,44.5,62.699951171875,0.38149056402601556,21.623645782470703,37.2099609375,0.36282253817798843,21.62265968322754,36.5999755859375,0.3621648963075367,21.892175674438477,37.679954528808594,0.3584352078239609,21.79623794555664,37.2750244140625,0.37194525904203324,22.05950927734375,38.5999755859375,0.3841059602649007,22.36654281616211,38.0,0.3980537534754402,21.82832908630371,38.48500442504883,0.36968576709796674,22.386999130249023,39.0999755859375,0.39893852277753206,22.947002410888672,39.699951171875,0.4169184290030212,39.699951171875,39.39996337890625,9.0,1.0
2025-03-02 03:30:00,sample_data/synthetic_test/phase_02/synthetic_20250302_033000.tif,synthetic_test,234,ok,18.285472869873047,18.0,34.0999755859375,41.199951171875,57.9000244140625,0.23680562959803816,17.85555648803711,32.800048828125,0.21800947867298578,18.079666137695312,33.699951171875,0.22508851795649976,18.206111907958984,33.300048828125,0.23422982885085575,18.10312843322754,33.9000244140625,0.229227761485826,18.039215087890625,33.83504104614258,0.2346263008514664,18.455930709838867,34.41501998901367,0.2511584800741427,18.165157318115234,34.08498001098633,0.22735674676524953,18.698318481445312,34.9000244140625,0.25210084033613445,18.93478775024414,35.420021057128906,0.25550280535174796,35.420021057128906,35.1600227355957,9.0,1.0
2025-03-02 03:35:00,sample_data/synthetic_test/phase_02/synthetic_20250302_033500.tif,synthetic_test,235,ok,14.351828575134277,13.5999755859375,30.0,36.4000244140625,58.699951171875,0.12357394178483846,13.814587593078613,28.800048828125,0.10953133228014744,14.116388320922852,29.300048828125,0.1178553363682347,14.243471145629883,29.300048828125,0.11051344743276284,14.043058395385742,30.45001220703125,0.11632453567937438,14.46243953704834,30.134967803955078,0.12630085146641437,14.746569633483887,30.5,0.1334569045412419,14.316496849060059,30.0999755859375,0.11876155268022182,14.635870933532715,30.699951171875,0.13312693498452013,14.668624877929688,30.619970321655273,0.14544669831678894,30.699951171875,30.659960746765137,9.0,1.0
2025-03-02 03:40:00,sample_data/synthetic_test/phase_02/synthetic_20250302_034000.tif,synthetic_test,236,ok,10.887914657592773,9.699951171875,25.0999755859375,32.14296340942383,52.9000244140625,0.05080498987098838,10.409847259521484,24.0,0.04107424960505529,10.498583793640137,24.320043563842773,0.041476985331310064,10.817994117736816,24.5999755859375,0.04352078239608802,10.706794738769531,24.800048828125,0.047898338220918865,11.028477668762207,24.7349853515625,0.04777672658467361,11.057692527770996,25.0999755859375,0.05143651529193698,11.13012981414795,25.385028839111328,0.05314232902033272,11.047456741333008,26.0999755859375,0.06678460858027421,11.202675819396973,26.0,0.059991368148467845,26.0999755859375,26.04998779296875,4.0,0.4444444444444444
2025-03-02 03:45:00,sample_data/synthetic_test/phase_02/synthetic_20250302_034500.tif,synthetic_test,237,ok,8.506178855895996,7.199951171875,20.9000244140625,27.34303855895996,40.800048828125,0.018338842094039878,8.567667007446289,20.410022735595703,0.01474460242232754,8.334446907043457,20.519994735717773,0.020232675771370764,8.308117866516113,20.4000244140625,0.01613691931540342,8.382356643676758,20.800048828125,0.018084066471163247,8.529139518737793,21.335041046142578,0.020813623462630087,8.65662670135498,21.0,0.017608897126969416,8.480081558227539,21.0,0.019408502772643253,8.698541641235352,21.300048828125,0.021229544449358692,8.673759460449219,20.820043563842773,0.015968925334484248,21.335041046142578,21.31754493713379,0.0,0.0
2025-03-02 03:50:00,sample_data/synthetic_test/phase_02/synthetic_20250302_035000.tif,synthetic_test,238,ok,7.923648357391357,6.5999755859375,19.5999755859375,26.0,39.800048828125,0.013327646870668515,7.712743759155273,18.800048828125,0.00631911532385466,7.7261505126953125,18.4000244140625,0.009104704097116844,7.846260070800781,19.5999755859375,0.013202933985330073,7.694085597991943,18.699951171875,0.009286412512218964,7.983254432678223,19.870031356811523,0.015610217596972564,7.985263824462891,19.9000244140625,0.015291936978683966,7.953790187835693,19.699951171875,0.012476894639556377,8.113445281982422,20.0,0.013710747456877488,8.114803314208984,20.199951171875,0.022874406560207165,20.199951171875,20.0999755859375,0.0,0.0
2025-03-02 03:55:00,sample_data/synthetic_test/phase_02/synthetic_20250302_035500.tif,synthetic_test,239,ok,8.59621524810791,7.300048828125,20.9000244140625,27.5999755859375,43.300048828125,0.019351743256210682,8.640969276428223,21.0999755859375,0.020537124802527645,8.423065185546875,20.320043563842773,0.018209408194233688,8.436919212341309,20.980005264282227,0.018092909535452322,8.440224647521973,20.0,0.016129032258064516,8.401182174682617,20.4000244140625,0.015610217596972564,8.564827919006348,20.9000244140625,0.020852641334569044,8.402172088623047,21.184955596923828,0.018484288354898338,8.775320053100586,21.0999755859375,0.019460415745245468,9.217998504638672,22.0,0.02589555459646094,22.0,21.592477798461914,0.0,0.0
